id	P_sum_CAM	P_sum_Estr	rel_diff_P	T_mean_CAM	T_mean_Estr	T_diff	Epot_sum_CAM	Epot_sum_Estr	rel_diff_Epot
CH000010	1526.154	1595.649	4.55360337161256	2.16710882956879	2.09177549623546	-0.0753333333333335	496.2075	497.815	0.323957215479403
CH000011	1189.5105	1082.9845	-8.95544848069856	9.08529911019849	8.71093360711841	-0.374365503080083	669.3585	812.8305	21.4342538415513
CH000013	1392.2	1212.5375	-12.9049346358282	8.15292950034223	8.56917316906229	0.416243668720055	577.401	730.2905	26.4789115363499
CH000015	1669.1515	1594.767	-4.45642591460391	1.84671868583162	1.88778097193703	0.0410622861054071	502.1665	487.4975	-2.92114268872972
CH000019	1548.184	1225.8155	-20.822363491678	6.80770978781656	6.98904722792608	0.181337440109514	596.153	721.778	21.072610554673
CH000020	1353.7785	981.148	-27.525219228995	1.46820944558522	1.91321149897331	0.44500205338809	495.7735	568.146	14.5978960150149
CH000024	1639.891	1597.0515	-2.61233825906722	3.54629021218344	3.21662696783025	-0.329663244353183	648.3305	542.506	-16.3226163199171
CH000025	1694.43	1596.8455	-5.75913434016158	0.465043121149897	0.965775496235455	0.500732375085558	430.1495	443.825440114772	3.1793458122751
CH000031	1235.0015	1131.2065	-8.40444323346975	8.39592060232717	8.73008076659822	0.334160164271047	738.387	746.8145	1.14133916225504
CH000032	1770.368	1508.484	-14.7926306846938	2.03436550308008	1.73360164271047	-0.30076386036961	463.2695	495.9115	7.04600669804509
CH000034	1878.7625	1688.4405	-10.1301787745923	6.11771526351814	6.63649965776865	0.518784394250513	517.3385	654.1325	26.4418750972525
CH000039	1396.2235	1246.8205	-10.7005074760595	7.35684188911704	7.68311156741958	0.326269678302532	716.3735	707.681	-1.21340334336765
CH000041	1281.2615	1067.165	-16.7098207508772	8.61288021902806	9.07147433264887	0.458594113620807	626.771	749.115	19.5197288961997
CH000043	1333.658	1069.2045	-19.8291840936732	8.77612183436003	9.08676112251882	0.310639288158795	707.059	759.1745	7.37074275272643
CH000046	1015.2245	1142.832	12.5693873621056	1.42175222450376	1.21859411362081	-0.203158110882957	507.047	532.727	5.06461925620309
CH000048	1289.674	1280.97	-0.674899238102028	3.25668856947296	3.17438603696099	-0.0823025325119784	546.9175	588.0815	7.52654650838563
CH000049	1522.903	1201.0125	-21.1366383807767	4.37511978097194	4.76154277891855	0.386422997946612	502.5745	636.7585	26.6993251746756
CH000051	1370.774	1157.37	-15.5681388762845	7.66384394250513	7.95524982888433	0.291405886379192	617.7215	757.8625	22.6867609432406
CH000053	1243.961	1052.2885	-15.4082402904914	7.96107597535934	8.23040930869268	0.269333333333334	572.542	788.6105	37.738454122143
CH000054	1483.1825	1320.378	-10.9767004397638	4.9625954825462	5.10815742642026	0.145561943874059	553.124	655.557	18.5189939326444
CH000057	1506.114	1480.626	-1.69230217632929	5.54991649555099	5.89244900752909	0.342532511978097	658.9255	687.264	4.30071381362536
CH000060	1400.3795	1141.466	-18.4888096405296	7.07188774811773	7.09581382614648	0.0239260780287474	597.244	739.652	23.8441909839195
CH000061	1580.7305	1366.761	-13.5361151062752	7.51885557837098	7.95141546885695	0.432559890485968	550.28	695.9975	26.4806098713382
CH000062	1182.634	1264.619	6.93240681394245	3.3388076659822	3.02762354551677	-0.311184120465435	569.0795	581.167	2.12404418011894
CH000063	1535.4215	1492.2625	-2.81088938770233	7.64668446269678	7.61697467488022	-0.0297097878165635	603.0935	698.3945	15.8020273804974
CH000064	1503.188	1466.2545	-2.45701136517853	10.5090636550308	8.39498288843258	-2.11408076659822	755.6235	744.414	-1.4834768902767
CH000065	1754.1175	1543.223	-12.0228262929935	1.49976865160849	1.12302943189596	-0.376739219712526	440.526	465.9795	5.77797905231474
CH000066	1092.7835	1175.4925	7.56865380928609	9.4291485284052	9.47078439425051	0.0416358658453113	746.19	789.3175	5.77969417976655
CH000067	1610.811	1340.733	-16.7665852790923	4.85351950718686	4.7729568788501	-0.0805626283367555	627.712	623.6635	-0.644961383564436
CH000074	1541.26	1349.287	-12.4555882849097	3.52330595482546	2.59901848049281	-0.924287474332649	461.92	531.6305	15.0914660547281
CH000077	1286.577	1248.274	-2.97712457163466	1.22061327857632	2.33518548939083	1.11457221081451	461.4645	523.335137541651	13.4074533450896
CH000080	1647.134	1272.2205	-22.7615664542168	5.6065311430527	5.55558110882957	-0.0509500342231348	505.0585	672.7895	33.2102122823396
CH000083	1031.069	1005.2355	-2.50550642100577	-1.20715537303217	-0.0121971252566735	1.1949582477755	369.8385	495.998240209388	34.1121165615228
CH000088	1739.3635	1551.533	-10.7988065749339	3.16186036960986	4.13602327173169	0.974162902121834	488.9625	580.4095	18.7022522177059
CH000089	1658.2975	1274.455	-23.1467815636217	6.9003627652293	7.51239561943874	0.612032854209446	737.892	728.9815	-1.2075615401712
CH000090	1674.943	1274.582	-23.9029626679833	6.71019028062971	7.51509103353867	0.804900752908966	491.1595	729.1315	48.451063249311
CH000093	1492.1735	1420.5525	-4.79977696963524	5.52618069815195	6.99245722108145	1.4662765229295	592.423	731.1015	23.4086961512298
CH000095	2116.29	1500.055	-29.1186463102883	5.35861054072553	5.24022724161533	-0.118383299110199	524.685	623.657695945946	18.8632600409667
CH000096	1749.108	1425.3545	-18.5096346251918	6.83348528405202	7.44332375085558	0.609838466803559	537.812	682.138	26.8357716079225
CH000097	899.6815	951.05	5.70963168632454	-0.533954825462012	0.828810403832991	1.362765229295	465.489	506.755506756757	8.86519482882661
CH000098	1497.1265	1387.5265	-7.3206906697597	8.10656673511294	7.9892553045859	-0.117311430527036	523.787	685.5855	30.8901328211658
CH000099	1350.8785	1332.9215	-1.32928312945984	6.84540041067762	6.96258316221766	0.117182751540041	651.9765	696.2735	6.7942632901646
CH000100	1413.9885	1323.236	-6.41819222716449	8.25696783025325	8.96655578370979	0.709587953456538	618.0325	719.6405	16.4405593556973
CH000102	1024.472	974.8015	-4.84839995627016	9.55411362080767	9.96401642710472	0.409902806297056	597.5415	784.9675	31.3661896286701
CH000103	902.6405	941.446	4.29910911376122	-0.5522765229295	1.33507597535934	1.88735249828884	404.9305	546.99475	35.0836131138554
CH000104	1918.0615	1489.6945	-22.3333297707086	8.47188501026694	10.3192334017796	1.84734839151266	965.041	756.6255	-21.5965435665428
CH000106	1119.673	1214.8225	8.4979721758049	2.41259685147159	2.89943326488706	0.486836413415469	647.461	546.335	-15.6188558075313
CH000107	1295.328	1225.7385	-5.37234584599422	7.98139082819986	8.02556468172485	0.0441738535249838	563.7875	750.6115	33.1373079396049
CH000108	1599.2435	1531.847	-4.21427381133643	0.186006844626968	0.993493497604381	0.807486652977413	458.715	460.43	0.373870486031639
CH000110	1675.0965	1308.6085	-21.8786201272584	8.55458726899384	10.948052019165	2.39346475017111	924.454	794.454	-14.0623546439304
CH000111	1112.273	1545.061	38.9102315708464	-1.041787816564	-0.432662559890486	0.609125256673511	514.757	439.644	-14.5919336696733
CH000113	1051.47	1146.2095	9.01019525045887	0.859749486652977	1.01153867214237	0.151789185489391	454.473	514.4965	13.2072752396732
CH000115	1783.4905	1574.3915	-11.7241443113939	2.03632169746749	1.48873100616016	-0.547590691307324	486.344	462.7	-4.86157945816129
CH000118	1081.218	1079.769	-0.13401552693352	9.25300479123888	9.10656947296372	-0.146435318275154	671.163	825.824	23.0437315525439
CH000120	1861.704	1612.125	-13.4059442317361	6.28424914442163	6.01994250513347	-0.264306639288159	711.292	695.3345	-2.24345275920437
CH000121	1838.138	1639.103	-10.8280771084652	3.38486652977413	3.2378083504449	-0.147058179329226	505.9635	543.7335	7.46496535817308
CH000122	1708.9295	1426.8025	-16.5089899846658	7.17360164271047	7.58996851471595	0.416366872005476	530.9575	680.5865	28.1809749367887
CH000124	1181.639	999.6315	-15.4029699425967	8.86599452429843	9.39572758384668	0.529733059548255	622.2815	771.0125	23.9009194391927
CH000128	1602.697	1237.219	-22.8039361151858	5.98222997946612	6.38380013689254	0.40157015742642	552.082	699.177	26.6436869885271
CH000129	1276.2465	1394.692	9.28076981993683	8.50193018480493	7.4377029431896	-1.06422724161533	816.3225	712.343	-12.7375516416612
CH000130	1295.5815	1122.3055	-13.3743805387774	7.94149623545517	7.95325119780972	0.0117549623545523	613.8595	796.882	29.8150472542984
CH000131	1466.5725	1226.6365	-16.3603231343831	8.03051882272416	8.20479260780287	0.174273785078713	574.9145	707.025	22.9791560310272
CH000132	1173.784	1053.778	-10.2238572003026	9.60422587268994	9.72503216974675	0.120806297056811	674.675	794.643	17.7815985474488
CH000135	1075.417	1231.511	14.5147417234431	0.993867214236824	1.57657084188912	0.582703627652293	470.8755	524.3265	11.3514081747723
CH000136	1780.2115	1677.6885	-5.75903481131317	0.183676933607118	0.58264476386037	0.398967830253251	429.7055	423.9065	-1.34952892155211
CH000137	1649.1895	1571.454	-4.71355778095845	3.8690841889117	4.71440793976728	0.845323750855579	712.5385	584.5115	-17.9677308664725
CH000138	1545.5825	1620.631	4.85567739023959	3.48736755646817	3.08636687200548	-0.401000684462697	490.553	539.9195	10.06343860908
CH000140	1150.729	1182.6755	2.7761966544686	9.53599315537303	9.03128131416838	-0.504711841204655	719.7605	829.3905	15.2314554633104
CH000142	1225.176	1175.241	-4.07574095476894	8.31191923340178	8.96888569472964	0.656966461327858	696.311	765.5215	9.93959595640456
CH000143	1894.875	1388.364	-26.7305758955076	5.81637371663244	6.61500889801506	0.798635181382615	594.298	696.8335	17.2532130345382
CH000144	1196.8865	1124.2965	-6.06490256177174	9.42844900752909	8.72532511978097	-0.703123887748117	660.52	811.5155	22.8600950766063
CH000147	1188.5615	1202.419	1.16590517192422	8.64889253935661	8.85551813826146	0.206625598904859	584.6425	780.982	33.5828305331891
CH000149	1291.794	1270.8485	-1.62142725542927	7.40640657084189	7.51131279945243	0.104906228610541	682.936	725.3675	6.21310049550765
CH000150	1958.621	1463.8335	-25.2620338493256	8.85842162902122	9.53488432580424	0.676462696783025	965.188	698.063	-27.6759553579199
CH000152	1773.0835	1524.8575	-13.9996790901274	11.2185804243669	11.1368227241615	-0.0817577002053387	1019.1515	781.881	-23.2811804721869
CH000154	1716.517	1550.2305	-9.68743682701655	7.13315126625599	7.34718138261465	0.214030116358659	537.994	669.849	24.508637642799
CH000155	1473.2505	1300.4885	-11.7265868906883	3.28426420260096	3.43062970568104	0.146365503080082	494.97	573.1255	15.7899468654666
CH000156	1197.7425	1165.2285	-2.71460685414435	8.43059958932238	8.83279123887748	0.4021916495551	598.123	780.7375	30.5312619645123
CH000158	1710.4135	1631.7095	-4.60146040708869	2.51910335386721	3.75786858316222	1.238765229295	608.7835	558.1775	-8.31264316460614
CH000161	1294.471	1170.334	-9.58978609795043	7.93035455167693	8.33208350444901	0.401728952772074	724.232	731.618	1.0198389466359
CH000162	1448.4945	1390.814	-3.98210003558869	6.13195208761123	7.05819986310746	0.926247775496235	607.8485	735.5975	21.0165855472211
CH000163	1697.6085	1559.763	-8.11998172723569	4.17847227926078	3.73118275154004	-0.447289527720739	527.6365	570.3805	8.10103167616342
CH000164	1139.728	1071.3235	-6.00182675164602	9.41479671457906	9.5073839835729	0.0925872689938387	729.043	765.6085	5.0155477797606
CH000165	1488.601	1268.023	-14.8178054428285	7.25207802874743	7.35024229979466	0.0981642710472279	722.606	757.7165	4.85887191636936
CH000166	1713.569	1324.0345	-22.7323498499331	6.46583436002738	6.33707460643395	-0.128759753593429	560.0705	686.512	22.5759971289329
CH000167	1494.2275	1188.984	-20.4281811169986	4.65656399726215	4.9930417522245	0.336477754962354	504.5145	646.817	28.2058295648589
CH000168	1384.3045	1290.4125	-6.78261177363796	10.5492388774812	8.97344421629021	-1.57579466119096	767.731	821.6525	7.02348869591041
CH000169	1830.466	1620.6225	-11.4639386910218	3.43932375085558	2.55621629021218	-0.883107460643395	566.257	513.089777027027	-9.38923898035219
CH000170	1548.8475	1402.1425	-9.47188151189837	7.5824052019165	7.67071868583162	0.0883134839151269	774.609	770.678	-0.507481839224698
CH000171	1712.832	1562.976	-8.74901916825467	3.73995893223819	3.11635044490075	-0.62360848733744	614.9395	532.953	-13.3324497775798
CH000172	1274.7035	1215.8235	-4.61911338597565	8.14545242984257	8.51013004791239	0.364677618069816	589.369	767.932	30.297317979059
CH000173	1299.7575	1580.895	21.6299963647065	1.97124845995893	2.32398220396988	0.352733744010951	477.554	517.629	8.39172114567149
CH000174	1186.109	1066.069	-10.1204863971186	8.57180561259411	8.8262135523614	0.254407939767283	637.8165	801.005	25.5854936333569
CH000176	1635.674	1260.067	-22.9634389248713	6.90232991101985	6.86098699520876	-0.0413429158110885	619.295	712.608	15.0676172098919
CH000177	1797.6255	1312.0055	-27.0145255505109	6.79016700889802	7.75094592744695	0.960778918548939	582.1065	710.588	22.0718201909788
CH000181	1199.6745	1244.511	3.73738876670296	9.20047364818617	8.93337987679671	-0.26709377138946	532.032	777.008	46.0453506555997
CH000182	1945.813	1399.794	-28.061226849651	6.14626420260096	6.57747433264887	0.431210130047912	576.5995	670.6605	16.3130561160736
CH000183	1297.628	1156.645	-10.8646699978731	8.04310061601643	8.64073100616016	0.597630390143738	707.532	738.9045	4.43407506656944
CH000187	829.331	932.8275	12.4795166224342	0.947290896646133	1.32837371663244	0.381082819986311	481.792	528.8935	9.77631426009564
CH000193	1628.6165	1312.1505	-19.4315850293792	7.00685420944559	6.926765229295	-0.080088980150582	574.646	707.282	23.0813405122458
CH000194	1963.5895	1451.482	-26.0801710337115	5.70334565366188	5.82477481177276	0.121429158110883	635.664	644.8235	1.44093420423368
CH000208	1618.8005	1572.244	-2.87598749815062	9.1416167008898	8.81813004791239	-0.323486652977413	645.996	780.7675	20.8625904804364
CH000230	1662.952	1527.274	-8.15886447714667	8.09478302532512	8.11393839835729	0.0191553730321701	782.601	723.8995	-7.5008209802952
CH000231	1728.737	1711.7335	-0.983579341449858	7.73768788501027	7.26117316906229	-0.476514715947981	713.105	683.7185	-4.12092188387404
CH000232	1351.9065	1279.3395	-5.36775287344206	7.10733880903491	6.71791375770021	-0.389425051334703	633.1525	681.131	7.57771626898736
CH000233	1072.6515	1096.434	2.2171693229348	8.80436002737851	7.55116769336071	-1.2531923340178	675.722	757.068	12.0383826484856
CH000234	1177.84	1154.2855	-1.99980472729742	7.60317590691307	7.45570431211499	-0.147471594798083	681.826	758.1675	11.1966249453673
CH000235	1177.5055	1213.957	3.095654330277	7.51501848049281	6.96934565366188	-0.545672826830938	658.3405	713.7855	8.4219336346465
CH000236	848.8245	827.2915	-2.5368023660957	8.85366872005476	8.50838056125941	-0.345288158795345	710.207	805.2265	13.3791274938152
CH000237	842.784	821.819	-2.4875887534647	9.10751403148528	8.71063107460643	-0.39688295687885	711.358	811.893	14.1328276339059
CH000238	857.31	822.547	-4.05489262927064	9.09032443531827	8.66508829568789	-0.425236139630389	666.1435	797.3625	19.6983082473971
CH000240	927.808	886.947	-4.4040361798993	9.20116495550992	8.96976043805613	-0.231404517453798	655.7635	791.3435	20.6751366918104
CH000241	977.8195	924.684	-5.43408062530968	8.96535249828884	8.87152224503765	-0.0938302532511965	651.698	780.918	19.8282026337353
CH000242	970.8685	946.3305	-2.52742776184415	8.77380013689254	8.65459274469541	-0.119207392197126	624.623	777.651	24.4992579523969
CH000243	981.981	966.7155	-1.55456164630476	9.14202327173169	9.02800958247776	-0.114013689253936	632.73	789.16	24.7230256191425
CH000245	1505.0985	1531.9255	1.78240826098755	8.49477891854894	8.11901984941821	-0.375759069130732	612.6045	771.2945	25.9041518630699
CH000249	1551.177	1597.603	2.99295309303838	8.08967556468173	7.64512525667351	-0.444550308008214	620.409	760.623	22.6002524141332
CH000250	1668.987	1709.729	2.44112147068852	8.27901163586585	7.9832772073922	-0.295734428473649	592.511	764.5435	29.0344820602487
CH000251	1451.0755	1507.1575	3.86485747984857	8.69282409308693	8.28836413415469	-0.404459958932238	607.3315	780.977	28.5915517308093
CH000252	1774.3885	1812.5735	2.15200898788513	7.9994264202601	7.74736755646817	-0.252058863791923	584.2305	753.7635	29.0181700544562
CH000254	1725.921	1789.1705	3.66468106014124	7.60435044490075	7.25518275154004	-0.349167693360712	622.083	745.174	19.7869094638497
CH000255	1784.651	1818.2855	1.88465419849596	7.3397015742642	7.08575633127995	-0.253945242984257	599.5355	738.236	23.1346600826807
CH000256	1518.07	1310.9025	-13.6467685943336	10.5538562628337	8.85932101300479	-1.69453524982888	735.921	815.025	10.7489798497393
CH000258	1307.9135	1207.6505	-7.66587392820704	10.3330171115674	9.82567008898015	-0.50734702258727	772.9285	864.6025	11.8606054764445
CH000260	1585.86	1506.066	-5.03159169157429	7.69421765913758	7.08400684462697	-0.610210814510609	683.4605	790.8325	15.7100520073947
CH000264	1695.9215	1550.8665	-8.55316711298252	6.16112936344969	6.21924024640657	0.0581108829568784	659.373	740.828	12.3534023989457
CH000267	1658.017	1535.013	-7.41874178612161	6.16112936344969	6.38741546885695	0.226286105407254	665.152	750.718	12.8641272972193
CH000269	1625.023	1519.9245	-6.46750845988025	6.19702532511978	6.5467665982204	0.349741273100616	647.963	750.721	15.8586215570951
CH000270	1191.5115	1238.9485	3.98124566989071	10.1998945927447	9.06887063655031	-1.13102395619439	878.8475	812.982	-7.494531189996
CH000272	1743.5125	1681.089	-3.58032993741084	4.25818754277892	5.39242984257358	1.13424229979466	537.552	632.3415	17.6335498705241
CH000274	1623.988	1479.8255	-8.87706682561693	5.75320328542094	7.21573579739904	1.4625325119781	568.1615	771.5455	35.7968640958601
CH000275	1602.1495	1451.6825	-9.39157051199029	7.37603285420945	7.43430116358658	0.058268309377139	754.1955	756.9515	0.365422493239481
CH000281	1730.428	1578.6505	-8.77109593695894	4.11326214921287	5.96934154688569	1.85607939767283	617.1675	648.0625	5.00593436951881
CZ000095	633.499	627.6915	-0.91673388592563	9.15879945242984	9.20670636550308	0.0479069130732377	633.8755	812.736	28.2169763620774
CZ000098	598.2955	611.167	2.15136165991556	8.97573442847365	9.07868446269678	0.102950034223134	626.152	815.6395	30.2622206748521
CZ000099	1030.799	1080.4095	4.81281995811017	4.88426283367556	5.79013278576318	0.905869952087611	478.0575	691.1065	44.5655595822678
CZ000100	973.7125	1076.4425	10.5503421184384	5.33267488021903	5.94871457905544	0.616039698836413	495.377	702.049	41.7201444556368
CZ000101	975.226	1165.79	19.5404962542016	5.65134154688569	6.39153319644079	0.7401916495551	508.833	712.167	39.9608515957102
CZ000104	730.112	814.071	11.4994685746844	6.94862559890486	6.8990417522245	-0.0495838466803562	557.6865	755.532	35.4761142685003
CZ000105	823.5035	911.556	10.692425715252	6.40809171800137	6.72864476386037	0.320553045859	537.7015	743.132	38.2053053599441
CZ000106	788.6845	805.8945	2.18211464787249	6.94721560574949	7.10114579055441	0.153930184804928	560.707	768.2135	37.0080095308245
CZ000107	925.9645	834.6025	-9.86668495390483	6.34337577002053	6.98761396303901	0.644238193018481	537.098	741.9055	38.1322402987909
CZ000108	831.034	806.38	-2.96666562378916	6.83456399726215	7.10084873374401	0.266284736481862	555.993	763.1795	37.2642281467572
CZ000109	811.31	794.815	-2.03313160197706	7.00544558521561	7.19280492813142	0.187359342915811	562.3435	767.978	36.5674183128284
CZ000110	898.5825	752.983	-16.2032423288902	7.1240219028063	7.58799452429843	0.463972621492129	564.6755	784.6855	38.9622004142202
CZ000120	750.732	719.389	-4.17499187459705	7.57885420944559	7.8306598220397	0.251805612594114	582.734	764.142	31.1304986494696
CZ000126	660.65	587.1105	-11.131385756452	7.98045448323066	8.15373442847365	0.173279945242983	595.3445	781.797	31.3184215189693
CZ000128	1225.937	1259.769	2.75968504091155	4.00961259411362	5.70296372347707	1.69335112936345	447.506	645.934	44.3408579996693
CZ000129	1155.5055	1155.979	0.0409777365836907	3.75611772758385	5.48981930184805	1.7337015742642	437.6235	644.856	47.3540611964394
CZ000130	1249.5595	1255.1525	0.447597733441271	5.54935934291581	6.04062422997947	0.491264887063655	500.722	676.0945	35.0239254516478
CZ000131	1195.3035	1220.2895	2.09034776523286	4.9907241615332	5.91920465434634	0.928480492813141	481.407	667.3275	38.6202319451109
CZ000132	1086.175	1126.915	3.75077680852533	5.70517453798768	6.28379329226557	0.578618754277892	507.3295	694.59	36.9110213382033
CZ000133	942.4605	1001.3805	6.25172089440354	6.98634770704997	7.10406844626968	0.117720739219712	553.681	744.095	34.3905606296766
CZ000135	902.823	901.7915	-0.11425273835513	5.75082819986311	6.22919507186858	0.478366872005475	509.9245	731.8295	43.5172265698157
CZ000136	1048.849	1043.655	-0.495209510615919	5.7995537303217	5.82520054757016	0.0256468172484601	506.5235	686.662	35.5637004008699
CZ000137	881.0265	899.0925	2.05056261077278	6.46631348391513	6.53846132785763	0.0721478439425045	534.2455	730.967	36.8223036038675
CZ000139	857.1925	932.461	8.78081644438095	5.8879794661191	6.18927173169062	0.301292265571526	516.8275	715.4415	38.4294566368856
CZ000140	848.721	878.871	3.55240414694581	6.01482409308693	6.33696098562628	0.322136892539357	520.8105	732.042	40.5582260726311
CZ000141	843.3745	871.6075	3.34762314962095	6.06392197125257	6.37500616016427	0.311084188911704	522.61	734.1895	40.4851610187329
CZ000142	780.729	798.0365	2.21683836516895	6.78603559206023	6.74617385352498	-0.03986173853525	549.728	748.2255	36.1083117469003
CZ000147	621.1875	563.3025	-9.3184424992454	8.03538672142368	8.39039835728953	0.355011635865845	595.0475	784.614	31.8573727307484
CZ000148	659.205	590.5535	-10.4142869061976	7.95183436002738	8.35394250513347	0.402108145106093	591.7755	768.88	29.9276499280555
CZ000151	771.1745	684.979	-11.1771719630252	7.06132922655715	7.23540725530459	0.174078028747433	562.0585	719.426	27.9984200932821
CZ000152	762.1905	687.596	-9.78685774750537	7.52210403832991	7.63229158110883	0.110187542778919	578.089	742.0025	28.3543710397534
CZ000154	687.862	646.6985	-5.98426719312885	7.73668720054757	7.84589733059548	0.109210130047912	587.9155	768.65	30.7415776586942
CZ000156	736.919	640.278	-13.1141957257175	8.00727173169062	8.20339493497604	0.196123203285422	594.406	760.088	27.8735409804073
CZ000159	739.9345	727.515	-1.67845937714758	7.45673511293634	7.78872963723477	0.331994524298426	575.8635	757.1225	31.4760355535643
CZ000160	743.581	699.7615	-5.89303653536063	7.42890622861054	7.74222997946612	0.313323750855578	575.721	751.249	30.4883789196503
CZ000161	740.2865	708.2775	-4.32386650303633	7.49487063655031	7.80257084188912	0.307700205338809	577.618	755.9615	30.875682544519
CZ000162	737.4965	685.9185	-6.99366030889638	7.45036550308008	7.72112251882272	0.270757015742642	575.6515	747.3355	29.8242947338798
CZ000163	736.9475	697.4705	-5.35682663961815	7.51406160164271	7.80437919233402	0.290317590691307	578.1575	754.3985	30.4832160786637
CZ000164	719.315	700.46	-2.62124382224754	7.64155509924709	7.92053388090349	0.2789787816564	581.5295	762.151	31.059731277605
CZ000165	717.5265	697.3185	-2.81634197482601	7.6726379192334	7.93803696098563	0.265399041752224	582.7035	762.7795	30.9035384204832
CZ000168	694.235	655.797	-5.53674188135141	7.83746201232033	8.10596167008898	0.268499657768652	588.198	762.8485	29.6924675024397
CZ000169	684.3935	607.8355	-11.1862546911974	8.06790417522245	8.47534291581109	0.407438740588638	596.8845	778.146	30.3679355051103
CZ000170	687.2105	620.104	-9.76505743145657	8.0591279945243	8.37476112251882	0.315633127994525	595.777	771.498	29.4944249274477
CZ000173	667.7595	640.441	-4.09106871560794	7.92839835728953	8.14314579055442	0.214747433264888	592.0395	773.066	30.576760503311
CZ000179	795.404	804.52	1.14608425403945	6.95015879534565	7.14893908281999	0.198780287474333	552.0885	695.949	26.057507084462
CZ000180	723.645	736.5045	1.77704537445847	7.1673196440794	7.2541697467488	0.0868501026694046	559.677	722.9995	29.1815636518921
CZ000181	716.277	685.467	-4.30140853329088	7.01268583162218	7.17165229295003	0.158966461327857	553.0485	734.104	32.7377255340174
CZ000182	629.045	609.2505	-3.14675420677376	8.12513757700205	8.19478302532512	0.0696454483230653	597.932	799.782	33.7580193065432
CZ000184	623.0675	590.841	-5.17223254302302	7.21871868583162	7.29745242984257	0.0787337440109512	562.164	770.2095	37.0079727623968
CZ000188	703.15	685.8305	-2.46313019981511	8.15258863791923	8.24543052703628	0.0928418891170431	598.147	802.5775	34.1773008976054
CZ000189	656.937	642.8035	-2.15142395693956	8.31147570157426	8.34619712525667	0.0347214236824094	604.1905	815.11	34.9094366760153
CZ000190	648.7735	635.932	-1.9793502663102	8.3606598220397	8.35991101984942	-0.000748802190280173	606.1045	817.7375	34.9169161423484
CZ000192	901.709	951.4955	5.52134890524548	7.97830663928816	7.54289664613279	-0.435409993155374	590.15	766.46	29.8754553926968
CZ000193	743.039	735.175	-1.05835629085419	8.0527871321013	8.08786036960986	0.0350732375085556	594.1125	787.0495	32.4748258957689
CZ000194	756.6625	762.2285	0.735598764310365	8.25988227241615	8.01783572895277	-0.242046543463381	601.3945	793.6565	31.9693645352593
CZ000196	709.832	677.4205	-4.56608042466387	7.82127857631759	8.00449965776865	0.183221081451061	585.924	783.1805	33.6658849953236
CZ000203	654.633	623.86	-4.70080182331169	6.93908966461328	7.02967419575633	0.0905845311430529	550.1275	728.0915	32.3495916855638
CZ000208	537.6935	517.934	-3.67486309579714	8.41358247775496	8.54715811088296	0.133575633127995	604.8325	799.2455	32.1432793376679
CZ000209	586.1155	530.03	-9.56901839313242	8.31874058863792	8.44126488706365	0.122524298425736	601.6825	797.114	32.4808349918769
CZ000210	582.928	521.2415	-10.5821816759531	8.4185749486653	8.63974811772758	0.221173169062286	605.68	811.1175	33.9184883106591
CZ000212	807.355	624.2465	-22.6800478104427	6.84478439425051	7.49233675564682	0.647552361396303	547.7045	754.767753424657	37.8056513000454
CZ000213	688.75	595.5775	-13.5277676950998	7.65478165639973	7.7329787816564	0.0781971252566738	579.4905	767.583	32.4582542768173
CZ000214	705.648	622.6285	-11.7650018139355	7.84433675564682	7.58225735797399	-0.262079397672827	585.3065	761.2485	30.0598062724402
CZ000223	620.944	570.4	-8.13986446442835	9.0696605065024	9.15758658453114	0.0879260780287474	631.368	776.4125	22.9730521660901
CZ000228	592.0185	538.881	-8.97564856503637	9.41722792607803	9.73229295003422	0.315065023956194	644.2595	793.4435	23.1558867195594
CZ000235	531.274	480.035	-9.64455252845047	8.96482135523614	9.05712525667351	0.0923039014373721	625.7995	826.9005	32.1350528404066
CZ000238	619.033	609.137	-1.59862236746669	8.60262422997947	8.83461054072553	0.231986310746064	610.794	810.7635	32.7392705232861
CZ000240	680.92	779.1315	14.4233536979381	7.78924845995893	7.31087063655031	-0.478377823408624	579.6855	719.7715	24.1658623512232
CZ000243	732.5175	738.746	0.850286853215103	6.9357029431896	7.33559069130732	0.399887748117728	549.3355	720.441	31.1477230217235
CZ000245	821.3875	854.5545	4.03792363531219	6.49986995208761	7.02069678302533	0.520826830937715	530.6135	712.9015	34.354195662191
CZ000248	986.458	995.99	0.966285437393183	6.01998357289528	6.46652840520192	0.44654483230664	511.3385	669.4605	30.9231556004486
CZ000251	913.823	940.7515	2.94679604255966	6.38387405886379	6.63547433264887	0.251600273785079	525.7025	687.231	30.7262187263709
CZ000253	1096.0965	1058.3265	-3.44586448364722	4.92396851471595	5.94314715947981	1.01917864476386	472.577	643.246	36.1145379483132
CZ000254	958.376	994.024	3.71962570014274	5.91510472279261	6.20466940451745	0.289564681724847	508.2685	663.22	30.4861505287068
CZ000257	736.096	680.4495	-7.55967971568927	6.60298151950719	6.85059411362081	0.247612594113621	537.4855	718.507	33.6793271632444
CZ000258	732.8405	677.3185	-7.57627341829497	6.66918275154004	6.88302943189596	0.21384668035592	539.894	720.431	33.4393417967231
CZ000266	858.3585	858.443	0.00984437155338337	5.99974127310062	6.51115674195756	0.511415468856947	512.2135	647.946	26.4992039452299
CZ000273	689.0655	674.069	-2.17635333651155	8.47939356605065	8.45750308008214	-0.0218904859685143	603.4915	719.084	19.1539566008801
CZ000275	840.816	828.61	-1.4516850297806	7.39082546201232	7.74410403832991	0.353278576317591	560.6695	743.381	32.5880933419778
CZ000276	801.108	801.5115	0.0503677406791604	7.60350308008214	7.9246803559206	0.321177275838467	569.476	754.9715	32.5730144905141
CZ000278	787.1455	764.6205	-2.86160563707726	7.80621629021218	8.14829568788501	0.342079397672827	577.293	769.3425	33.2672490399156
CZ000280	904.851	819.858	-9.39303819081816	7.29615605749487	7.85573853524983	0.559582477754963	557.347	750.0005	34.5661679348772
CZ000281	832.6925	783.932	-5.8557630818099	7.69757563312799	8.03588501026694	0.338309377138946	573.101	763.374	33.2006051289389
CZ000283	787.2255	766.2805	-2.66060995229447	8.10146611909651	8.24713894592745	0.145672826830937	589.0955	768.3425	30.427494353632
CZ000288	865.1355	808.8345	-6.5077667024414	7.76288980150582	8.12481861738535	0.361928815879535	574.2945	749.219	30.4590240721442
CZ000289	894.642	855.4865	-4.37666686786447	7.73622313483915	7.86990280629706	0.133679671457905	572.463	739.048	29.0996972730115
CZ000290	850.506	808.572	-4.93047668094052	7.93495414099932	8.19156741957563	0.256613278576318	580.3175	750.2135	29.2763874947766
CZ000293	899.9425	947.826	5.32072882434157	5.53593429158111	6.07501437371663	0.539080082135523	493.454	633.022	28.2838927235365
CZ000295	752.874	717.119	-4.74913464935701	7.1867022587269	7.31255715263518	0.125854893908282	569.361	700.406	23.0161531963025
CZ000296	754.38	719.185	-4.66542061030249	7.53679260780287	7.48216153319644	-0.0546310746064345	582.0075	714.7065	22.8002216466283
CZ000299	726.8905	707.5945	-2.65459515566651	8.15888295687885	7.94100616016427	-0.217876796714579	602.897	759.011	25.8939752561383
CZ000300	746.339	706.284	-5.36686411938811	8.10878302532512	7.969871321013	-0.138911704312116	602.5075	756.4745	25.554370692481
CZ000301	709.942	677.1225	-4.62284242938155	8.410340862423	8.3988514715948	-0.011489390828201	611.3895	785.367	28.4560824155469
CZ000302	974.2605	867.509	-10.9571823962893	8.18645174537988	7.96236413415469	-0.224087611225189	601.6145	776.439	29.0592231403997
CZ000304	725.3345	678.8785	-6.40476910997616	8.64245585215606	8.50835865845311	-0.134097193702944	619.053	786.843	27.1043028625982
CZ000306	1062.1575	905.5925	-14.7402809846939	5.83168240930869	6.77911567419576	0.947433264887064	507.75	658.1215	29.6152634170359
CZ000307	1082.382	931.598	-13.9307564242569	5.51456810403833	6.34669541409993	0.832127310061602	496.588	637.057	28.2868293233022
CZ000309	883.1775	818.693	-7.30142015619737	6.62560301163587	7.1598288843258	0.534225872689939	539.8395	693.4525	28.4553094021464
CZ000310	822.362	764.573	-7.02719726835628	7.58361396303901	7.77279945242984	0.189185489390828	574.3095	723.771	26.0245564456099
CZ000312	786.549	728.56	-7.37258581474262	7.39999452429843	7.81867214236824	0.418677618069816	569.4245	741.32	30.1875841309954
CZ000314	990.495	866.7845	-12.4897652184009	5.36243121149897	6.44328952772074	1.08085831622177	496.7025	651.998114402073	31.2653176503185
CZ000315	954.401	880.196	-7.77503376463354	5.61173990417522	6.32555646817248	0.713816563997262	505.823	643.557068493151	27.2296966514276
CZ000316	893.384	842.559	-5.68904300950096	6.04602464065708	6.58310198494182	0.537077344284737	522.7975	657.7075	25.805402665468
CZ000317	750.162	767.4565	2.30543535929572	6.64641752224504	7.24103627652293	0.594618754277891	545.85	698.846	28.0289456810479
CZ000318	762.6165	798.7355	4.73619440439592	6.41325256673511	7.13145927446954	0.718206707734429	535.4295	692.0295	29.247547996515
CZ000322	703.183	700.995	-0.311156555263706	7.78062696783025	7.73488980150582	-0.045737166324435	588.226	741.161	25.9993607899005
CZ000324	1142.5615	1152.585	0.877283192195782	6.62228199863107	6.74185626283368	0.119574264202601	546.2625	723.8595	32.5112926477655
CZ000326	1306.7235	1152.4145	-11.8088486202322	6.02959890485968	6.53465434633812	0.505055441478439	519.628	707.45	36.1454733001301
CZ000327	1300.207	1221.75	-6.03419301695806	6.30056125941136	6.33862286105407	0.0380616016427107	532.8175	691.525	29.7864653469528
CZ000328	1276.37	1217.565	-4.6072063743272	6.19415058179329	6.39116495550992	0.197014373716632	528.2355	692.3075	31.0603887849264
CZ000329	1324.462	1215.392	-8.23504185095533	5.82522655715263	6.41881451060917	0.593587953456537	512.301	692.748	35.2228475056656
CZ000330	1300.0565	1219.018	-6.23345985347561	6.26026420260096	6.37306502395619	0.112800821355236	529.972	692.0295	30.5785022604968
CZ000331	1337.795	1205.4705	-9.89123894169138	6.27198083504449	6.5152758384668	0.243295003422314	530.1465	706.8995	33.3404068498047
CZ000332	1291.513	1184.2475	-8.30541388278709	6.50990006844627	6.64239014373717	0.132490075290896	538.8495	707.6715	31.3300838174667
CZ000333	1183.1995	1103.726	-6.71683008655768	7.13537713894593	7.06588090349076	-0.0694962354551683	562.9475	735.131	30.5860670844084
CZ000334	997.876	833.2495	-16.4976910958876	8.26696098562628	8.45738809034908	0.190427104722792	604.4295	802.089	32.7018287492586
CZ000340	847.3355	806.5665	-4.81143537595202	8.9573620807666	8.80868309377139	-0.148678986995209	632.26	808.7295	27.910906905387
CZ000346	1037.2795	1132.6935	9.19848507562328	7.59459274469541	7.07949623545517	-0.515096509240246	578.297	720.8455	24.6497042177289
CZ000347	1156.218	1155.614	-0.0522392835953118	6.85565092402464	6.98595893223819	0.130308008213553	551.305	715.9455	29.8637777636698
CZ000348	1099.0725	1108.4775	0.855721528834538	7.54428062970568	7.54600821355236	0.00172758384668015	576.1135	741.725	28.7463321029623
CZ000349	1248.5135	1037.336	-16.9143145028067	6.74954414784394	7.87841067761807	1.12886652977413	545.8915	761.51	39.4984168099339
CZ000351	974.256	963.885	-1.06450460659211	8.39019712525667	8.30630253251198	-0.083894592744695	609.666	780.1405	27.9619496576814
CZ000353	1025.7165	1025.556	-0.0156475985323387	8.04949486652977	8.06510472279261	0.0156098562628344	596.097	764.737	28.2906976549119
CZ000358	998.3745	858.6045	-13.9997566043604	7.2367446954141	7.59452156057495	0.357776865160848	557.772	692.528	24.1596924908385
CZ000363	747.646	742.619	-0.67237703405088	7.19788637919233	6.78444353182752	-0.413442847364818	557.6965	723.2605	29.6871147658269
CZ000364	1037.981	958.7815	-7.63014929945731	6.35171800136893	6.8362546201232	0.484536618754278	527.314	678.357	28.6438440853078
CZ000365	839.485	764.7065	-8.90766362710471	8.18193976728268	8.27122381930185	0.0892840520191651	594.3245	747.851	25.8321001405798
CZ000366	893.5935	820.1985	-8.21346619016363	7.67296919917864	7.85518822724161	0.182219028062971	575.678	728.3955	26.5282849092722
CZ000367	1108.8255	959.8675	-13.4338541095961	5.78007255304586	6.22101163586585	0.440939082819986	505.33	635.267	25.7132962618487
CZ000368	1101.292	943.6005	-14.3187728595141	5.89085694729637	6.83772621492129	0.946869267624915	510.135	677.8715	32.8808060611407
CZ000369	1059.332	927.29	-12.464647532596	6.29614236824093	6.70868583162218	0.412543463381246	524.198	662.8245	26.4454461863647
CZ000371	1075.9925	1053.3625	-2.10317451097474	6.56830116358658	6.65156057494867	0.0832594113620813	531.724	694.498	30.6124982133588
CZ000372	1014.28	980.8845	-3.29253263398668	6.94286652977413	7.10279123887748	0.159924709103354	544.5365	713.5465	31.037405206079
CZ000373	1233.028	1082.09	-12.2412467518986	5.54698151950719	6.39260780287474	0.845626283367556	490.818	676.520939189189	37.8353970696244
CZ000374	1117.2735	1001.775	-10.3375314996731	6.34032991101985	6.90769336071184	0.567363449691991	520.675	700.3015	34.4987756277909
CZ000375	984.7195	882.923	-10.3376139093417	7.50334565366188	7.53200273785079	0.0286570841889118	561.7345	723.2295	28.7493468889662
CZ000376	957.4825	895.4385	-6.47990955448273	7.39266255989049	7.50189048596851	0.109227926078029	559.531	727.4355	30.0080781940589
CZ000378	853.212	792.867	-7.07268533494608	7.91935386721424	7.94258042436687	0.0232265571526353	578.7765	751.227	29.7956983395145
CZ000381	1313.004	1282.98	-2.28666477786815	5.89907049965777	4.95577002053388	-0.943300479123888	501.2	615.322829415031	22.7699180796152
CZ000382	1117.7615	1066.8115	-4.5582174730477	7.37181519507187	6.40094318959617	-0.970872005475702	554.37	677.874	22.278261810704
CZ000383	905.9575	814.6265	-10.0811572286779	8.4910855578371	7.95064339493498	-0.540442162902122	596.6645	744.2525	24.7355088160934
CZ000384	1045.7145	980.455	-6.24066128948199	7.72038740588638	6.92754140999316	-0.792845995893224	567.6275	699.4325	23.2203337576139
CZ000385	828.8655	759.24	-8.4000962761751	8.62616016427105	8.2638726899384	-0.362287474332648	601.742	753.286	25.1842151619797
CZ000387	1316.682	1351.5485	2.64805776945383	6.05052292950034	5.89890075290897	-0.151622176591376	517.59	666.126	28.697617805599
CZ000388	996.9375	959.3805	-3.76723716381418	6.06679123887748	6.59456947296372	0.527778234086242	520.4845	676.058	29.8901312142821
CZ000389	1051.6105	940.901	-10.5276145493032	5.90807665982204	6.905318275154	0.997241615331964	515.8805	694.399	34.6046225821678
CZ000390	1024.686	946.485	-7.63170376095703	6.19703627652293	6.90435455167693	0.707318275154004	526.3765	695.28	32.0879636533926
CZ000391	1040.0485	960.532	-7.64546076457013	5.84986584531143	6.47453524982888	0.624669404517453	511.858	665.7605	30.0674210425548
CZ000394	995.6555	916.7995	-7.92000847682758	5.85475154004107	6.16940862422998	0.314657084188911	512.2115	641.901	25.3195213305441
CZ000397	864.452	800.235	-7.42863687052607	7.09268856947296	7.48917453798768	0.396485968514716	560.2455	737.8235	31.6964616404773
CZ000400	678.8695	634.6135	-6.51907325340142	8.04615331964408	8.26630663928816	0.22015331964408	597.6495	780.3725	30.5736054326156
CZ000401	691.944	595.7215	-13.9061108991479	7.27584941820671	7.79905817932923	0.523208761122519	570.87	732.3	28.2778916390772
CZ000402	651.3925	600.8415	-7.76045164781603	7.68189185489391	8.0939370294319	0.412045174537988	585.155	760.4975	29.9651374422162
CZ000403	664.7785	615.0215	-7.48474867944736	7.88107734428474	8.18039698836413	0.299319644079397	592.064	768.9555	29.8770909901632
CZ000406	760.6675	740.4985	-2.65148701633764	7.2626392881588	7.50827104722793	0.245631759069131	570.3905	714.935	25.3413231812241
CZ000407	728.66	710.1905	-2.53472126917906	7.70261464750171	7.83428747433265	0.131672826830937	586.663	744.1375	26.8424120832573
CZ000408	751.779	720.916	-4.10532882668977	7.37927173169062	7.4750006844627	0.0957289527720739	576.2625	705.636	22.4504457603956
CZ000409	742.5315	699.017	-5.86029010217073	7.60048596851472	7.58193018480493	-0.0185557837097878	585.0225	711.203	21.5684866821361
CZ000413	1141.7255	1153.0185	0.989116911201501	6.31074743326489	6.32091307323751	0.0101656399726213	534.4885	698.7955	30.7409794598013
CZ000416	961.551	887.08	-7.7448830067256	6.80725804243669	7.32932785763176	0.522069815195072	554.3925	757.445952702703	36.626298642695
CZ000417	897.0325	879.3435	-1.97194638990227	7.31041478439425	7.37459274469541	0.0641779603011638	573.4295	758.2055	32.2229672522952
CZ000418	976.2315	964.0865	-1.24406966995022	7.06345516769336	7.06540999315537	0.00195482546201209	563.4145	741.7345	31.6498776655553
CZ000419	1013.69	912.194	-10.0125284850398	6.90831348391513	7.36308692676249	0.454773442847365	556.3115	758.5795	36.3587666262517
CZ000421	959.1235	922.4495	-3.82369945059213	7.1976386036961	7.23605338809035	0.0384147843942504	568.0965	750.07	32.0321459470354
CZ000422	1191.402	1175.6545	-1.32176209205624	6.49755646817248	6.34227378507871	-0.155282683093771	539.6515	696.517	29.0679262449933
CZ000423	1087.1435	1003.9835	-7.6494041494982	6.61757289527721	7.08394798083504	0.466375085557837	544.931	740.3455	35.8604116851491
CZ000424	1117.9155	1057.128	-5.43757555915451	7.00158110882957	6.87521560574949	-0.126365503080082	557.791	726.4355	30.2343530103569
CZ000425	1039.5835	975.5075	-6.1636222583371	7.40733333333333	7.20400684462697	-0.203326488706365	573.4305	745.2495	29.9633521411923
CZ000426	941.9	795.008	-15.5952861237923	7.17408624229979	7.49456947296372	0.320483230663929	568.3095	741.898	30.5447119923211
CZ000427	868.4445	745.9015	-14.1106311341715	7.88205338809035	7.92130184804928	0.039248459958932	594.532	767.558	29.1028910134358
CZ000429	760.0435	722.1145	-4.99037226158766	7.79318548939083	7.68077754962355	-0.112407939767283	592.004	731.612	23.5822730927494
CZ000431	573.9885	531.19	-7.45633405547325	9.14100205338809	8.98480082135524	-0.156201232032855	644.5415	806.322	25.1000905294694
CZ000432	660.019	573.7035	-13.0777295805121	7.9358726899384	7.97581656399726	0.0399438740588636	596.481	737.619	23.6617763181057
CZ000433	660.085	572.6375	-13.2479150412447	7.75345927446954	7.93832991101985	0.184870636550308	590.941	737.3135	24.7693932219968
CZ000434	639.6185	561.75	-12.1742100955491	8.07240930869268	8.18429568788501	0.111886379192335	603.168	754.8065	25.1403423258528
CZ000435	601.147	543.426	-9.60181120424788	8.7209582477755	8.68122929500342	-0.039728952772073	628.114	789.049	25.621941239966
CZ000436	649.9755	573.4565	-11.7725975825243	7.85784941820671	8.09812046543463	0.240271047227927	596.621	742.913	24.5200889677031
CZ000438	641.424	564.143	-12.0483486741999	8.18452566735113	8.35428610540725	0.169760438056125	609.0025	762.4205	25.1916864052282
CZ000439	628.871	545.3965	-13.2737079623643	8.372765229295	8.72842710472279	0.355661875427788	615.77	792.9465	28.7731620572616
CZ000440	731.07	668.638	-8.5398115091578	8.9109363449692	8.61552635181383	-0.295409993155372	634.006	795.5245	25.475863004451
CZ000442	875.2735	735.21	-16.0022552950592	7.82819986310746	7.9705311430527	0.142331279945243	591.4565	755.6705	27.7643410800287
CZ000443	798.985	703.363	-11.9679343166643	8.48102532511978	8.29977138945928	-0.181253935660505	616.5535	773.107	25.3917137766633
CZ000445	853.9875	770.0925	-9.82391428445966	7.87194250513347	7.76903080082135	-0.102911704312115	593.8885	758.2725	27.6792697619166
CZ000446	797.994	741.9685	-7.02079213628171	8.08168788501027	8.21928268309377	0.137594798083505	601.471	796.3085	32.3934986059178
CZ000447	812.964	780.1015	-4.04230691641943	7.94083641341547	7.93305133470226	-0.00778507871321032	595.3585	781.372	31.2439479742038
CZ000448	765.056	693.422	-9.36323615526183	8.7373620807666	8.50205338809035	-0.235308692676249	627.07	791.99	26.3000940883793
CZ000449	791.426	733.415	-7.32993356296104	8.33095961670089	8.23469815195072	-0.0962614647501709	611.176	788.3365	28.9868221265233
CZ000453	701.1745	598.9265	-14.5823899756765	8.51269815195072	8.8655099247091	0.352811772758384	621.1445	792.874	27.6472704821503
CZ000454	776.724	758.05	-2.40420020496341	8.20843805612594	8.26674743326489	0.0583093771389471	609.007	800.63	31.4648271694743
CZ000455	773.1505	758.05	-1.95311262166939	8.23867898699521	8.26674743326489	0.0280684462696783	610.158	800.63	31.2168323614539
CZ000456	811.4825	761.381	-6.17407029726456	8.11722245037645	8.11407392197125	-0.00314852840520174	603.0955	786.5545	30.4195604178774
CZ000457	806.1715	758.477	-5.91617292350324	8.15004791238878	8.13402737850787	-0.0160205338809032	604.609	787.101	30.1834739476257
CZ000458	817.5955	724.85	-11.343690125496	7.92798904859685	8.36915126625599	0.441162217659137	596.479	793.554	33.0397214319364
CZ000459	756.7405	722.696	-4.49883414459778	8.58816427104723	8.51456125941136	-0.0736030116358659	623.15	808.474	29.7398700152451
CZ000461	851.192	723.963	-14.9471564582374	7.74965366187543	8.07573169062286	0.326078028747434	591.602	774.6445	30.9401421901887
CZ000462	719.7195	637.8095	-11.3808226677198	8.68577412731006	8.65747159479808	-0.0283025325119777	627.7425	814.72	29.7857003468779
CZ000463	660.2165	577.9435	-12.4615183049802	8.81752908966461	8.88855030800821	0.0710212183435992	632.754	833.492	31.7244932469806
CZ000465	696.1805	618.8805	-11.103442282569	7.38107734428474	7.81847091033539	0.437393566050651	577.698	757.4355	31.1127094087222
CZ000466	689.972	615.018	-10.863339381888	7.46214510609172	7.85842984257358	0.396284736481862	580.958	759.7865	30.7816571938075
CZ000468	798.0565	712.36	-10.7381494919219	7.14012320328542	7.74919917864476	0.609075975359342	568.349	747.217	31.471507823538
CZ000469	797.112	712.36	-10.6323829022772	7.21700752908966	7.74919917864476	0.5321916495551	571.1835	747.217	30.8190800329491
CZ000472	660.459	592.5215	-10.2864068776412	7.96638877481177	8.21999315537303	0.25360438056126	601.05	782.2335	30.1444971300225
CZ000473	637.7015	574.852	-9.85562994598569	8.22945106091718	8.48300479123888	0.253553730321698	611.62	796.6955	30.2598835878487
CZ000478	575.1405	528.6755	-8.07889550466363	8.74699383983573	8.93573579739904	0.188741957563312	632.86	815.399	28.8435040925323
CZ000479	572.2075	526.155	-8.04821677450925	8.7679356605065	8.97398083504449	0.206045174537987	633.63	816.334	28.8344933162887
CZ000480	552.23	512.942	-7.11442695978125	8.98086105407255	9.15316906228611	0.172308008213552	641.7285	823.73	28.3611371475632
CZ000481	535.2535	501.5285	-6.30075282085965	9.28162628336756	9.42529500342231	0.143668720054757	653.257	837.7605	28.2436315263365
CZ000483	844.1115	732.485	-13.2241415974074	6.47361396303901	6.87630253251198	0.402688569472964	540.58	681.702	26.1056642865071
CZ000484	811.107	710.5905	-12.3925080168214	6.7450006844627	7.06165639972621	0.316655715263519	550.4975	700.635	27.2730575524866
CZ000485	783.8405	702.48	-10.3797264877229	7.02796988364134	7.25256125941136	0.224591375770021	560.871	713.9245	27.288538719242
CZ000486	739.703	652.2705	-11.8199466542653	6.93521971252567	7.26541409993155	0.330194387405887	559.5395	736.498	31.6257386654561
CZ000487	760.007	685.225	-9.83964621378486	7.10785900068446	7.30858863791923	0.200729637234771	564.424	723.5515	28.1929010814565
CZ000488	671.202	622.71	-7.22465070127919	7.45283641341547	7.49596714579055	0.0431307323750856	580.2765	756.412	30.353719304504
CZ000489	685.502	623.5805	-9.03301522096215	7.46719780971937	7.48005886379192	0.0128610540725527	580.0925	754.2825	30.0279696772498
CZ000490	659.0855	599.5685	-9.03023962748381	7.64008213552361	7.69177412731006	0.0516919917864476	587.208	768.1465	30.8133574474462
CZ000491	664.6935	579.985	-12.7439940363491	7.75877207392197	8.00070773442847	0.241935660506503	590.9115	770.387	30.3726530961066
CZ000493	565.497	507.274	-10.2958990056534	9.15964544832307	9.2307871321013	0.071141683778233	647.8825	829.4165	28.0195868849676
CZ000495	686.96	662.133	-3.61403866309538	7.88103216974675	8.07631348391513	0.195281314168379	591.9435	772.794	30.5519868027945
CZ000496	677.4885	649.4185	-4.14324375985719	7.76078986995209	7.98876112251882	0.227971252566736	588.191	767.4	30.4678242271643
CZ000500	708.009	599.122	-15.3793242741265	7.35788227241615	7.64413415468857	0.286251882272416	574.6965	723.1885	25.8383337987964
CZ000502	686.3145	593.265	-13.5578513932024	7.25414236824093	7.62084325804244	0.366700889801506	572.342	720.5025	25.8867075979047
CZ000503	659.236	589.7985	-10.533026109011	7.50861190965092	7.60950855578371	0.100896646132786	582.7755	716.151	22.8862572294134
CZ000504	665.9395	589.9645	-11.4086940330165	7.49670362765229	7.69135249828884	0.19464887063655	582.022	724.298	24.4451240674751
CZ000505	650.5195	568.2495	-12.6468153529602	8.00599041752224	8.18726214921287	0.181271731690623	602.3305	748.435	24.2565335808165
CZ000508	648.968	563.874	-13.1122027588417	7.97642162902122	8.26854209445585	0.292120465434635	600.939	753.963	25.4641486074293
CZ000509	651.3915	593.2955	-8.91875316150119	7.89660232717317	8.11643531827515	0.219832991101986	595.2735	764.624	28.4491918420692
CZ000510	573.759	516.518	-9.97648838623882	8.83364681724846	8.9650636550308	0.131416837782339	635.512	817.564	28.646508641851
CZ000511	645.143	586.2275	-9.13216139677561	8.81760027378508	8.94000547570157	0.122405201916495	633.227	802.6745	26.7593611769555
CZ000512	604.0505	555.6915	-8.00578759557355	9.1101273100616	9.21430116358659	0.104173853524983	645.254	815.951	26.4542335266422
CZ000513	643.0835	549.7465	-14.5139783558434	8.3067446954141	8.79158658453114	0.484841889117043	614.0815	779.7325	26.9754096158246
CZ000515	733.141	696.3845	-5.01356492134527	7.24028062970568	7.51751540041068	0.277234770704997	570.5925	736.568	29.0882722783773
CZ000516	743.301	680.2025	-8.48895669452887	7.03073648186174	7.615871321013	0.585134839151267	560.6015	744.351	32.7772044848257
CZ000518	726.422	695.45	-4.26363738983676	7.24582340862423	7.51110061601643	0.265277207392197	568.79	736.938	29.5624044023278
CZ000519	717.1255	689.932	-3.79201408958404	7.35083367556468	7.54279397672827	0.191960301163586	572.78	739.326	29.0767834072419
CZ000520	690.8615	625.4405	-9.46948122018669	7.36933880903491	7.65112388774812	0.28178507871321	576.9555	751.758	30.2973972862725
CZ000525	652.724	611.831	-6.26497570182802	7.53278302532512	7.55817932922656	0.0253963039014371	582.7065	763.4375	31.0157858201342
CZ000528	614.2065	553.992	-9.80362467671704	8.26466803559206	8.41326625598905	0.148598220396989	613.338	799.2635	30.3137095696011
CZ000529	575.123	528.742	-8.06453576017651	8.67821492128679	8.75009856262834	0.0718836413415467	629.3155	814.7405	29.4645531533865
CZ000533	721.4245	603.7975	-16.3048246905948	8.11769609856263	8.71318685831622	0.595490759753593	606.1035	784.6675	29.4609748995015
CZ000534	715.0775	599.844	-16.1148267145869	8.19019028062971	8.76588090349076	0.575690622861055	608.8875	789.1115	29.5988996325265
CZ000535	646.4685	578.614	-10.4961804016746	8.81261327857632	9.08997262149213	0.27735934291581	633.412	816.3475	28.8809653116771
CZ000536	693.3005	568.673	-17.9759714582638	8.43543600273785	9.09635181382615	0.660915811088296	618.1675	822.069	32.9848301633457
CZ000537	796.0355	789.7975	-0.78363339323434	7.863787816564	7.97878850102669	0.115000684462697	595.2005	787.4315	32.2968478689114
CZ000538	870.229	845.332	-2.86097107772781	7.62154140999316	7.67512251882272	0.0535811088295688	585.308	777.593	32.8519343661799
DEBB0004	602.9145	588.442	-2.40042327726402	9.35876249144422	9.32539493497604	-0.0333675564681712	733.5165	771.285	5.14896392923678
DEBB0009	629.116	596.8005	-5.13665206416622	9.53560438056126	9.40240930869268	-0.133195071868585	723.7805	767.1015	5.98537816368359
DEBB0027	588.5355	575.685	-2.18347066574572	9.44493223819302	9.42126762491444	-0.0236646132785765	784.099	813.5505	3.75609457479223
DEBB0036	593.649	582.825	-1.82329962654699	9.09199589322382	9.02260369609856	-0.0693921971252571	691.1295	734.922	6.33636677352074
DEBB0039	626.938	607.934	-3.0312407287483	9.39792060232717	9.40396851471595	0.00604791238877489	714.4305	754.425	5.59809526608955
DEBB0042	599.109	586.7855	-2.05697126900115	9.50359890485968	9.53776043805613	0.0341615331964409	721.2895	770.341	6.80052877520051
DEBB0044	598.9725	586.462	-2.08866016386397	9.50657631759069	9.54086105407255	0.0342847364818617	721.4885	770.525	6.79657402716744
DEBB0045	623.8765	591.755	-5.1486952946617	9.3533401779603	9.37836960985626	0.0250294318959607	780.4585	812.848	4.15006050930319
DEBB0052	596.778	583.3675	-2.24715053168849	9.52279534565366	9.55804380561259	0.0352484599589324	722.6385	771.8915	6.81571767903314
DEBB0059	666.026	617.6375	-7.26525691189233	9.37204380561259	9.44491991786448	0.0728761122518815	780.5045	815.5155	4.48568842332107
DEBB0074	577.366	571.938	-0.940131562994703	9.42078986995209	9.31181382614647	-0.108976043805614	737.9895	783.129	6.11655043872575
DEBB0091	579.541	555.862	-4.08581964002546	9.44660095824778	9.41877754962355	-0.027823408624231	785.624	816.363	3.91268596682383
DEBB0093	599.87	580.415	-3.24320269391702	9.45731690622861	9.48869404517454	0.0313771389459276	726.6245	771.7275	6.20719505053848
DEBB0095	550.7155	530.6375	-3.64580259680361	9.54078576317591	9.47741683778234	-0.063368925393565	770.5845	807.8005	4.82958066247115
DEBB0096	547.7245	530.514	-3.14218188158463	9.5866598220397	9.51749349760438	-0.0691663244353187	768.425	806.172	4.91225558772815
DEBB0097	717.903	703.8675	-1.95506913886694	9.36305954825462	9.42273648186174	0.0596769336071183	734.713	770.5755	4.88115767653493
DEBB0098	607.961	591.4705	-2.7124272774076	9.21662559890486	9.16384531143053	-0.0527802874743326	710.614	751.085	5.695215686716
DEBB0102	580.729	555.842	-4.28547566937419	9.47009719370294	9.45511293634497	-0.0149842573579733	782.154	815.9775	4.32440414547518
DEBB0103	584.913	565.893	-3.25176564719881	9.40402600958248	9.34309377138946	-0.0609322381930184	782.106	810.92	3.68415534467195
DEBB0105	609.349	592.2085	-2.81292001792076	9.09580013689254	9.00657221081451	-0.0892279260780278	706.066	747.156	5.81956927539352
DEBB0132	613.2995	597.789	-2.52902537830211	9.42409308692676	9.45301574264203	0.0289226557152649	716.6695	765.4115	6.80118241392999
DEBB0133	571.998	551.251	-3.62711058430274	9.56578507871321	9.55616700889802	-0.00961806981519508	791.0025	822.8555	4.02691521202525
DEBB0136	607.6605	589.239	-3.03154475237405	9.41157015742642	9.47927036276523	0.0677002053388094	719.764	767.6475	6.65266670742077
DEBB0137	578.973	555.3455	-4.08093296233157	8.88326899383984	8.89431622176591	0.0110472279260776	654.4465	715.7195	9.36256821604209
DEBB0138	593.186	587.59	-0.943380322529528	9.05930184804928	9.03111567419576	-0.0281861738535252	710.7275	751.915	5.79511838222103
DEBB0139	588.867	576.932	-2.02677344799419	9.06299247091034	9.02188774811773	-0.0411047227926087	703.771	742.9665	5.56935423596597
DEBB0140	608.8085	591.8885	-2.7791990420633	9.18075427789186	9.11582477754962	-0.0649295003422328	706.9275	748.004	5.81056756173724
DEBB0142	554.915	534.0685	-3.75670147680273	9.54445859000684	9.47441341546886	-0.0700451745379862	780.0515	813.736	4.31824052642678
DEBB0144	599.661	586.4875	-2.19682453919798	9.09922381930185	9.0629568788501	-0.0362669404517462	709.3535	747.8995	5.43396205136086
DEBB0153	666.537	635.338	-4.68076040789935	9.33890212183436	9.40928952772074	0.0703874058863789	783.176	811.8105	3.65620243725547
DEBW0167	1782.9415	1786.8295	0.218066605101721	7.19711430527036	7.24787953456537	0.0507652292950036	731.1165	744.9435	1.89121706321771
DEBW0168	1626.9135	1599.586	-1.67971437940616	7.57547022587269	7.64532922655715	0.0698590006844633	746.846	760.588	1.84000449891945
DEBW0169	1535.4075	1506.456	-1.88559063310555	8.14197672826831	8.29020807665982	0.148231348391512	761.185	781.0135	2.60495149011081
DEBW0170	1738.746	1711.6815	-1.55655282600219	7.89402737850787	7.97334702258727	0.0793196440793977	740.288	764.1375	3.22165157344169
DEBW0171	1541.841	1530.087	-0.762335415908638	8.11039972621492	8.12045311430527	0.0100533880903484	749.067	771.303	2.96849280504948
DEBW0176	981.7825	969.7065	-1.23000766463041	8.92670773442847	9.08277618069815	0.156068446269678	755.688	791.5775	4.74924836705095
DEBW0177	973.6475	947.3125	-2.70477765310341	8.45654757015743	8.68231348391513	0.225765913757701	745.0245	778.465	4.48851010939908
DEBW0178	999.6895	925.8685	-7.38439285398117	8.53737987679671	8.82510882956879	0.287728952772074	744.7485	779.444	4.65868679158133
DEBW0179	951.2045	886.721	-6.77914160414508	8.75793155373032	8.94605475701574	0.188123203285421	760.692	791.0145	3.98617311605748
DEBW0183	832.015	826.847	-0.621142647668612	8.49622861054073	8.52288980150582	0.0266611909650916	777.142	806.4195	3.7673295227899
DEBW0187	1327.427	1279.312	-3.62468143257595	6.65063381245722	6.71789185489391	0.0672580424366869	633.067	681.1355	7.5929561957897
DEBW0188	1213.179	1204.95	-0.678300564055267	6.9738302532512	6.9969158110883	0.0230855578370974	682.629	716.2725	4.92851900519902
DEBW0191	1160.7015	1154.2695	-0.554147642610957	7.23820396988364	7.44923613963039	0.211032169746749	701.5075	757.722	8.01338545917186
DEBW0193	1367.95	1415.8525	3.50177272561131	8.68086926762491	8.87351813826147	0.192648870636551	723.1545	787.6245	8.91510735257819
DEBW0194	1724.4725	1710.111	-0.832805394113258	7.12265708418891	7.26977686516085	0.147119780971937	644.8625	684.2915	6.11432669755182
DEBW0195	1719.189	1527.487	-11.1507228117444	7.76851745379877	8.11332101300479	0.344803559206023	658.46	723.889	9.93667041278133
DEBW0197	1474.976	1571.94	6.57393747423686	7.74756331279945	7.92794250513347	0.180379192334017	662.2445	702.0615	6.01243196432738
DEBW0198	1213.515	1196.023	-1.44143253276638	9.4088090349076	9.6734045174538	0.2645954825462	759.2545	789.783	4.02085203314567
DEBW0199	1358.629	1403.6775	3.31573225656157	6.69792197125257	7.20055852156058	0.502636550308009	645.52	688.4815	6.65533213533275
DEBW0202	1598.9845	1492.657	-6.64968922462976	7.47055852156057	7.45617385352498	-0.0143846680355919	657.079	701.9005	6.82132589840796
DEBW0205	1135.0745	1191.1445	4.9397638657198	9.7714264202601	9.79591923340178	0.0244928131416842	778.556	791.6645	1.68369391540237
DEBW0206	1044.396	1097.798	5.11319461200541	10.0876632443532	10.0895592060233	0.00189596167009043	803.556	811.894	1.03763770042162
DEBW0207	1230.235	1245.9645	1.2785768572671	8.15255030800821	8.2006598220397	0.0481095140314842	734.339	766.5775	4.39013861445462
DEBW0208	1197.4095	1157.2495	-3.35390691321556	7.77135934291581	7.88432717316906	0.112967830253251	716.2445	760.6175	6.19523081852636
DEBW0209	1516.417	1529.9795	0.894377997608837	8.18396440793977	8.32491991786448	0.140955509924709	702.8645	739.486	5.210321477326
DEBW0211	1483.2275	1375.3445	-7.27353019007536	7.61034223134839	7.73677618069815	0.126433949349761	671.844	732.0455	8.96063669542334
DEBW0212	1363.2985	1354.1525	-0.670872886605552	8.13145379876797	8.18369746748802	0.0522436687200543	714.898	753.6325	5.41818553136252
DEBW0213	1331.7395	1410.0775	5.8823816519672	9.16068720054757	9.25888843258042	0.0982012320328529	751.167	775.6405	3.25806378608218
DEBW0215	1319.3635	1344.65	1.9165681027253	8.53646406570842	8.59339630390144	0.0569322381930188	730.3785	766.3195	4.92087321847507
DEBW0216	1632.4045	1633.486	0.0662519614470559	8.37377275838467	8.36340314852841	-0.0103696098562622	702.5155	722.821	2.89039885952695
DEBW0217	1519.7905	1556.213	2.39654741887121	8.75299383983573	8.70813415468857	-0.0448596851471592	722.103	738.7585	2.30652690821117
DEBW0218	1824.2125	1553.0095	-14.8668535052797	8.3274688569473	8.78419575633128	0.456726899383984	686.969	734.9225	6.98044598810137
DEBW0219	1638.743	1530.107	-6.62922740173413	8.87604380561259	8.68147570157426	-0.19456810403833	719.2855	722.6185	0.463376503488543
DEBW0220	1625.0725	1562.9255	-3.82426014839339	7.61307734428474	7.82511019849418	0.212032854209446	650.421	711.4525	9.38338399282925
DEBW0221	1807.587	1726.561	-4.48255049411175	7.60226283367556	7.63672142368241	0.034458590006845	649.845	684.6685	5.35873939170109
DEBW0222	1617.362	1596.9845	-1.25992202116781	7.69535249828884	7.8605749486653	0.165222450376455	658.162	706.9845	7.41800650903577
DEBW0223	1802.934	1679.9855	-6.81935667084874	7.53527036276523	7.76722518822724	0.231954825462013	644.6605	692.7825	7.46470429008758
DEBW0224	1564.4075	1513.173	-3.2750098679532	8.16113347022587	8.26404791238877	0.102914442162902	684.6725	724.3205	5.79079779018436
DEBW0225	1410.828	1375.132	-2.5301454181516	9.25926078028747	9.3045311430527	0.045270362765228	751.1585	775.242	3.20618085264295
DEBW0226	1175.672	1121.8475	-4.57819017549112	9.15935660506502	9.29191923340178	0.132562628336755	760.961	783.405	2.94942842011614
DEBW0227	881.7505	879.844	-0.216217626187887	9.96402464065708	9.9145106091718	-0.049514031485284	817.478	827.7255	1.25355055426567
DEBW0230	776.0185	781.1215	0.657587415763922	10.4785995893224	10.65518275154	0.176583162217659	823.906	842.5675	2.26500353195631
DEBW0231	796.322	813.48	2.154656031103	10.499613963039	10.6220561259411	0.122442162902122	819.3585	833.4355	1.71805137799876
DEBW0234	882.503	877.9265	-0.518581806520785	7.84958110882957	7.86638740588638	0.0168062970568101	765.7605	788.925	3.02503197801401
DEBW0235	891.789	875.289	-1.85021344735134	7.92087748117728	7.96208761122519	0.0412101300479124	767.6525	792.4645	3.2321916492163
DEBW0236	951.177	942.897	-0.870500443135198	8.05330321697467	8.10800547570157	0.0547022587269002	762.62	790.49	3.65450683171173
DEBW0238	878.5645	861.3485	-1.95956016888914	7.90197125256674	7.88443805612594	-0.0175331964407937	765.497	780.9875	2.02358729034861
DEBW0239	970.9275	878.6895	-9.49998841314104	7.54877891854894	7.88806844626968	0.33928952772074	699.9275	756.775	8.1219126266649
DEBW0240	1162.521	1177.02	1.24720327632791	8.07507871321013	8.16507871321013	0.0899999999999999	733.9575	767.2595	4.53731994018728
DEBW0242	900.162	860.7995	-4.3728240027906	8.15306776180698	8.22096235455168	0.067894592744695	754.3725	779.1695	3.28710285701028
DEBW0244	875.912	838.202	-4.30522700910594	8.32821081451061	8.41460369609856	0.0863928815879547	769.0225	795.909	3.49619159387404
DEBW0245	898.6175	866.7795	-3.542997994141	8.30635318275154	8.45459274469541	0.148239561943875	757.4955	786.4875	3.82734946940278
DEBW0247	871.367	841.11	-3.47236009626253	8.86911156741958	8.90781519507187	0.0387036276522927	787.336	813.47	3.3192944308402
DEBW0248	729.2585	722.409	-0.939241709215598	9.11398494182067	9.13360164271047	0.0196167008898005	799.313	836.8515	4.69634548668669
DEBW0249	910.1775	888.5085	-2.3807444152377	8.90055578370979	8.74628884325804	-0.154266940451745	780.7835	799.695	2.42211829527647
DEBW0250	989.463	966.5725	-2.31342657582951	7.86354551676934	7.88618617385352	0.0226406570841888	706.7685	750.7505	6.22297117089966
DEBW0251	964.311	940.0985	-2.51086008559479	8.28814784394251	8.36558110882957	0.0774332648870626	732.559	775.308	5.83557092329765
DEBW0252	765.7615	735.025	-4.01384765361016	9.55877344284736	9.58069678302533	0.0219233401779615	796.387	826.3125	3.75765802304659
DEBW0255	1009.9865	944.1565	-6.51790890274275	8.94140862422998	8.82646680355921	-0.114941820670772	767.0145	798.8595	4.15181199312399
DEBW0256	1067.5305	1008.9125	-5.49099065553631	7.77573305954825	7.81496783025325	0.0392347707049963	674.666	730.3855	8.25882733085705
DEBW0257	1029.489	974.125	-5.37781365318134	8.12092813141684	8.21991649555099	0.0989883641341542	692.0325	754.009	8.95572101021267
DEBW0259	1074.0865	986.9835	-8.10949583669471	8.65502395619439	8.88972484599589	0.234700889801505	713.5205	768.803	7.74785027199639
DEBW0261	977.6815	938.4715	-4.01050853473243	8.92441889117043	8.95089938398357	0.0264804928131426	749.89	791.0955	5.49487258131193
DEBW0262	724.15	722.9775	-0.161913968100534	9.89363997262149	10.0801026694045	0.186462696783025	791.5035	826.674	4.44350530351413
DEBW0266	982.758	960.6725	-2.24729791057412	9.33012594113621	9.30685968514716	-0.0232662559890482	779.7735	805.863	3.34577925512986
DEBW0267	854.9555	819.0945	-4.19448731542169	9.67950034223135	9.93574264202601	0.256242299794662	796.7315	832.0595	4.43411613573707
DEBW0268	940.254	916.098	-2.56909303230829	9.52633675564682	9.56888158795346	0.0425448323066391	786.1915	811.606	3.23260935789817
DEBW0269	1000.291	964.028	-3.62524505368937	9.28378507871321	9.28569472963724	0.00190965092402529	754.7705	779.973	3.33909446646364
DEBW0270	839.032	802.4885	-4.35543578790796	10.0727241615332	10.1326543463381	0.0599301848049283	790.38	810.917	2.59837040410942
DEBW0271	905.045	849.9495	-6.08759785425034	9.83202464065708	10.0269514031485	0.194926762491445	799.508	819.2885	2.47408406169794
DEBW0272	918.34	886.701	-3.44523814709148	9.74720328542094	9.8431923340178	0.0959890485968522	780.7585	803.4625	2.90794144412132
DEBW0273	1370.86	1338.7805	-2.34010037494712	7.81541273100616	7.87826420260096	0.0628514715947981	674.579	719.6495	6.68127824910056
DEBW0274	1091.245	1084.4175	-0.625661515058497	8.08392334017796	8.30352498288843	0.219601642710472	731.3335	773.1325	5.71544992811077
DEBW0275	936.98	935.504	-0.157527375184078	8.3413196440794	8.54015331964408	0.198833675564682	755.4455	795.1675	5.25808943199741
DEBW0276	1232.0445	1194.9225	-3.01304051923448	7.95767419575633	8.06469404517454	0.107019849418206	698.0645	740.79	6.12056622274874
DEBW0279	979.485	899.6625	-8.14943567282807	8.16283367556468	8.31495277207392	0.152119096509239	714.987	766.988	7.27299936921931
DEBW0280	968.0455	945.4185	-2.33739013300511	8.32943737166324	8.44013278576318	0.110695414099931	739.116	779.1945	5.42249119218092
DEBW0281	740.707	723.38	-2.33925155290823	9.02086652977413	9.09546611909651	0.0745995893223821	780.697	810.482	3.81518053739158
DEBW0282	747.572	733.0495	-1.94262224909441	9.0943832991102	9.16349349760438	0.0691101984941813	777.357	807.1355	3.83073671427671
DEBW0283	1387.0645	1312.917	-5.34564182127075	7.49590143737166	7.6125749486653	0.116673511293635	643.157	693.106	7.76622193336931
DEBW0286	1254.0385	1161.2475	-7.39937410215078	7.82538945927447	7.92664613278576	0.101256673511294	672.839	719.288	6.90343455120764
DEBW0287	1381.8785	1355.095	-1.93819500050113	7.49830937713895	7.66410951403149	0.16580013689254	640.2895	685.747055478424	7.09953161474981
DEBW0288	1339.464	1308.869	-2.28412260426557	7.77796714579055	7.76051197809719	-0.0174551676933605	661.23	694.178827656424	4.98296018880322
DEBW0290	946.9495	918.485	-3.00591531016174	8.52223956194387	8.61091854893908	0.0886789869952089	738.7405	776.32	5.08696896948251
DEBW0291	945.8395	917.5645	-2.98940782236309	8.53101711156742	8.6168514715948	0.0858343600273788	739.109	776.6285	5.07631486018977
DEBW0292	927.872	900.594	-2.93984515105531	8.66020670773443	8.72674743326489	0.0665407255304586	748.093	784.2435	4.83235373142109
DEBW0293	743.909	721.492	-3.01340620963048	9.8574264202601	9.93523887748118	0.0778124572210821	787.2345	819.5885	4.10983004428795
DEBW0295	739.913	707.844	-4.33415820508628	10.1244298425736	10.0675017111567	-0.0569281314168375	821.93	840.1285	2.21411799058315
DEBW0296	805.4135	766.9295	-4.7781667429215	10.2661943874059	10.3043750855578	0.038180698151951	804.521	825.8495	2.65108058086738
DEBW0301	961.584	936.073	-2.65301835305081	8.80118001368925	8.90341820670773	0.102238193018479	764.011	799.341	4.62427896980541
DEBW0302	991.917	916.0875	-7.64474245324962	9.05266255989049	9.4037234770705	0.351060917180014	726.452	772.992	6.40647971235539
DEBW0303	990.36	943.0215	-4.77992851084454	9.05645174537988	9.25484599589322	0.198394250513347	726.9065	770.197	5.95544268760839
DEBW0304	992.885	954.824	-3.83337445927776	9.11656399726215	9.23857631759069	0.122012320328542	740.346	779.715	5.3176487750322
DEBW0305	961.459	938.3365	-2.40493874413782	8.91229431895962	9.00951266255989	0.0972183436002734	760.937	797.814	4.84626191130147
DEBW0309	920.492	903.047	-1.89518214172421	9.06679260780287	9.14101026694045	0.0742176591375774	763.917	799.8935	4.70947760031522
DEBW0310	832.9275	824.406	-1.02307823910245	9.58760164271047	9.65518822724161	0.0675865845311421	778.2135	804.172	3.33565274824967
DEBW0311	857.289	840.575	-1.94963425402635	9.75235728952772	9.76907049965777	0.0167132101300478	773.1985	800.6235	3.54695463066728
DEBW0313	826.8375	827.8835	0.126506115167725	9.92255167693361	10.0170910335387	0.0945393566050665	787.225	815.3315	3.57032614563816
DEBW0314	888.6	873.323	-1.71922124690525	9.32338672142368	9.39127173169062	0.0678850102669397	771.5285	804.8025	4.31273763704128
DEBW0316	839.754	838.0625	-0.201428037258546	8.58599863107461	8.54914168377823	-0.0368569472963713	778.0475	797.409	2.48847274748649
DEBW0317	848.34	835.893	-1.46721833227243	8.67340041067762	8.66935112936345	-0.00404928131416682	782.2665	803.3245	2.69192148711468
DEBW0318	811.8085	832.254	2.51851267879064	9.01149623545517	9.05899794661191	0.0475017111567428	775.4325	803.859	3.66588968092001
DEBW0319	820.457	813.2795	-0.874817327416307	8.87933470225873	8.91387953456537	0.0345448323066382	777.7295	803.612	3.32795657101858
DEBW0320	823.4365	814.4485	-1.09152314720079	8.94870088980151	9.00137577002053	0.052674880219028	774.847	803.1155	3.64826862593519
DEBW0321	798.604	791.4805	-0.891994029581624	9.38201232032854	9.31114168377823	-0.0708706365503087	785.3735	814.277	3.68022348602291
DEBW0322	848.3895	842.7935	-0.659602694281342	9.7130855578371	9.66711156741958	-0.0459739904175223	792.1865	820.901	3.62471463474826
DEBW0323	815.701	803.465	-1.50005945806124	9.25796577686516	9.26208761122519	0.00412183436002778	784.2735	811.7195	3.49954448288765
DEBW0324	914.8485	884.581	-3.30847129333438	9.40049691991786	9.36406707734428	-0.0364298425735807	751.4305	794.8315	5.7757836553081
DEBW0325	946.9115	947.264	0.0372262877787379	9.17028747433265	9.14507460643395	-0.0252128678987003	690.7645	753.5095	9.08341410133265
DEBW0327	893.459	907.126	1.52967287810632	10.1461711156742	10.2192854209446	0.0731143052703622	803.9145	828.427	3.04914266380317
DEBW0328	1087.8885	1015.2845	-6.6738457112103	7.45340862422998	7.50961533196441	0.0562067077344288	717.613	761.311	6.08935456854877
DEBW0329	1070.104	1003.186	-6.25341088342815	7.47588637919233	7.53176317590691	0.0558767967145783	719.219	762.58	6.02890079377771
DEBW0330	1062.8265	997.543	-6.14244187550836	7.48373579739904	7.54478576317591	0.0610499657768644	719.6455	763.434	6.08473199651773
DEBW0331	1011.298	960.373	-5.03560770415842	7.53872826830938	7.59109514031485	0.052366872005476	716.0555	759.5845	6.07899806649066
DEBW0335	1619.1445	1424.48	-12.0226761725096	6.64122655715263	6.74501574264203	0.103789185489391	602.1635	684.482556090337	13.6705489605957
DEBW0336	1496.575	1322.28	-11.646258957954	6.77778507871321	6.86719370294319	0.0894086242299794	618.9	698.557	12.8707384068509
DEBW0337	1399.039	1181.037	-15.58226754222	7.07094729637235	7.11369336071184	0.0427460643394939	655.761	727.8145	10.9877684095273
DEBW0339	903.447	874.744	-3.17705410500006	7.62800547570157	7.83015331964408	0.202147843942505	729.847	783.337	7.32893332438169
DEBW0340	898.845	883.178	-1.74301464657421	7.73037782340862	7.78985489390828	0.059477070499657	738.1035	773.3245	4.77182400571194
DEBW0341	954.4605	905.433	-5.13667144947328	7.41943874058864	7.5420205338809	0.122581793292266	679.449	729.8535	7.41843758692705
DEBW0342	915.756	898.4515	-1.88964090871368	7.48239425051335	7.5246173853525	0.0422231348391513	710.7995	743.1095	4.54558563983234
DEBW0343	986.798	966.0335	-2.10423004505483	7.53161943874059	7.72617796030116	0.194558521560575	714.631	745.248	4.28430896504628
DEBW0344	953.4215	945.6855	-0.811393491755756	7.50483915126626	7.64494729637235	0.140108145106091	718.6275	748.377	4.13976642975674
DEBW0346	892.881	887.349	-0.61956744515787	7.52353867214237	7.58566187542779	0.0621232032854211	730.3145	759.4525	3.98978796121398
DEBW0347	831.3895	816.377	-1.80571200382012	7.97697056810404	7.99055852156058	0.0135879534565371	756.549	782.0365	3.36891595917779
DEBW0352	816.9505	800.6655	-1.99338882833171	8.27960574948665	8.24967419575633	-0.0299315537303215	784.6235	805.243	2.62794830896604
DEBW0354	916.051	895.518	-2.24146908851145	7.71886516084873	7.75318275154004	0.0343175906913071	723.149	760.6155	5.18102078548128
DEBW0356	941.5525	949.604	0.855130223752795	8.14175222450377	8.19651197809719	0.0547597535934283	764.71	781.0005	2.13028468308247
DEBW0358	881.226	884.0575	0.321313715210414	8.33749760438056	8.35257905544148	0.015081451060917	772.9935	794.781	2.81858773715433
DEBW0359	862.7205	860.0885	-0.305081425560184	8.40833949349761	8.42318822724162	0.0148487337440102	776.99	800.4985	3.02558591487663
DEBW0360	854.5245	851.9595	-0.300166934944541	8.45269541409993	8.54893223819302	0.0962368240930864	775.7565	802.502	3.44766689031933
DEBW0361	918.311	923.8	0.597727785031424	8.09412320328542	8.22146611909651	0.12734291581109	761.1835	781.2265	2.63313642505388
DEBW0362	881.4505	883.594	0.243178715083845	8.38976317590691	8.49269541409993	0.102932238193018	769.1255	794.611	3.313568461844
DEBW0363	1068.568	1019.707	-4.57256814727748	7.80756741957563	7.99009582477755	0.182528405201916	749.872	769.7845	2.65545319734567
DEBW0364	984.0755	1022.996	3.95503190558041	7.91216563997262	7.96325393566051	0.0510882956878849	754.1945	767.5875	1.77580186543392
DEBW0366	1050.0775	957.7085	-8.79639836107334	7.8101492128679	8.15190554414784	0.341756331279946	752.2325	781.829	3.9344883397088
DEBW0368	1004.184	976.933	-2.71374568804123	7.95309103353867	8.12478576317591	0.171694729637236	755.494	777.7845	2.95045361048533
DEBW0369	943.087	926.1185	-1.79925075841361	8.22338945927447	8.37381793292266	0.150428473648185	761.687	788.194	3.4800383884719
DEBW0370	1767.452	1669.796	-5.52524198676966	7.00873648186174	7.20919370294319	0.200457221081451	721.9655	740.4275	2.5571859043126
DEBW0371	1747.577	1680.48	-3.83943025114201	7.15839288158795	7.21458863791923	0.0561957563312792	729.575	740.729	1.52883528081417
DEBW0372	1487.882	1459.8065	-1.8869439915262	7.51967556468172	7.60627104722793	0.0865954825462012	747.738	760.909	1.76144585402908
DEBW0373	1101.2815	1114.6815	1.21676428778655	7.90592881587953	8.05760985626283	0.151681040383299	756.043	773.312	2.2841293418496
DEBW0374	1267.727	1265.276	-0.193338155612369	7.74033538672142	7.86131279945243	0.120977412731006	752.627	768.3865	2.09393231972808
DEBW0376	903.214	881.4065	-2.41443334580729	7.8682546201232	7.81125256673511	-0.0570020533880902	702.459	747.901	6.46898964921796
DEBW0380	851.786	835.3185	-1.9332907561289	8.2708501026694	8.14804654346338	-0.122803559206023	707.888	748.351	5.71601722306353
DEBW0381	821.8615	800.4815	-2.60141155170305	8.35850239561944	8.27147980835045	-0.0870225872689936	730.1365	768.0925	5.19848001024466
DEBW0382	820.5645	799.0465	-2.62234108348582	8.36082546201232	8.27511430527036	-0.085711156741958	731.099	768.847	5.16318583392948
DEBW0386	731.6895	738.269	0.899220229345925	9.09123750855578	9.03787405886379	-0.0533634496919912	768.3115	794.038	3.3484465610628
DEBW0387	731.5525	720.515	-1.50877756551991	9.05619849418207	9.11221492128679	0.0560164271047228	772.5405	802.238	3.84413503240285
DEBW0388	711.933	700.542	-1.60001011331122	9.28465708418891	9.37002600958248	0.085368925393567	787.443	816.0845	3.63727914274431
DEBW0389	743.1785	725.2605	-2.4109954741694	9.43884052019165	9.34162491444216	-0.0972156057494864	796.162	820.9865	3.11802120673932
DEBW0391	687.9215	671.158	-2.436833272401	9.4406598220397	9.48103490759754	0.0403750855578373	800.47	812.7195	1.53028845553236
DEBW0392	715.923	713.616	-0.322241358358373	9.20213415468857	9.16669404517454	-0.0354401095140311	783.8155	802.0195	2.32248532977468
DEBW0393	707.579	695.7205	-1.67592593901175	9.35941957563313	9.40663381245722	0.0472142368240931	791.964	817.665	3.24522326772428
DEBY0394	906.607	884.9355	-2.39039627975518	8.65396440793977	8.70387953456537	0.0499151266255993	780.008	807.3395	3.50400252305105
DEBY0395	921.275	918.4355	-0.3082141597243	7.52848323066393	7.56580971937029	0.0373264887063662	690.7085	740.6635	7.23242873078876
DEBY0397	705.075	702.333	-0.38889479842571	8.74653661875428	8.81490896646133	0.0683723477070508	768.611	801.4645	4.27439888318019
DEBY0398	835.213	826.5635	-1.03560409141141	8.80575906913073	8.81598220396988	0.0102231348391513	776.343	803.2525	3.46618698178509
DEBY0401	888.796	866.21	-2.54119055441293	9.35117180013689	9.44921423682409	0.0980424366871997	757.507	788.859	4.13883964108584
DEBY0402	789.2745	755.919	-4.22609624408238	8.51956057494866	8.58201642710472	0.0624558521560576	749.422	787.918	5.13675872872694
DEBY0403	1469.6545	1426.88	-2.91051400176029	8.46695277207392	8.79256810403833	0.325615331964407	748.385	781.063	4.36646913019368
DEBY0405	1041.083	1027.724	-1.28318299309471	8.8481067761807	8.98435592060233	0.13624914442163	773.078	809.0725	4.65599848915634
DEBY0407	686.6945	667.872	-2.74102967185552	8.63134839151266	8.69267214236824	0.0613237508555784	765.7355	797.3885	4.13367278910277
DEBY0408	905.8435	882.246	-2.60503055991461	8.92245037645448	8.98229431895962	0.0598439425051343	778.4675	807.4965	3.72899318211743
DEBY0409	634.7385	627.4995	-1.14046965797727	9.39519644079398	9.28354414784394	-0.111652292950033	791.858	820.134	3.57084224696853
DEBY0412	1041.819	1018.9985	-2.19044766893289	8.7901492128679	8.95379055441478	0.163641341546885	762.419	800.4195	4.98420160043231
DEBY0413	667.6125	656.0685	-1.72914677301576	9.28702532511978	9.17376865160849	-0.113256673511295	805.932	820.841	1.84990793267918
DEBY0414	1378.0335	1507.7915	9.41617166781504	8.06882409308693	7.71973716632444	-0.349086926762491	764.5285	785.754	2.77628629933351
DEBY0415	1121.7305	1069.617	-4.64581287573086	7.81280629705681	7.51979739904175	-0.293008898015058	745.154	757.7045	1.68428271203
DEBY0417	803.0975	781.786	-2.65366284915594	8.87923750855578	8.93190554414784	0.0526680355920597	787.4445	818.09	3.89176634035795
DEBY0418	684.2835	679.5125	-0.697225638204042	8.83065571526352	8.83810266940452	0.00744695414099894	779.363	805.04	3.29461367809351
DEBY0419	859.3735	829.741	-3.44815147313712	8.29967693360712	8.20433675564682	-0.0953401779603009	736.359	771.049	4.71101731628186
DEBY0420	1080.383	1089.479	0.841923651149639	8.7753401779603	8.95282272416153	0.177482546201233	778.2525	814.2085	4.62009437810993
DEBY0423	1149.0555	1096.503	-4.57353887605949	6.75199452429843	6.8266392881588	0.0746447638603698	629.8685	687.5955	9.16492887007367
DEBY0425	980.285	917.3525	-6.41981668596379	7.71911430527036	7.76086926762491	0.0417549623545517	614.3945	669.1745	8.91609544030749
DEBY0428	719.639	703.3445	-2.26426027494342	8.62704859685147	8.62881177275838	0.00176317590691255	744.0315	774.752	4.12892464902361
DEBY0429	636.404	647.8035	1.79123638443504	8.77682272416153	8.72466119096509	-0.0521615331964416	791.5025	803.2325	1.48199152876965
DEBY0433	1552.804	1639.0025	5.55115133654988	6.77366461327858	6.91940999315537	0.145745379876796	715.3255	744.5805	4.08974655593852
DEBY0437	956.9895	934.785	-2.32024489296904	8.43989185489391	8.51279671457906	0.0729048596851474	686.197	742.526	8.20886713290791
DEBY0438	865.1385	846.704	-2.13081489264435	8.04873237508556	8.0610855578371	0.0123531827515393	722.014	765.2485	5.98804178312331
DEBY0439	731.3155	713.5115	-2.43451697659902	8.65056673511294	8.80106502395619	0.150498288843258	763.6605	802.241	5.05204865250986
DEBY0443	971.707	971.631	-0.0078212876926915	8.78724845995893	8.98917864476386	0.201930184804928	759.972	797.0015	4.87248214407901
DEBY0444	1709.326	1757.671	2.82830776575095	6.88326078028747	6.61038056125941	-0.272880219028063	688.8745	708.6145	2.86554372385681
DEBY0445	907.7725	894.375	-1.4758653737583	8.71492676249144	8.80803696098563	0.0931101984941822	771.0785	801.224	3.90952412756937
DEBY0447	999.998	956.195	-4.38030876061751	7.15062422997947	7.23246954140999	0.0818453114305271	652.927	711.095	8.90880603804101
DEBY0448	1088.6315	1101.2325	1.15750830285548	8.64393018480493	8.85673785078713	0.212807665982204	771.098	806.492	4.59007804455465
DEBY0449	647.9765	635.1555	-1.97862113826657	9.39937850787132	9.42022176591376	0.0208432580424365	801.4835	823.563	2.75482901394724
DEBY0451	684.905	688.576	0.535986742686949	8.77215058179329	8.98390554414784	0.211754962354551	765.566	808.7345	5.63876922433859
DEBY0453	656.126	672.414	2.4824500172223	9.15025872689938	9.09130321697467	-0.0589555099247097	798.697	817.6675	2.37518107617783
DEBY0454	842.5705	835.832	-0.799755035335327	8.97906091718001	8.87891307323751	-0.100147843942505	775.302	802.982	3.57022166845951
DEBY0457	904.858	862.1265	-4.7224536888661	8.75534702258727	8.75724435318275	0.00189733059548303	778.7265	806.963	3.62598421910645
DEBY0458	782.2625	763.1485	-2.44342532078427	9.02213963039014	8.99352224503765	-0.0286173853524971	774.371	801.039	3.44382731274802
DEBY0460	1388.497	1334.3535	-3.89943226380755	8.95758795345654	9.12961259411362	0.172024640657083	770.8525	798.8305	3.62948813164646
DEBY0461	680.0415	645.9255	-5.01675265406596	8.6773607118412	8.74219849418207	0.064837782340863	771.6955	804.6135	4.2656721465915
DEBY0465	674.7365	649.627	-3.72137864188463	9.13463244353183	9.1558945927447	0.021262149212868	799.4105	822.7505	2.91965141813873
DEBY0466	1152.7965	1135.997	-1.45728235642631	7.82813141683778	7.93549486652977	0.107363449691992	756.24	775.681	2.57074473712049
DEBY0467	892.456	838.6045	-6.03407899100907	8.88457631759069	8.97918001368925	0.094603696098563	733.58	768.892	4.81365358924725
DEBY0470	734.9355	749.9085	2.0373216425115	9.08897330595483	9.07955509924709	-0.00941820670773375	760.0315	789.7675	3.912469417386
DEBY0472	907.202	893.1985	-1.54359227603113	8.18973169062286	8.19777275838467	0.00804106776180724	698.9315	737.486	5.51620580843761
DEBY0473	798.748	797.026	-0.215587394272019	8.16824093086927	8.24879808350445	0.0805571526351816	716.054	770.3215	7.57868819949334
DEBY0474	910.944	896.568	-1.57814311307831	8.68019028062971	8.79920191649555	0.119011635865846	775.0475	803.835	3.71428847909322
DEBY0475	1234.79	1118.663	-9.40459511333911	7.46975906913073	7.82649418206708	0.356735112936345	729.4735	762.5805	4.53847877955814
DEBY0476	805.552	785.586	-2.47854887083638	8.40831348391513	8.51349349760438	0.105180013689255	729.3095	776.821	6.51458674266549
DEBY0478	830.1085	818.5125	-1.39692582355197	8.82192744695414	8.86019301848049	0.0382655715263507	773.5405	800.899	3.53678960571554
DEBY0479	781.835	760.3835	-2.74373748936796	8.52045995893224	8.62311019849418	0.102650239561944	749.819	789.319	5.26793799570296
DEBY0481	735.052	697.187	-5.15133623199447	8.64367419575633	8.80407802874743	0.160403832991102	782.6415	805.6	2.93346315011408
DEBY0485	886.9535	863.174	-2.68103119272882	8.71232717316906	8.75734291581109	0.0450157426420272	779.175	808.9735	3.82436551480733
DEBY0487	1311.663	1306.597	-0.386227255019013	8.08294455852156	8.11126214921287	0.0283175906913069	782.2855	795.2115	1.6523379252204
DEBY0488	1113.976	1062.045	-4.6617700919948	7.38499520876112	7.23433127994524	-0.150663928815879	730.4155	747.314	2.31354619391293
DEBY0490	812.8675	804.985	-0.969715236493038	9.06465708418891	9.01517453798768	-0.0494825462012329	755.5065	795.988	5.35819347682649
DEBY0491	739.3095	726.054	-1.79295680631726	8.705871321013	8.76865160848734	0.0627802874743324	762.758	796.083	4.36901350100555
DEBY0493	708.114	680.476	-3.90304386016941	8.78024093086927	8.94790417522245	0.167663244353184	794.7985	819.5495	3.1141226361147
DEBY0494	1324.4375	1298.786	-1.93678448397904	7.39419986310746	7.45527310061602	0.0610732375085554	718.624	743.098	3.40567529055527
DEBY0495	881.871	881.249	-0.0705318578340646	8.77800410677618	8.76674058863792	-0.0112635181382608	786.0115	814.4645	3.619921591478
DEBY0497	1013.2435	971.059	-4.16331316213723	7.14578370978782	7.26752498288843	0.121741273100616	656.0535	710.0555	8.23134088911957
DEBY0498	1030.1295	977.5385	-5.10528045260329	7.32628884325804	7.37085694729637	0.0445681040383299	661.8895	719.8255	8.75312268890805
DEBY0500	827.2665	778.5	-5.89489602201951	9.09862012320329	9.18039698836413	0.0817768651608475	768.0975	791.909	3.10006216658691
DEBY0510	954.141	925.1025	-3.04341811115967	8.53022313483915	8.59092402464066	0.060700889801506	783.196	803.8225	2.63363193887609
DEBY0511	886.89	878.78	-0.914431327447599	8.691659137577	8.72835592060233	0.0366967830253255	793.776	815.868	2.78315292979379
DEBY0514	1020.8215	982.9285	-3.71201037595701	8.45784804928131	8.56201642710472	0.104168377823409	713.775	747.9245	4.78435081082974
DEBY0515	702.6255	672.053	-4.35117996713754	9.06165366187543	9.11716632443532	0.0555126625598916	800.656	824.7675	3.01146809616113
DEBY0516	732.5905	710.341	-3.03709917068267	9.14606570841889	9.33447775496236	0.188412046543464	796.466	819.3885	2.87802618065304
DEBY0520	1107.865	986.7905	-10.9286330013133	7.26886516084873	7.43426830937714	0.165403148528406	628.3085	698.576	11.1835985029647
DEBY0523	830.339	777.1725	-6.4029872136561	7.95767419575633	8.07626557152635	0.11859137577002	686.0975	738.3305	7.61305791086543
DEBY0526	1076.9435	993.86	-7.71475012384585	7.3055742642026	7.42440109514031	0.118826830937714	620.2185	685.697	10.5573277804516
DEBY0529	794.8795	798.6935	0.479821155282037	8.27543874058864	8.20984394250513	-0.0655947980835059	738.4325	773.24	4.71370098147089
DEBY0532	811.807	793.4325	-2.26340743551115	8.84409719370294	8.90621629021218	0.0621190965092406	774.3765	810.9185	4.71889319988402
DEBY0534	899.2375	880.311	-2.10472761645282	8.41861464750171	8.44890485968515	0.0302902121834361	707.305	740.2855	4.66283993468164
DEBY0536	786.87	766.5795	-2.57863433604025	8.76600684462697	8.82652429842574	0.0605174537987683	770.747	803.419	4.23900449823352
DEBY0537	1006.863	985.9275	-2.07927990203235	7.20961396303901	7.41650102669405	0.206887063655031	640.3245	713.1275	11.3697039547917
DEBY0539	912.121	907.988	-0.453119706705571	9.27455030800821	9.08930047912389	-0.185249828884327	764.6385	777.62	1.69773036539489
DEBY0541	678.4255	675.569	-0.421048442312398	8.64894182067077	8.62450513347023	-0.0244366872005468	768.7815	794.349	3.32571738523885
DEBY0542	1479.0075	1598.772	8.09762627978558	7.25997672826831	7.18465160848734	-0.0753251197809721	742.1355	752.8795	1.44771406299793
DEBY0545	815.76	812.048	-0.455035794841619	8.93658179329227	8.94052840520192	0.00394661190965095	778.7455	809.1855	3.90885083766133
DEBY0546	761.7305	751.4935	-1.34391362824516	8.82600958247776	8.84614373716632	0.0201341546885683	796.3055	819.9555	2.96996567272234
DEBY0547	765.9185	760.545	-0.701575950966067	8.29908145106092	8.36715126625599	0.0680698151950718	737.0675	778.1675	5.57615143796193
DEBY0550	961.5875	958.4	-0.331483094362188	8.54700616016427	8.68873648186174	0.141730321697468	756.565	799.84	5.71993153265086
DEBY0554	864.3255	852.292	-1.39224169598142	8.32036960985626	8.37094866529774	0.050579055441478	718.2395	763.938	6.36257125930835
DEBY0556	2070.3145	2042.1415	-1.36080774201213	6.0967446954141	6.09265571526352	-0.00408898015058146	661.931	697.111	5.31475335042473
DEBY0557	722.661	731.302	1.19571970813425	8.90552908966461	8.96001232032854	0.0544832306639282	798.267	824.9495	3.34255330609934
DEBY0558	945.214	904.237	-4.33520874637911	8.67347843942505	8.79672142368241	0.123242984257358	727.4745	768.943	5.70033726268068
DEBY0560	1600.232	1536.44	-3.98642196881452	7.85180150581793	8.47218617385352	0.620384668035591	724.182	762.536	5.29618245137271
DEBY0562	791.7295	749.246	-5.36591095822501	8.33005612594114	8.53451197809719	0.204455852156059	762.5595	796.556	4.45820949053811
DEBY0563	746.0915	736.712	-1.2571514351792	8.78974127310062	8.86786995208761	0.0781286789869959	767.877	800.896	4.300037636236
DEBY0566	1078.968	1066.2755	-1.17635555456697	8.03103080082136	8.08515811088296	0.0541273100616007	767.8385	786.0085	2.36638303497415
DEBY0567	704.8065	695.7775	-1.28106083017112	8.82448459958932	8.83422039698836	0.00973579739904196	773.149	799.861	3.45496146279695
DEBY0569	750.1095	735.5575	-1.93998342908602	8.79897330595483	8.88484052019165	0.0858672142368242	767.5805	801.6205	4.43471401370931
DEBY0570	802.189	756.0105	-5.75656110966369	8.23351403148528	8.48841204654346	0.254898015058179	754.887	793.69	5.14023953253931
DEBY0572	932.7885	918.836	-1.49578387812457	8.77318685831622	8.79215742642026	0.018970568104038	726.473	761.6235	4.83851430128855
DEBY0578	866.244	854.517	-1.353775610567	8.81451334702259	8.83875017111567	0.0242368240930873	773.485	805.8195	4.18036548866493
DEBY0580	899.514	873.572	-2.88400180541937	8.35797535934292	8.42615195071869	0.068176591375769	715.519	762.7515	6.60115245017953
DEBY0582	898.4275	867.672	-3.42325897192596	7.25111293634497	7.29288295687885	0.0417700205338809	653.8275	712.7055	9.00512749922572
DEBY0583	849.3405	844.2815	-0.595638616079178	8.36485284052019	8.47133059548255	0.106477754962356	716.5375	756.3695	5.55895539312318
DEBY0584	811.209	804.472	-0.830488813610313	8.37711019849418	8.40949212867899	0.0323819301848047	717.3425	769.4635	7.26584581284395
DEBY0585	1042.3075	987.8065	-5.22887919352015	8.43411909650924	8.46596577686516	0.0318466803559208	770.245	800.1315	3.88012904984777
DEBY0586	1221.752	1273.0155	4.19590064104663	7.70182067077344	7.78216427104723	0.0803436002737854	756.7445	777.6285	2.75971612611654
DEBY0589	657.6445	676.5945	2.88149600582076	9.14210403832991	9.04455852156057	-0.0975455167693369	789.3675	809.3705	2.53405416361833
DEBY0596	922.7935	904.3275	-2.0010977537228	7.70917864476386	7.76428884325804	0.055110198494182	705.691	750.9225	6.40953335099923
DEBY0602	819.584	826.055	0.789546892081823	8.71344421629021	8.64741136208077	-0.0660328542094444	788.0495	813.2615	3.19929141506974
DEBY0603	813.968	804.3865	-1.17713472765516	9.04775633127995	9.00248186173854	-0.0452744695414093	752.7265	796.1445	5.76809770879596
DEBY0606	721.484	708.574	-1.7893674703805	9.0962559890486	9.21286652977413	0.11661054072553	815.888	836.8335	2.56720285137175
DEBY0607	812.6965	795.0305	-2.17375120970743	8.99564134154689	8.95702806297057	-0.0386132785763174	754.036	799.005	5.96377361293095
DEBY0608	764.247	782.979	2.45104004333677	8.75895550992471	8.61514168377823	-0.143813826146475	751.6965	772.9945	2.83332435364539
DEBY0612	680.1395	658.25	-3.2183838756608	8.91188774811773	8.93611498973306	0.024227241615332	794.1535	816.4375	2.80600664732951
DEBY0616	800.391	785.6825	-1.83766434155306	8.86618206707734	8.94144421629021	0.0752621492128682	786.6595	812.2465	3.25261437763098
DEBY0620	986.6605	976.805	-0.998874486208783	8.37510882956879	8.48745106091718	0.112342231348393	771.4945	792.521	2.72542448455562
DEBY0622	1115.9845	1104.5555	-1.02411816651576	7.85735386721424	7.89769746748802	0.0403436002737845	765.652	779.4855	1.80676077382413
DEBY0623	684.5285	657.99	-3.87690213044453	8.79744832306639	8.84481587953456	0.0473675564681724	790.1815	812.263	2.79448455829453
DEBY0624	902.532	877.0135	-2.82743437351805	8.4484476386037	8.49878302532512	0.0503353867214233	719.4225	764.384	6.24966553033857
DEBY0626	689.4975	680.41	-1.31798882519516	9.1139794661191	9.10226694045175	-0.0117125256673507	802.71	821.996	2.40261115471339
DEBY0628	919.9765	995.471	8.2061335262368	7.61828473648186	7.51559069130732	-0.102694045174538	729.149	760.621	4.3162645769246
DEBY0630	656.48	650.6405	-0.889516816963204	8.69756468172485	8.82492950034223	0.127364818617385	780.95	812.1715	3.99788718868045
DEBY0631	695.0795	686.6325	-1.21525667207853	8.83223956194387	8.94230116358658	0.110061601642711	784.7595	805.865	2.68942268300033
DEBY0632	1326.7965	1424.221	7.34283667465207	7.53787542778919	7.5991704312115	0.0612950034223143	757.0705	770.187	1.73253349588975
DEBY0635	746.237	749.616	0.452805207996926	8.75326078028747	8.81326078028748	0.0600000000000005	768.7605	799.7235	4.0276523052368
DEBY0637	820.66	815.306	-0.652401725440504	8.87580013689254	8.82044900752909	-0.0553511293634497	775.5905	805.773	3.89155101822416
DEBY0641	675.283	665.678	-1.42236662258638	8.70747296372348	8.86279671457905	0.155323750855578	779.095	803.802	3.17124355823102
DEBY0642	872.783	865.339	-0.852903871867357	7.08430116358658	7.19847364818617	0.11417248459959	648.603	707.259	9.0434364318389
DEBY0643	819.006	795.271	-2.89802516709281	8.76783846680356	8.83658179329227	0.0687433264887076	779.0205	810.885	4.09032881676413
DEBY0644	872.439	863.5615	-1.01754965103577	8.01059822039699	8.02395482546201	0.0133566050650238	724.8515	765.464	5.6028717606296
DEBY0645	843.674	823.4065	-2.40229045816274	8.8206379192334	8.88501984941821	0.0643819301848048	780.0365	814.1665	4.37543627766138
DEBY0647	663.73	634.13	-4.45964473505793	9.47388637919233	9.48039835728953	0.00651197809719228	809.7985	828.3785	2.29439792738564
DEBY0648	990.4295	924.211	-6.68583680110497	6.9765735797399	7.00576728268309	0.0291937029431892	637.073	696.4185	9.31533748879642
DEBY0649	867.7565	874.469	0.773546496050445	7.15922245037645	7.16777138945927	0.00854893908282062	653.6385	699.5795	7.02850275802298
DEBY0651	1044.5185	997.206	-4.52959904491878	7.09302532511978	7.33796167008898	0.244936344969199	632.3115	711.594	12.5385193848285
DEBY0652	929.829	922.5695	-0.780734952340712	8.64862286105407	8.82288980150582	0.174266940451746	772.2925	801.1315	3.73420692289514
DEBY0653	775.5415	761.1295	-1.85831448091431	8.70198767967146	8.7042135523614	0.00222587268993912	765.082	809.619	5.82120609294166
DEBY0657	910.506	892.905	-1.93310093508445	8.30581108829569	8.32025325119781	0.0144421629021227	692.023	727.6315	5.14556597107322
DEBY0660	917.416	902.786	-1.59469640817251	8.28018206707734	8.30700752908966	0.0268254620123205	708.902	747.435	5.43558912233285
DEBY0662	868.8775	859.5525	-1.07322378586164	8.44190417522245	8.45993155373032	0.0180273785078704	723.9735	760.148	4.99666078937972
DEBY0666	859.9235	839.5835	-2.36532668312939	8.76944421629021	8.83128268309377	0.0618384668035592	779.748	811.4555	4.06637785540971
DEBY0673	1046.229	1036.0265	-0.975168916174172	8.06422176591376	8.10247227926078	0.0382505133470232	770.2955	787.4825	2.23122165454686
DEBY0675	1050.849	985.1215	-6.25470452938528	7.27499110198494	7.43897741273101	0.163986310746064	634.754	700.505	10.3585010886107
DEBY0676	874.583	854.46	-2.3008679565004	8.18951266255989	8.41497604380561	0.225463381245723	703.4985	753.4875	7.10577208053749
DEBY0679	829.575	822.581	-0.843082301178331	9.07426967830253	9.06583572895277	-0.0084339493497616	783.1385	813.3935	3.86330131898764
DEBY0680	891.0295	853.69	-4.19060199465899	7.6198945927447	7.67150034223135	0.0516057494866526	629.9125	700.0325	11.1317048002699
DEBY0681	875.297	848.8235	-3.02451624991287	8.57143326488706	8.6300629705681	0.0586297056810405	737.3145	778.3855	5.5703502372461
DEBY0682	1645.332	1780.0915	8.19041384960604	7.61963175906913	7.20902258726899	-0.410609171800138	749.5205	749.5555	0.00466965213093996
DEBY0687	1006.1285	1012.997	0.682666279704822	8.18774674880219	8.41212457221081	0.224377823408624	764.2765	792.7475	3.72522248165422
DEBY0688	959.602	929.351	-3.15245278771825	7.35723066392882	7.49599315537303	0.138762491444216	674.797	731.0885	8.34199025781087
DEBY0690	697.649	675.704	-3.14556460340372	8.63207255304586	8.74856810403833	0.116495550992472	765.2105	799.76	4.51503213821557
DEBY0691	841.9785	795.7515	-5.49028270911904	7.32526625598905	7.32982614647502	0.00455989048596805	658.8595	716.2135	8.70504257736286
DEBY0692	852.3105	854.46	0.252196822636833	8.25808761122519	8.41497604380561	0.156888432580425	709.0845	753.4875	6.26201813747161
DEBY0694	1009.7735	1016.3765	0.653909020191157	8.14275838466803	8.39023271731691	0.247474332648871	760.5205	790.223	3.90554889710402
DEBY0695	985.951	1001.995	1.62726139534319	8.2661054072553	8.46191238877481	0.195806981519507	775.2145	807.986	4.22741060699973
DEBY0696	1350.123	1288.9085	-4.53399431014804	7.58143600273785	7.61459958932238	0.0331635865845312	756.896	765.927	1.19316260093858
DEBY0698	805.7525	786.3915	-2.40284702808865	8.53639972621492	8.5313620807666	-0.00503764544832208	740.4465	776.001	4.80176488105487
DEBY0702	796.8475	755.3375	-5.20927781037151	8.62006707734428	8.6870212183436	0.0669541409993162	706.828	748.845	5.94444475883808
DEBY0707	819.859	802.2425	-2.14872313409988	8.74891033538672	8.7220424366872	-0.0268678986995212	777.125	803.3555	3.37532571980055
DEBY0708	854.328	835.016	-2.26049011620831	8.2950431211499	8.35483641341547	0.0597932922655726	709.4235	763.1425	7.57220475498768
DEBY0709	1017.8235	975.735	-4.13514720381285	8.57154962354552	8.64396851471595	0.0724188911704307	722.3045	755.0935	4.53949823100924
DEBY0713	1160.3955	1133.5405	-2.31429715127299	8.48901026694045	8.64431074606434	0.155300479123888	751.823	784.3475	4.32608473004951
DEBY0718	678.503	688.7315	1.50750991521041	8.77598220396988	8.9113826146475	0.135400410677619	777.484	802.8885	3.26752704878814
DEBY0722	1653.045	1628.181	-1.50413328130813	8.09437508555784	8.35753319644079	0.263158110882957	738.0255	773.2905	4.77829018103033
DEBY0725	880.8555	851.3825	-3.34595174804494	8.39410814510609	8.38289938398357	-0.0112087611225196	704.095	752.5715	6.88493740191309
DEBY0726	666.543	655.5785	-1.64498014381668	8.90650102669404	8.96642026009583	0.0599192334017804	775.909	792.494	2.13749292765001
DEBY0728	822.1205	816.75	-0.653249736504563	8.90053388090349	8.84784257357974	-0.0526913073237498	774.678	805.1735	3.93653879418287
DEBY0729	926.13	897.19	-3.1248312871843	8.35359890485969	8.39945516769336	0.0458562628336754	712.291	759.9815	6.69536748323368
DEBY0734	1050.21	1012.172	-3.62194227821104	8.27601505817933	8.46624914442163	0.190234086242301	791.7505	804.3385	1.58989479640367
DEBY0735	1177.0965	1133.011	-3.74527492011064	7.72816016427105	7.99855715263518	0.270396988364134	705.267	729.973	3.50307046834743
DEBY0736	685.3755	678.7385	-0.968374270746466	9.07181656399726	9.06206981519507	-0.00974674880218984	800.6375	819.172	2.31496776006619
DEBY0737	881.085	867.9195	-1.49423721888354	8.45656125941136	8.46774811772758	0.011186858316222	725.088	776.0725	7.03149135001545
DEBY0739	818.899	787.987	-3.77482448995542	8.83285831622177	8.84375496235455	0.0108966461327871	768.5925	798.522	3.8940661013476
DEBY0741	908.517	892.3295	-1.78174981866052	8.50177275838467	8.54136618754278	0.0395934291581117	793.0515	813.4265	2.56919002107682
DEBY0742	704.878	673.3095	-4.47857643450354	9.20907597535934	8.99544832306639	-0.213627652292949	807.1105	820.7785	1.6934484187729
DEBY0743	1035.115	987.939	-4.55756123715723	7.17855715263518	7.26353456536619	0.0849774127310061	645.578	712.629	10.3861965556447
DEBY0746	709.364	703.526	-0.82299073536294	8.96135660506502	8.95765503080082	-0.0037015742642037	801.0945	818.2505	2.14157006445557
DEBY0747	807.386	760.3165	-5.82986328720091	8.77433401779603	8.78946201232033	0.0151279945242973	766.226	797.2465	4.04847916933124
DEBY0748	1156.8985	1094.9775	-5.35232779712309	7.60258042436687	7.84918138261465	0.246600958247775	722.441	746.229	3.29272563434246
DEBY0749	677.7545	658.9775	-2.77047219900422	9.04963175906913	9.08577823408624	0.0361464750171105	795.197	809.4325	1.79018532514584
DEBY0752	909.965	890.996	-2.08458567087746	8.58387542778919	8.63657221081451	0.0526967830253238	781.332	804.6225	2.98087112776644
DEBY0753	739.6335	731.397	-1.11359206958581	8.96531006160164	9.0132772073922	0.0479671457905528	795.2295	836.6795	5.21233178598127
DEBY0755	694.5595	674.3585	-2.90846212599497	9.00301574264203	9.11690212183436	0.113886379192335	793.833	822.41	3.59987554057341
DEBY0756	830.902	815.713	-1.82801341193066	8.76101848049281	8.84786995208761	0.0868514715947981	787.325	819.7775	4.12186835169719
DEBY0757	2016.8775	1905.321	-5.53114901623922	6.26986310746064	6.03900889801506	-0.230854209445585	685.4255	716.4925	4.53251301563773
DEBY0758	826.9615	814.927	-1.45526726455826	8.81803422313484	8.82688706365503	0.00885284052019131	775.3505	803.496	3.63003570643212
DEBY0760	870.435	880.573	1.16470500381992	8.95345379876797	8.93293771389459	-0.0205160848733748	741.138	770.8675	4.01133122306507
DEBY0761	842.9345	835.2165	-0.915610880797956	9.03728405201917	8.92630937713895	-0.11097467488022	778.003	804.532	3.40988402358346
DEBY0762	649.8065	644.577	-0.804778037769692	9.37126488706365	9.26121423682409	-0.110050650239561	797.8515	822.5425	3.09468616653599
DEBY0764	737.004	719.1245	-2.42597055104179	8.84201505817933	8.83580561259411	-0.00620944558521686	790.1745	819.356	3.69304501727151
DEBY0765	720.8495	706.292	-2.01949227959512	8.50342094455852	8.4838726899384	-0.0195482546201244	738.542	773.006	4.66649154685855
DEBY0766	816.8675	779.066	-4.62761708600232	8.44834360027379	8.5281711156742	0.0798275154004102	740.9745	785.3025	5.98239210661095
DEBY0767	712.9495	694.277	-2.61904945581698	8.8203819301848	8.88071594798084	0.0603340177960305	791.189	810.002	2.37781364503298
DEBY0768	776.9375	767.5045	-1.21412597538412	8.61356331279945	8.63950444900753	0.0259411362080755	745.6435	776.7025	4.16539539337498
DEBY0770	795.7455	798.2955	0.3204542155752	8.19400410677618	8.24658453114305	0.052580424366873	721.371	770.412	6.7983048944302
DEBY0771	781.9255	746.279	-4.55881027028791	8.71954277891855	8.71638603696099	-0.00315674195756444	712.7785	749.254	5.11736815855136
DEBY0774	987.3205	921.8905	-6.62702739384019	8.49824640657084	8.61068446269678	0.11243805612594	707.528	756.7085	6.95103232663583
DEBY0776	952.5295	938.144	-1.5102419400134	8.95872553045859	9.06880629705681	0.11008076659822	739.284	769.635	4.10545879526677
DEBY0777	764.9415	757.921	-0.917782601676072	8.93520876112252	8.95069404517454	0.0154852840520192	802.2485	826.333	3.00212465339606
DEBY0778	1217.831	1224.406	0.53989428746682	6.5480205338809	6.54555783709788	-0.00246269678302546	701.503	696.177	-0.759226974082778
DEBY0779	784.5735	738.7735	-5.83756652499733	8.6022984257358	8.70797399041752	0.105675564681725	789.5275	809.9315	2.58433050147082
DEBY0780	1054.857	1019.7075	-3.33215781854791	7.5595742642026	7.55028884325804	-0.00928542094455853	640.6105	688.1565	7.4219826243872
DEBY0785	915.741	857.2965	-6.3822085065537	8.01981108829569	8.02050924024641	0.00069815195071854	649.761	707.041	8.81554910190054
DEBY0790	726.918	718.554	-1.15061121061798	8.96006570841889	8.99097193702943	0.0309062286105402	776.3415	809.001	4.20684711560569
DEBY0792	1828.793	1818.96	-0.5376770361654	7.12580424366872	7.09483367556468	-0.0309705681040384	728.5	738.4885	1.37110501029513
DEBY0794	998.9065	936.464	-6.25108556206213	9.25214784394251	9.22733196440794	-0.0248158795345663	777.09	811.299	4.40219279620122
DEBY0798	1103.3065	1078.902	-2.21194201248702	8.30388637919233	8.36920739219713	0.065321013004791	759.443	781.542	2.90989580521514
DEBY0805	1002.5145	976.943	-2.55073617389075	7.39433538672142	7.55267761806981	0.158342231348391	659.526	722.4905	9.54693219069452
DEBY0807	858.758	843.818	-1.73972178425122	8.3223189596167	8.42693360711841	0.104614647501711	713.9945	766.0385	7.28913177902631
DEBY0808	1301.683	1300.965	-0.0551593590759098	7.54829568788501	7.62114031485284	0.0728446269678305	762.354	774.1235	1.5438365903504
DEBY0809	688.319	668.397	-2.89429755680141	8.77020807665982	8.79485284052019	0.0246447638603691	784.245	806.1275	2.79026324681699
DEBY0810	776.024	754.5265	-2.77021071513251	8.22452840520192	8.10192470910335	-0.122603696098562	691.162	733.7825	6.16649931564525
DEBY0811	1028.6845	981.998	-4.53846636164926	7.10070362765229	7.22246954140999	0.121765913757701	640.241	712.1745	11.2353785527637
DEBY0814	1309.118	1307.326	-0.136886056107999	5.69683093771389	5.93539493497604	0.238563997262149	669.993	650.648648648649	-2.8872467848696
DEBY0815	1514.03	1460.6185	-3.52777025554315	8.32077070499658	8.69432717316906	0.373556468172485	742.502	775.413	4.43244597320949
DEBY0816	1165.9655	1147.971	-1.54331324554629	7.25751813826146	7.2334688569473	-0.0240492813141682	714.671	733.529	2.63869668700702
DEBY0819	1870.436	1977.285	5.71251836470212	7.24916358658453	7.12271321013005	-0.126450376454484	710.3595	726.1365	2.22098810531849
DEBY0820	703.0355	700.647	-0.339741023035097	8.77915126625599	8.80129637234771	0.0221451060917186	769.405	799.3085	3.88657469083253
DEBY0821	1379.4185	1267.5415	-8.11044653961071	9.26718001368925	9.28754277891855	0.0203627652292955	788.417	809.1865	2.63432929528409
DEBY0825	1403.429	1424.8365	1.52537107327838	6.8235537303217	7.05153867214237	0.227984941820671	707.483	729.542	3.11795477771199
DEBY0826	1470.181	1452.896	-1.17570557638822	5.93912388774812	5.52487885010267	-0.414245037645449	681.516	665.6945	-2.32151556236391
DEBY0828	780.1865	780.7305	0.0697269178587405	8.50033264887064	8.50031759069131	-1.5058179327454e-05	773.4725	802.5545	3.75992682351343
DEBY0829	711.3545	708.005	-0.470862277528298	8.76939630390144	8.84649828884326	0.0771019849418195	768.7845	800.6965	4.15096818419206
DEBY0830	950.708	921.251	-3.09842769809447	9.13854620123203	8.84488295687885	-0.293663244353183	773.763	788.4735	1.90116353457065
DEBY0837	748.21	732.1465	-2.1469239919274	8.29300752908966	8.29124435318275	-0.00176317590691255	710.8365	756.5965	6.43748597602965
DEBY0844	978.594	941.5155	-3.78895640071367	7.62719780971937	7.71105407255305	0.0838562628336756	682.819	733.4845	7.42004835834973
DEBY0845	910.2565	870.085	-4.41320660714865	8.55081177275838	8.58976043805613	0.0389486652977418	714.1785	752.061	5.30434618236196
DEBY0847	1557.592	1446.3355	-7.14285255702393	6.19719644079398	6.27917453798768	0.0819780971937032	683.7455	701.4395	2.58780496544402
DEBY0848	1093.9875	1024.2905	-6.37091374444405	7.15042026009582	7.22910061601643	0.0786803559206026	660.154	715.4505	8.37630310503307
DEBY0850	937.7815	908.0295	-3.17259404242887	7.65339904175222	7.78131279945243	0.127913757700206	700.0615	749.7825	7.10237600553666
DEBY0852	1020.8965	942.76	-7.65371416201349	7.42939767282683	7.46917453798768	0.0397768651608494	592.9595	665.8505	12.2927451200293
DEBY0853	825.572	817.35	-0.995915559151699	8.22411909650924	8.25107049965777	0.0269514031485283	736.0075	776.724	5.53207677910891
DEBY0856	1128.699	1044.3045	-7.47714846916672	7.33297193702943	7.44310882956879	0.110136892539357	710.071	737.168	3.81609726351308
DEBY0857	845.0925	845.4815	0.0460304641208061	8.80584668035592	8.8066392881588	0.000792607802875267	778.445	804.6525	3.36664761158463
DEBY0858	793.6995	763.338	-3.82531424046506	8.45188090349076	8.55062833675565	0.0987474332648866	742.3915	785.8995	5.86051968536817
DEBY0859	753.0915	729.1655	-3.1770375844104	8.77075290896646	8.76602327173169	-0.00472963723477093	796.557	813.745	2.15778657396771
DEBY0862	1022.4435	1011.8045	-1.04054649474519	8.13778507871321	8.17168377823409	0.0338986995208774	773.5205	791.298	2.29825841719774
DEBY0863	1020.9745	965.2185	-5.46105705872185	7.35154004106776	7.39174264202601	0.0402026009582483	668.292	722.227	8.0705739407325
DEBY0864	732.7205	728.6225	-0.559285566597353	8.88810814510609	8.91329089664613	0.0251827515400418	797.9135	821.3935	2.94267486387934
DEBY0869	759.694	751.721	-1.04950150981842	8.73433264887064	8.70060369609856	-0.0337289527720745	767.3855	795.2545	3.63168186002994
DEBY0871	1130.348	1094.901	-3.13593689730949	8.67966461327858	8.67536892539357	-0.00429568788501022	788.576	813.286	3.13349632755751
DEBY0873	817.066	827.3445	1.25797671179561	9.09201505817933	9.0839151266256	-0.00809993155373157	718.6235	775.491	7.91339275712526
DEBY0876	948.494	911.9735	-3.85036700284872	7.159318275154	7.17724024640657	0.0179219712525667	653.5585	711.8465	8.91855893542812
DEBY0877	711.95	709.7585	-0.307816560151699	9.03270773442847	9.11202600958248	0.0793182751540034	777.4875	812.046	4.44489461245359
DEBY0878	823.8075	821.7655	-0.247873441307591	8.33809308692676	8.35812457221081	0.0200314852840506	713.1255	744.327	4.3753168271223
DEBY0879	854.31	839.427	-1.74210766583559	8.61074880219028	8.62418206707734	0.0134332648870625	751.2545	793.6005	5.63670500476204
DEBY0880	694.1	674.719	-2.79224895548193	8.72479671457906	8.78653798767967	0.0617412731006173	771.754	803.5135	4.11523620220951
DEBY0881	1760.1485	1760.1775	0.00164758825748076	7.40347980835045	7.84672553045859	0.443245722108145	702.4595	750.5455	6.8453768509074
DEBY0887	1722.948	1814.83	5.33283651044605	6.33728542094456	6.10557152635181	-0.231713894592745	702.73	711.7105	1.27794458753718
DEBY0888	989.439	967.4735	-2.21999537111433	8.46951540041068	8.77138124572211	0.301865845311429	765.1985	791.4895	3.43584050413063
DEBY0890	817.864	806.3075	-1.41300998699051	8.29143326488706	8.31179329226557	0.0203600273785085	758.6525	784.98	3.47029766592743
DEBY0895	620.907	611.333	-1.54193784254324	9.65932101300479	9.59373032169747	-0.0655906913073228	798.1245	825.7965	3.46712824878826
DEBY0896	657.3035	671.6545	2.18331410071603	9.42098015058179	9.53726488706365	0.116284736481862	797.3405	807.336	1.25360495296551
DEBY0897	1098.0245	1095.728	-0.209148338675496	7.99291991786448	7.99386858316222	0.000948665297741513	771.2645	789.3025	2.33875667815646
DEBY0901	1849.119	1814.9235	-1.84928606541817	7.69135523613963	7.73741136208077	0.0460561259411367	729.6875	753.362	3.24447109207708
DEHE0902	788.3835	763.3375	-3.1768802873221	8.45964681724846	8.64776728268309	0.188120465434633	696.927	742.775	6.57859431475606
DEHE0904	734.6775	746.4705	1.6051941157855	8.50950444900753	8.49766735112936	-0.0118370978781659	699.917	736.0705	5.16539818292741
DEHE0905	750.68	780.15	3.92577396493844	8.60578097193703	8.53821629021218	-0.0675646817248463	702.4965	729.953	3.9084180490579
DEHE0906	910.838	896.4985	-1.57431947283709	8.46937577002053	8.50269815195072	0.0333223819301853	715.5445	754.715	5.47422277719973
DEHE0907	1111.5565	1075.8485	-3.21243229651395	7.57528678986995	7.67559890485968	0.100312114989733	610.638	683.6695	11.95986820342
DEHE0909	720.3655	712.614	-1.07605097689992	8.39811909650924	8.61487474332649	0.216755646817248	688.288	741.199	7.68733437165837
DEHE0911	909.009	911.3075	0.252857782486213	8.27683230663929	8.27914579055441	0.00231348391512576	675.7795	724.2065	7.16609485786414
DEHE0912	950.3445	942.212	-0.855742312393014	8.59621492128679	8.61602464065708	0.0198097193702935	711.9065	740.992	4.08557865393841
DEHE0914	708.4045	695.245	-1.85762512801655	8.5561478439425	8.57790554414784	0.02175770020534	736.316	767.4275	4.22529185838688
DEHE0915	946.577	870.55	-8.03178188356574	9.9021916495551	9.91601095140315	0.0138193018480486	726.925	803.1335	10.4836812601025
DEHE0917	1052.9625	1006.5305	-4.40965371511331	7.96050787132101	8.06604106776181	0.105533196440794	662.3495	719.252	8.59100822149032
DEHE0918	798.9805	767.75	-3.90879376905945	8.3828295687885	8.69944284736482	0.316613278576316	705.338	752.684	6.71252647666793
DEHE0921	694.0935	684.8665	-1.3293598052712	8.49708281998631	8.53552498288843	0.0384421629021219	701.464	738.848	5.32942531619583
DEHE0922	1002.6335	955.253	-4.72560511891931	8.0834674880219	8.25968514715948	0.176217659137578	683.27	738.9495	8.14897478302867
DEHE0923	658.217	647.9155	-1.56506137033836	9.70266119096509	9.7211074606434	0.0184462696783037	752.313	785.1275	4.36181482973177
DEHE0924	866.8005	843.801	-2.65337871863248	9.16607802874743	9.17524709103354	0.00916906228610515	736.031	765.766	4.03991136242901
DEHE0925	888.303	883.1095	-0.584654110140369	7.8252772073922	7.89732375085558	0.0720465434633812	629.983	695.058	10.3296438157855
DEHE0926	1035.4945	1008.079	-2.64757562691062	8.16641341546886	8.22448596851472	0.058072553045859	678.9935	730.561	7.59469715100364
DEHE0927	1097.286	1038.436	-5.36323255741893	8.09195208761123	8.18239425051335	0.0904421629021215	681.015	734.792	7.89659552285927
DEHE0928	866.2005	856.958	-1.06701623931179	8.47131690622861	8.5043832991102	0.0330663928815884	721.9585	759.497	5.19953709250603
DEHE0930	844.9215	802.0215	-5.07739476389226	10.1371115674196	10.0137412731006	-0.12337029431896	770.4425	820.147	6.45142239686932
DEHE0931	693.878	668.155	-3.70713583655916	8.67426146475017	8.75280219028063	0.0785407255304591	703.8145	741.215	5.31397122395174
DEHE0932	1043.92	916.7545	-12.1815368993793	8.36000136892539	8.51146338124572	0.151462012320328	662.4975	715.0195	7.92787897312819
DEHE0933	779.9575	727.94	-6.66927364632048	9.24268856947296	9.34776180698152	0.105073237508556	695.7535	754.003	8.37214616958447
DEHE0934	778.856	749.397	-3.78234230717873	8.83116769336071	8.86409856262834	0.0329308692676253	696.146	739.011	6.15747271405711
DEHE0935	885.28	803.2215	-9.26921425989517	8.69589048596852	8.85029295003422	0.154402464065708	740.191	773.092	4.44493380762532
DEHE0936	1041.383	968.0885	-7.03818863953031	9.73961396303901	9.76219575633128	0.0225817932922663	705.948	786.59	11.4232209737828
DEHE0937	923.073	868.724	-5.8878333566251	8.51579603011636	8.44493497604381	-0.0708610540725534	678.827	708.5995	4.38587445696769
DEHE0938	678.497	665.4465	-1.92344255022499	9.52573990417522	9.56812457221081	0.0423846680355915	730.062	768.873	5.31612383605775
DEHE0939	865.5355	841.9675	-2.72293857386554	8.06284052019165	8.13613278576318	0.073292265571526	664.2605	720.294	8.43547072270591
DEHE0940	905.8955	910.16	0.470749661522782	8.84931279945243	8.82596303901437	-0.0233497604380553	737.827	759.9455	2.99778945470958
DEHE0941	735.167	724.052	-1.51190137751015	8.28131690622861	8.25811772758385	-0.0231991786447647	716.051	749.2365	4.63451625652362
DEHE0943	930.704	912.8885	-1.91419613539858	9.97074058863792	9.74849418206708	-0.222246406570843	742.8225	794.902	7.01102887971219
DEHE0944	939.609	917.5545	-2.34719973946611	7.5258932238193	7.49851334702259	-0.0273798767967142	611.9555	681.9945	11.4451132476136
DEHE0945	744.8715	742.263	-0.35019463088599	8.70535249828884	8.7348733744011	0.0295208761122527	712.6395	747.0025	4.82193310923685
DEHE0947	1056.892	1021.0965	-3.38686450460407	8.26651745379877	8.25303080082135	-0.0134866529774129	694.59	734.0505	5.68112123698875
DEHE0948	882.0435	833.8745	-5.46106853006681	9.27270362765229	9.59867898699521	0.325975359342916	748.166	797.9795	6.65808122796279
DEHE0950	898.419	878.8735	-2.17554392772193	9.62463107460643	9.56401232032854	-0.0606187542778915	725.988	781.92	7.70425957453841
DEHE0952	778.506	770.8485	-0.983614769828382	10.2254483230664	10.1594360027379	-0.066012320328543	786.9155	825.5035	4.9037031294974
DEHE0954	703.363	708.402	0.716415279165948	8.5481054072553	8.67347433264887	0.125368925393566	682.818	734.616	7.58591601275889
DEHE0957	750.4145	736.8605	-1.80620177248707	8.67847501711157	8.75013963039014	0.0716646132785765	683.8085	730.907	6.88767396135028
DEHE0958	854.7215	825.747	-3.38993461612935	8.11045585215606	8.38521971252567	0.27476386036961	663.796	713.8855	7.54591772170967
DEHE0959	806.6475	799.212	-0.921778100099492	8.64597399041752	8.72345106091718	0.0774770704996577	740.2805	769.521	3.94992168509097
DEHE0960	720.382	730.7545	1.43986107370812	8.55007255304586	8.49376180698152	-0.0563107460643408	721.966	764.1155	5.83815581343166
DEHE0962	1027.225	966.1645	-5.94421864732652	7.40949212867899	7.30245995893224	-0.107032169746748	595.762	664.654	11.563678113072
DEHE0963	767.9305	726.651	-5.37542134346793	8.77082135523614	8.91424366872005	0.143422313483915	683.6325	734.947	7.50615279408163
DEHE0964	732.0825	694.921	-5.07613554483271	8.51714715947981	8.86562765229295	0.348480492813142	721.4135	777.459	7.76884546795978
DEHE0965	729.2515	698.9125	-4.16029312246873	8.99486516084873	9.041106091718	0.0462409308692671	695.9415	742.201	6.64703858011054
DEHE0967	939.951	937.3865	-0.272833371101267	8.51318685831622	8.56665571526352	0.0534688569472976	719.634	746.0625	3.67249185002376
DEHE0968	843.797	825.206	-2.20325504831138	8.35217932922656	8.32157152635181	-0.0306078028747425	703.989	749.987	6.53390891050853
DEHE0969	967.5455	966.2475	-0.134153897671984	8.92523613963039	8.89813552361396	-0.027100616016428	736.998	756.989	2.71249040024533
DEHE0971	732.5705	707.1945	-3.46396694925609	8.4274250513347	8.54786036960986	0.120435318275153	685.571	732.815	6.89118997157113
DEHE0973	757.8405	730.3895	-3.62226616286673	9.12493086926762	9.19129500342231	0.0663641341546892	742.7425	765.745	3.09696833020864
DEHE0975	878.6945	867.7915	-1.24081805451154	8.42782340862423	8.46561122518823	0.0377878165639984	703.6095	747.4855	6.23584530908124
DEHE0977	801.786	789.1945	-1.57043151165024	8.61413689253936	8.67732511978097	0.063188227241616	719.7255	755.4445	4.96286431424202
DEHE0978	752.5705	640.903	-14.8381447319553	9.12916221765914	9.80975496235455	0.680592744695414	689.1915	771.7305	11.9762069033063
DEHE0979	771.4115	785.3055	1.80111393205833	8.38866666666667	8.2749787816564	-0.113687885010268	703.8635	754.299	7.16552286061146
DEHE0980	749.5415	696.311	-7.10174153132283	9.03679397672827	9.01068309377139	-0.0261108829568784	702.066	740.1895	5.43018747525162
DEHE0981	976.6015	943.78	-3.36078738359505	9.42263655030801	9.43548665297741	0.0128501026694057	696.896	770.841	10.6106219579392
DEHE0983	736.7345	719.808	-2.29750337468926	9.39569746748802	9.44728405201917	0.0515865845311438	747.2925	777.731	4.07317081330269
DEHE0984	691.841	677.552	-2.065358948082	9.58976728268309	9.6190212183436	0.0292539356605079	757.367	787.0825	3.92352716714618
DEHE0985	636.3915	618.4215	-2.82373350366872	10.870726899384	10.9596386036961	0.0889117043121157	800.012	841.103	5.13629795553068
DEHE0986	752.6145	717.836	-4.62102444212806	8.50356057494866	8.83701711156742	0.333456536618755	716.7875	768.8155	7.2584971138587
DEHE0988	679.1475	677.3495	-0.264743667612706	9.30146064339493	9.29115537303217	-0.010305270362764	724.5275	767.87	5.98217458964637
DEHE0989	706.8845	690.634	-2.29889041279021	8.62158658453114	8.66428884325804	0.0427022587268997	719.02	759.4265	5.61966287446803
DEHE0991	742.7995	739.7795	-0.406570009807489	8.6710006844627	8.81366872005476	0.14266803559206	738.711	776.6795	5.13983140903546
DEHE0992	721.6395	699.065	-3.12822399549915	9.56987953456537	9.92907186858316	0.359192334017795	719.0295	775.357	7.83382322978403
DEHE0993	769.264	723.607	-5.93515360136443	9.67870499657769	9.77525804243669	0.096553045859002	719.1615	768.7935	6.90137055445822
DEHE0994	831.0695	817.323	-1.65407345595043	8.64863381245722	8.67912525667351	0.03049144421629	697.4095	731.0905	4.82944382030931
DEHE0996	718.814	700.1015	-2.60324645875012	8.64456125941136	8.71616427104723	0.071603011635867	683.303	724.1355	5.97575307001432
DEHE0997	685.219	620.586	-9.432458819735	9.09069952087611	9.20905270362765	0.118353182751539	705.5385	739.2635	4.78003680876381
DEHE0998	830.019	833.8835	0.465591751514111	8.08681861738535	8.07749075975359	-0.00932785763175836	669.8515	723.285	7.97691727196253
DEHE0999	1046.196	928.528	-11.2472232736504	8.15291991786448	8.19670636550308	0.0437864476386043	641.7675	691.015	7.6737291932047
DEHE1001	819.556	775.769	-5.34277096379014	8.38700889801506	8.49509514031485	0.108086242299795	649.9095	709.9635	9.24036346599028
DEHE1002	708.2505	716.3115	1.13815662678671	8.64286379192334	8.62783436002738	-0.015029431895961	712.457	745.386	4.62189297038277
DEHE1003	807.6215	792.8955	-1.82337889716903	9.17030527036277	9.03058042436687	-0.139724845995893	727.9195	749.837	3.01097854913902
DEHE1005	1108.9255	993.7575	-10.3855488939518	7.99253388090349	8.04877618069815	0.0562422997946612	635.2895	697.6745	9.81993248747223
DEHE1006	1075.372	942.0145	-12.4010574945228	7.94449418206708	8.00851471594798	0.0640205338809041	622.976	677.0025	8.67232445551674
DEHE1009	792.8215	808.0115	1.91594198694157	8.29867761806982	8.21058726899384	-0.0880903490759763	687.9275	739.713	7.52775546841781
DEHE1011	857.638	873.779	1.88202948096985	8.68128952772074	8.56009719370294	-0.121192334017797	743.6625	758.5885	2.00709327147732
DEHE1012	1090.0595	972.781	-10.7589081146488	8.02684599589322	8.20780971937029	0.18096372347707	628.067	693.8385	10.4720515486405
DEHE1016	908.271	860.6195	-5.24639672520646	8.85604517453799	8.86030253251198	0.00425735797399085	698.759	737.1485	5.49395428180531
DEHE1017	706.3815	696.0995	-1.45558738443744	8.67883230663929	8.73929089664613	0.0604585900068439	718.3275	758.1105	5.53828163337754
DEHE1018	922.7505	899.246	-2.54722159456971	8.82490622861054	8.80916221765914	-0.0157440109514031	722.4595	748.866	3.6550837797828
DEHE1020	816.073	785.891	-3.69844364413478	9.49809582477755	9.51700342231348	0.0189075975359341	743.787	776.171	4.35393466140172
DENI1821	810.116	782.5275	-3.40549995309315	9.6505106091718	9.63585489390828	-0.0146557152635172	664.123	707.442	6.52273750495015
DENI1822	808.651	784.6205	-2.97167752219438	8.78438877481177	8.67677754962355	-0.107611225188226	697.626	732.068	4.93702929649985
DENI1823	823.8445	781.2675	-5.1680869387366	9.56666666666667	9.68199452429843	0.11532785763176	677.383	731.029	7.91959644691407
DENI1824	833.022	800.176	-3.94299310222298	9.49560985626283	9.59572758384668	0.100117727583847	664.4105	704.7645	6.07365476614231
DENI1825	849.602	828.9005	-2.43661149573566	9.44292676249144	9.45853524982888	0.01560848733744	645.556	703.3125	8.94678385763589
DENI1826	665.218	662.5215	-0.40535583823649	9.89428473648186	9.95539767282683	0.0611129363449692	691.9625	745.818	7.78300847227993
DENI1830	785.2135	775.927	-1.18267197392812	10.0384407939767	9.95180013689254	-0.0866406570841889	691.9655	734.64	6.16714272604631
DENI1832	810.074	786.0225	-2.96904974113475	9.90140725530459	9.84865571526352	-0.0527515400410667	676.4405	717.1495	6.01811984941766
DENI1834	671.154	643.8945	-4.06158646152746	10.0236577686516	10.0528432580424	0.0291854893908283	691.4325	747.316	8.0822784581286
DENI1836	752.1855	751.8095	-0.0499876692650766	9.26659000684463	9.30768788501027	0.0410978781656404	682.89	727.0135	6.46128951954195
DENI1841	765.356	733.013	-4.22587658553666	9.25785352498289	9.39169609856263	0.13384257357974	698.697	742.408	6.25607380595595
DENI1844	1014.906	1016.663	0.173119481015971	8.39689664613279	8.3295742642026	-0.067322381930186	643.848	694.1945	7.81962512891241
DENI1845	885.0365	889.674	0.523989688560872	8.55527857631759	8.56667624914442	0.0113976728268312	667.593	717.077	7.41230060830475
DENI1846	698.084	679.1135	-2.71750964067362	9.31640930869268	9.28084462696783	-0.0355646817248463	699.9155	746.081	6.59586764402275
DENI1850	659.379	651.826	-1.14547172415257	9.85762217659138	9.83344969199179	-0.024172484599589	694.033	742.0615	6.92020408251481
DENI1854	802.286	774.7615	-3.43075910585502	9.2943832991102	9.32313347022587	0.028750171115675	688.4425	734.4825	6.68755923697331
DENI1855	793.355	770.302	-2.90576097711619	9.4264476386037	9.41582614647502	-0.0106214921286778	654.713	710.9155	8.58429571430535
DENI1859	803.553	782.6845	-2.59702844740794	9.23234633812457	9.11412183436003	-0.118224503764544	689.5465	729.6075	5.80976047300652
DENI1860	686.7195	681.0725	-0.822315370395035	8.83064339493498	8.80462422997947	-0.0260191649555104	703.905	738.0325	4.84831049644484
DENI1861	653.1575	622.3535	-4.7161672337836	9.61217796030116	9.60129089664613	-0.0108870636550318	704.998	751.7665	6.63384860666272
DENI1863	714.273	703.674	-1.48388641317815	8.72104449007529	8.75078986995209	0.0297453798767968	697.5965	735.585	5.44562651905508
DENI1864	595.3285	580.0555	-2.56547435575483	9.56350034223135	9.54220944558522	-0.021290896646132	706.539	757.817	7.2576319212386
DENI1865	595.558	580.328	-2.55726562316349	9.56551950718686	9.54424093086927	-0.0212785763175898	706.5735	757.958	7.27235029335236
DENI1869	824.578	824.9865	0.0495404922275261	9.15186447638604	9.14412046543463	-0.0077440109514022	666.9195	718.8965	7.79359427936956
DENI1870	899.204	919.052	2.20728555477956	8.94149075975359	8.79130047912389	-0.150190280629706	664.3925	707.6235	6.50684648005507
DENI1873	883.167	827.8745	-6.26070720486611	9.40769062286105	9.50878028747433	0.101089664613278	659.3525	711.3555	7.88698002965031
DENI1874	866.9515	847.3575	-2.26010336218345	9.44390691307324	9.52164407939767	0.0777371663244359	624.317	692.7495	10.961178375729
DENI1875	793.5945	766.824	-3.37332226974859	9.61704859685147	9.72588227241615	0.108833675564682	680.1645	733.6025	7.85662880082684
DENI1876	738.087	712.806	-3.42520597165374	9.20474743326489	9.19356468172485	-0.0111827515400407	694.686	738.642	6.32746305525088
DENI1877	650.9255	626.728	-3.71739930299245	9.69833264887064	9.68608761122519	-0.0122450376454477	702.4145	747.91	6.47701606387681
DENI1881	1207.5035	1144.45	-5.22180681049786	7.59224503764545	7.73289117043121	0.140646132785763	606.712	667.1915	9.96840345996124
DENI1883	676.0315	669.833	-0.916895144678904	9.96613689253936	9.92765092402464	-0.038485968514717	715.782	761.8375	6.43429144627834
DENI1885	838.0275	841.878	0.459471795376658	9.09052429842574	9.07341957563313	-0.0171047227926078	665.4135	716.4475	7.66951677415622
DENI1886	781.529	766.0745	-1.97746980598289	9.53222997946612	9.5008076659822	-0.0314223134839153	679.7765	732.4485	7.74842907926354
DENI1889	769.927	794.8175	3.23283895745962	8.96217659137577	8.97117590691307	0.00899931553730404	687.6025	736.9995	7.18394712061112
DENI1891	808.227	775.7695	-4.01588910046312	9.38718412046543	9.41918412046543	0.032	689.2085	737.8575	7.0586767284501
DENI1895	991.521	880.3515	-11.2120166895104	8.40517453798768	8.71547296372348	0.310298425735796	642.99	711.0945	10.5918443521672
DENI1897	726.84	706.499	-2.79855263882008	9.88563312799452	9.88543737166324	-0.000195756331279995	704.786	754.364	7.03447571319522
DENI1904	860.083	837.125	-2.66927726742651	9.4525954825462	9.50548254620123	0.0528870636550316	648.3885	697.694	7.60431438867283
DENI1906	794.7955	811.4255	2.09236212333866	8.90912114989733	9.09021081451061	0.181089664613278	684.784	740.6535	8.15870405850604
DENI1907	749.053	721.4755	-3.68164869508566	9.30734976043806	9.39209719370294	0.0847474332648872	700.3355	743.9465	6.22715826914388
DENI1913	794.084	774.7045	-2.44048488572997	9.44764407939767	9.40775222450377	-0.0398918548939076	670.1165	723.329	7.94078343094074
DENI1914	793.293	773.257	-2.52567462463428	9.45403422313484	9.42058726899384	-0.0334469541409987	672.1815	726.249	8.04358644205473
DENI1918	694.068	689.8205	-0.611971737639532	10.0535359342916	10.0298850102669	-0.0236509240246399	696.577	752.834	8.07620693763935
DENI1919	1107.854	1101.87	-0.540143376293239	7.88382067077344	7.92308966461328	0.0392689938398352	626.0235	680.7665	8.74455990869351
DENI1920	721.5675	735.7965	1.97195688553047	9.03204106776181	9.02403969883641	-0.00800136892539349	697.753	742.4145	6.40076072765007
DENI1922	791.397	775.972	-1.94908497252328	10.1045872689938	10.051485284052	-0.0531019849418204	692.5395	734.196	6.01503596545756
DENI1924	748.78	721.2045	-3.68272389753999	9.24595619438741	9.31080492813142	0.0648487337440109	699.7575	743.4115	6.23844689052993
DENI1925	773.1965	751.1845	-2.84688303684768	8.68242984257358	8.82018069815195	0.137750855578371	705.508	743.1275	5.33225704031703
DENI1926	852.123	799.3165	-6.1970513646504	9.30060506502396	9.455446954141	0.154841889117042	679.362	735.1595	8.21322063936458
DENI1929	904.1585	874.102	-3.32425122365158	8.90123203285421	8.78141546885695	-0.119816563997263	679.1455	716.2605	5.46495559493511
DENI1931	692.4265	667.39	-3.61576282825687	9.51934428473648	9.45450924024641	-0.064835044490076	711.6515	756.457	6.29598897775104
DENI1933	696.5475	649.124	-6.80836554578115	9.50277344284737	9.57693086926762	0.0741574264202587	689.2525	737.4585	6.99395359465508
DENI1934	684.1065	664.777	-2.82551035547827	9.37580561259411	9.31615058179329	-0.0596550308008208	706.8475	752.6885	6.48527440501663
DENI1935	686.814	672.296	-2.11381829723914	9.31849555099247	9.2798097193703	-0.0386858316221765	705.873	750.087	6.26373299446218
DENI1937	705.881	718.1095	1.73237415371712	9.81725256673511	9.93642984257358	0.119177275838465	682.0825	738.1925	8.22627761304535
DENI1938	895.8415	867.1065	-3.20759866561217	8.83620670773443	8.93506776180698	0.0988610540725539	673.5565	720.96	7.03779118752475
DENI1939	844.4535	819.3675	-2.97067866969585	9.39913620807666	9.43574948665298	0.0366132785763167	663.545	719.1	8.3724540159296
DENI1940	680.5085	665.831	-2.15684300783899	9.3521492128679	9.2741273100616	-0.0780219028062969	708.6095	748.5155	5.63159257672949
DENI1941	807.628	798.1165	-1.17770805370789	10.0605092402464	10.1794976043806	0.118988364134154	708.293	750.3975	5.94450319288769
DENI1943	972.3505	892.1525	-8.24784889810824	8.39490622861054	8.43821081451061	0.0433045859000689	651.5285	703.8265	8.0269704241641
DENW1023	922.7015	914.327	-0.907606631180279	9.59311293634497	9.60344832306639	0.0103353867214242	669.328	716.441	7.03885090717855
DENW1025	751.2995	740.3825	-1.45308229274744	10.2641163586585	10.3545763175907	0.0904599589322377	716.9815	761.8455	6.2573441574155
DENW1028	1104.9285	1052.018	-4.78859039295302	8.69492539356605	8.7322135523614	0.0372881587953451	652.511	687.679	5.389640940919
DENW1032	805.764	798.7295	-0.873022373796792	10.1287351129363	10.1606776180698	0.0319425051334701	713.07	751.8095	5.43277658574896
DENW1033	702.685	687.3025	-2.18910322548511	8.87262149212868	9.00918685831622	0.136565366187542	656.4655	719.5075	9.60324647677599
DENW1035	906.623	889.1445	-1.92786858484728	9.81763039014374	9.812212183436	-0.00541820670773419	692.99	736.475	6.27498232297725
DENW1036	1058.298	1052.606	-0.537844728044465	8.26098699520876	8.31913894592745	0.0581519507186865	649.496	700.9815	7.9269926219715
DENW1040	1161.4505	1125.3955	-3.10430793219339	7.4454250513347	7.56696509240246	0.121540041067762	596.3545	673.0825	12.8661727210912
DENW1041	1016.683	990.15	-2.60976135137501	8.35321834360027	8.57469541409993	0.221477070499658	642.9245	694.843	8.07536499231249
DENW1042	1016.673	990.1575	-2.60806572024633	8.35333196440794	8.57471321013005	0.221381245722108	642.9315	694.844	8.07434384533967
DENW1044	634.061	668.7005	5.46311790190536	10.2028761122519	10.1055126625599	-0.0973634496919917	716.1365	760.195	6.15224890785485
DENW1046	813.875	808.1665	-0.701397634771919	10.0388090349076	10.1489869952088	0.110177960301163	709.2145	749.6605	5.70292908562925
DENW1048	658.9565	652.557	-0.971156669673945	9.91866940451745	9.91895550992471	0.000286105407255377	719.5285	764.8745	6.30218260986188
DENW1050	943.2395	913.939	-3.10636906109213	9.36694866529774	9.41602737850787	0.0490787132101307	671.7825	715.958	6.57586346771462
DENW1054	864.055	849.235	-1.71516859459177	9.841575633128	9.87382203969884	0.0322464065708417	694.291	742.9125	7.00304339246801
DENW1056	1042.8295	1025.054	-1.70454518212229	7.64559069130732	7.8118302532512	0.166239561943874	590.669	655.48	10.9724735850366
DENW1058	1077.278	1070.7585	-0.605182691932826	9.65900889801506	9.67373853524983	0.0147296372347707	693.0415	746.407	7.70018822826626
DENW1059	1115.8825	1112.848	-0.271937233534911	9.55409719370294	9.57698288843258	0.0228856947296361	684.8465	740.803	8.1706630609925
DENW1061	864.1385	860.698	-0.398142195955862	8.56639698836413	8.79939356605065	0.232996577686515	659.4415	705.7685	7.02518722282416
DENW1062	691.0565	679.4765	-1.67569511320709	9.28923203285421	9.24371389459274	-0.0455181382614658	676.0275	729.212	7.86720954399046
DENW1069	1041.6285	1030.2495	-1.09242402641632	10.1740136892539	10.0164613278576	-0.157552361396304	681.8485	728.132	6.78794482938659
DENW1071	1079.1805	1070.0375	-0.847216939149663	8.88888569472964	8.90036960985626	0.0114839151266253	673.9415	724.459	7.49582864388082
DENW1074	1272.232	1209.408	-4.93809305221061	7.68931006160164	7.9029363449692	0.213626283367557	608.9215	682.270641891892	12.0457467656983
DENW1075	1023.061	1005.2655	-1.73943684687423	10.2697659137577	10.1347351129363	-0.135030800821355	683.591	731.9275	7.07096787406505
DENW1077	854.0745	847.843	-0.729620191212825	9.95137029431896	9.98656536618754	0.0351950718685838	699.08	746.4865	6.78126966870743
DENW1081	1212.8585	1156.0085	-4.6872739070551	7.53778097193703	7.66450513347023	0.126724161533197	607.8735	677.5775	11.4668594699391
DENW1085	652.9865	654.0375	0.160952791520199	9.92182477754962	9.90987816563997	-0.0119466119096518	706.583	757.2595	7.17205197407807
DENW1086	879.699	872.307	-0.840287416491316	9.97445174537988	10.0670061601643	0.0925544147843933	715.8995	766.891	7.12271764402685
DENW1096	838.797	824.106	-1.75143687924491	10.0363134839151	10.1268021902806	0.0904887063655035	714.2975	753.9215	5.54726847007025
DENW1097	830.3745	854.584	2.91549174498975	10.340128678987	10.3087104722793	-0.031418206707734	686.084	734.613	7.07333212842742
DENW1100	1165.1035	1171.662	0.562911363668558	9.11354551676934	9.13209582477755	0.0185503080082121	642.663	701.616	9.1732369842359
DENW1106	837.7525	824.2395	-1.61300622797305	10.0265434633812	10.1140355920602	0.0874921286789867	713.7015	751.473	5.29233860374399
DENW1113	990.8585	977.7435	-1.32359968653446	8.66873648186174	8.6648514715948	-0.00388501026694144	662.627	697.137	5.20805822883762
DENW1114	899.2885	890.3905	-0.989448880976451	9.68338672142368	9.70005201916496	0.0166652977412731	676.4865	724.8555	7.15003181881679
DENW1117	822.2135	797.698	-2.98164649449323	10.5020123203285	10.4976290212183	-0.00438329911019864	698.484	747.698	7.04583068474009
DENW1119	1024.331	985.779	-3.76362718691515	10.3081957563313	10.3083750855578	0.000179329226556391	688.603	741.8965	7.73936506230733
DENW1120	1185.911	1150.964	-2.94684845658739	9.80470636550308	9.7236810403833	-0.0810253251197803	694.5975	738.3695	6.30177908788902
DENW1121	1258.5935	1191.705	-5.31454357582492	9.68588364134155	9.64057905544148	-0.0453045859000696	684.545	731.494	6.85842420878101
DENW1122	740.5605	715.8135	-3.34165810895936	10.6355838466804	10.5975167693361	-0.0380670773442855	723.11	766.6315	6.01865552958747
DENW1127	924.125	972.1215	5.19372379277695	9.49867898699521	9.44293360711841	-0.0557453798767966	684.346	727.264	6.271389034202
DENW1132	793.292	778.02	-1.92514231833928	8.21714715947981	8.34134565366188	0.124198494182068	613.1195	683.8475	11.5357609731871
DENW1137	1152.4625	1131.485	-1.82023276245431	7.51463655030801	7.52294045174538	0.00830390143737159	601.736	670.9815	11.5076212824229
DENW1138	1376.5455	1313.2545	-4.59781387538588	8.33568514715948	8.3369993155373	0.00131416837782439	610.4725	673.7005	10.3572232983468
DENW1143	1168.847	1161.78	-0.60461292196498	8.29887474332649	8.38555509924709	0.0866803559206026	661.98	709.684	7.20626000785521
DENW1148	1086	1013.5235	-6.67371086556169	9.97258590006845	10.0324599589322	0.0598740588637909	670.841	723.917	7.91185988930313
DENW1151	839.885	823.5435	-1.94568303993999	10.039794661191	10.143022587269	0.103227926078029	714.47	753.473	5.45901157501364
DENW1152	826.8545	790.983	-4.33830861415159	9.86260643394935	9.88605612594114	0.0234496919917877	690.792	735.324	6.44651356703609
DENW1154	910.3915	880.378	-3.2967684781767	9.52057905544148	9.63057905544148	0.109999999999999	663.2605	713.152	7.52215758363417
DENW1155	776.7545	770.7005	-0.779396836452183	10.1406242299795	10.2141848049281	0.0735605749486652	717.0795	759.6615	5.93825370827082
DENW1157	909.5605	909.069	-0.0540370871426211	9.5493620807666	9.52019575633128	-0.0291663244353195	668.8005	711.816	6.4317386126356
DENW1164	1185.485	1168.928	-1.39664356782245	9.55588637919233	9.49004791238877	-0.0658384668035588	682.938	732.1165	7.20101971189185
DENW1168	860.475	850.355	-1.1760945989134	9.7458302532512	9.76038056125941	0.0145503080082143	684.7585	733.127	7.0635851909834
DENW1171	833.5085	813.8255	-2.36146362034699	10.0344818617385	10.0722231348392	0.0377412731006146	708.8535	756.316	6.69567124941897
DENW1172	1110.9705	1041.65	-6.23963462576187	7.35343737166324	7.45007392197125	0.0966365503080082	579.7625	666.9025	15.0302925767016
DENW1175	1005.6885	1004.968	-0.0716424618557239	8.98704585900068	9.03939904175222	0.0523531827515402	676.7105	724.037	6.99361100500142
DENW1178	1116.3495	1118.898	0.228288721408473	7.63092676249144	7.68351266255989	0.052585900068447	600.326	666.034	10.9453863400885
DENW1183	672.158	671.4035	-0.11225039350867	10.0353579739904	9.98394934976044	-0.05140862422998	737.4775	772.3445	4.72787305375418
DENW1184	1182.522	1146.8715	-3.01478534860239	9.10246954140999	9.12903353867214	0.0265639972621496	664.499	723.506	8.87992306986166
DENW1186	1228.944	1177.5675	-4.18054036636332	7.45595208761122	7.62879945242984	0.172847364818618	596.0545	670.5755	12.5023802353644
DENW1188	918.4245	921.2175	0.304107741028238	8.37096783025325	8.48648596851472	0.115518138261464	631.8755	681.3465	7.82923218260559
DENW1189	700.9335	687.331	-1.94062632189786	8.94757700205339	9.07179603011636	0.124219028062971	659.267	721.6255	9.4587625347545
DENW1193	1028.7475	996.232	-3.16068811831863	9.09004654346338	9.12358110882957	0.0335345653661872	664.917	705.1585	6.05210875943914
DENW1194	903.7255	892.6415	-1.22647861546452	8.77701026694045	8.90375906913073	0.12674880219028	665.356	708.423	6.47277547658697
DENW1195	982.9845	980.321	-0.270960528879143	9.41349486652977	9.39343737166324	-0.0200574948665295	672.9095	713.532	6.0368444790867
DENW1196	1101.028	1047.582	-4.85419081076958	9.92817385352498	9.93963449691992	0.0114606433949351	668.5885	721.913	7.97568309954478
DENW1197	927.982	932.596	0.497207919981198	8.27970568104038	8.41699383983573	0.137288158795347	622.0415	677.3115	8.88525926324851
DENW1199	1096.3545	1074.377	-2.00459796534788	8.44357973990417	8.54923203285421	0.105652292950035	690.8095	734.931	6.38692722089085
DENW1201	885.048	876.392	-0.978026050564483	8.67873100616016	8.86029431895962	0.181563312799453	659.101	704.921	6.95189356411234
DENW1202	846.4765	815.169	-3.69856694190565	10.1013388090349	10.2059603011636	0.104621492128679	722.472	771.3635	6.76725187965763
DENW1203	1150.2125	1129.5635	-1.79523348946391	8.54367830253251	8.56949075975359	0.0258124572210807	680.362	721.1245	5.99129581017165
DENW1204	1062.7135	994.9145	-6.37980038834549	9.92987816563997	9.99122655715263	0.0613483915126611	673.6695	725.164	7.64388175507426
DENW1205	934.008	916.9125	-1.83033764164761	8.81568651608487	8.89397262149213	0.0782861054072548	671.7515	709.7945	5.66325493876826
DENW1207	801.449	777.3575	-3.00599289536826	9.80732375085558	9.82271731690623	0.0153935660506495	705.385	749.6765	6.27905328295896
DENW1208	1227.2875	1158.6775	-5.5903771528676	7.00705954825462	7.02081587953456	0.0137563312799447	551.215	638.3355	15.8051758388288
DENW1210	1097.6745	1102.007	0.394698063952472	7.88987405886379	7.92332785763176	0.0334537987679671	628.6905	686.4485	9.18703241101942
DENW1212	1177.2035	1163.176	-1.19159516600147	7.12400136892539	7.18623819301848	0.0622368240930875	556.3955	635.296	14.1806502748495
DENW1214	881.753	841.8405	-4.52649438107951	9.00070362765229	9.10268446269678	0.10198083504449	681.0345	729.6575	7.1395795660866
DENW1218	759.896	736.51	-3.07752639834924	10.6204941820671	10.6196714579055	-0.000822724161531951	729.241	773.097	6.01392406625519
DENW1222	993.8405	950.479	-4.36302404661512	10.3644750171116	10.3922696783025	0.0277946611909652	676.4025	731.5645	8.15520344765138
DENW1225	938.003	891.8085	-4.92477102951698	7.97165503080082	8.02030663928816	0.0486516084873365	596.786	668.8035	12.067558555328
DENW1227	841.8135	834.9575	-0.814432175297721	10.2705270362765	10.3155934291581	0.0450663928815889	718.781	762.5475	6.08898955314622
DENW1228	782.149	771.176	-1.40292962082672	10.1341437371663	10.1546680355921	0.0205242984257357	703.9105	748.485	6.33241015725722
DENW1231	1182.096	1178.3455	-0.317275415871478	8.25059958932238	8.24865297741273	-0.00194661190965206	636.324	692.723	8.86325205398508
DENW1234	783.467	776.9295	-0.834432082014944	10.1610184804928	10.2295509924709	0.0685325119780966	713.351	755.2745	5.87698061683519
DENW1236	989.703	920.441	-6.99826109448997	8.91973169062286	9.09285831622177	0.173126625598906	670.6385	718.9395	7.20224084957843
DENW1238	769.492	756.823	-1.64641087886554	10.6609295003422	10.6870759753593	0.0261464750171125	726.785	774.2235	6.52717103407471
DENW1241	843.3895	834.0755	-1.1043533266658	9.04517590691307	9.06115537303217	0.0159794661190968	665.073	716.3295	7.70689834048294
DENW1242	949.964	919.608	-3.19548951328682	9.25033264887064	9.32582751540041	0.075494866529775	672.5065	719.326	6.96194014481645
DENW1243	927.1145	901.7235	-2.73871242440928	9.21497056810404	9.26655715263518	0.0515865845311438	670.9655	718.063	7.01936239642723
DENW1246	1065.274	1028.4365	-3.45803051609256	8.64490075290897	8.70904859685147	0.0641478439425054	655.0535	690.672	5.43749480004306
DENW1248	799.266	775.053	-3.02940447860912	10.3525338809035	10.4572950034223	0.104761122518823	721.145	769.864	6.75578420428625
DENW1251	1064.4705	1056.638	-0.735811842601555	9.0915961670089	9.10475838466804	0.0131622176591382	680.2715	731.063	7.46635718238967
DENW1256	909.5695	877.0745	-3.57256922093363	9.81446132785763	9.91118959616701	0.0967282683093771	691.0255	740.937	7.22281594528712
DENW1257	1270.132	1280.1645	0.78987853231003	8.60721971252567	8.53803148528405	-0.0691882272416162	624.1935	682.498	9.34077333391005
DENW1258	786.6515	768.3685	-2.32415497841166	10.075871321013	10.143613963039	0.0677426420260101	725.14	767.611	5.85693797059878
DENW1262	807.3255	796.266	-1.36989355594492	10.0553155373032	10.1526064339493	0.0972908966461326	709.47	749.84	5.69016307948185
DENW1266	1196.726	1197.63	0.0755394300783779	7.95260095824778	8.14673785078713	0.194136892539356	622.1805	689.686	10.8498257338505
DENW1268	919.73	896.896	-2.48268513585508	9.8452128678987	9.82890485968515	-0.0163080082135512	692.0375	735.208	6.23817350938352
DENW1269	828.901	799.3015	-3.57093307885984	10.0247077344285	10.0436030116359	0.0188952772073936	708.4785	754.5355	6.50083241763865
DENW1271	914.8275	908.5305	-0.688326487780474	9.28385352498289	9.30068720054757	0.0168336755646816	660.409	702.2515	6.33584642244429
DENW1272	945.521	943.6	-0.203168411912579	9.48609171800137	9.48132785763176	-0.00476386036960896	671.5645	714.958	6.4615535812271
DENW1277	1168.592	1141.224	-2.34196366225339	8.26166324435318	8.2447241615332	-0.0169390828199862	668.903	709.819	6.11688092294397
DENW1278	1167.5265	1168.4575	0.079741230712968	8.55088021902806	8.57544284736482	0.0245626283367564	672.299	714.049	6.21003452332965
DENW1279	660.743	654.2785	-0.978368291453719	10.2086406570842	10.1958562628337	-0.012784394250513	740.4255	778.9915	5.20862666129137
DENW1280	914.3745	907.9545	-0.702119317631897	8.51842162902122	8.68232717316906	0.163905544147843	644.655	692.013	7.34625497359054
DENW1281	689.998	671.362	-2.70087739384751	8.68056673511294	8.74470362765229	0.0641368925393557	706.161	746.0505	5.64878264305167
DENW1282	759.917	756.877	-0.400043688981818	10.5578097193703	10.5590951403149	0.00128542094455852	717.7675	762.9995	6.30176206083446
DENW1283	1109.243	1114.718	0.493579855811588	8.04271047227926	8.00429431895962	-0.0384161533196448	656.6085	703.239	7.10172043158137
DENW1284	894.3565	886.96	-0.82701920319247	7.94463107460643	8.10636550308008	0.161734428473649	624.5205	682.822	9.33540212050686
DENW1286	770.4925	760.529	-1.29313393705975	10.069029431896	10.108893908282	0.0398644763860379	725.195	767.7985	5.87476471845504
DENW1287	807.218	792.883	-1.77585237197387	10.0642203969884	10.1794127310062	0.115192334017795	708.3885	750.642	5.9647354523683
DERP1962	767.0455	765.5115	-0.199988136296998	11.0675797399042	11.1855633127995	0.117983572895277	785.269	835.128	6.34928922445685
DERP1963	730.769	723.14	-1.04396875072698	11.0075633127995	11.1588898015058	0.151326488706365	789.475	833.674	5.59853066911555
DERP1964	738.639	732.9415	-0.77135109302379	10.7950184804928	11.0556605065024	0.260642026009583	772.9705	819.8335	6.06271520064478
DERP1965	802.1735	787.183	-1.86873537956564	10.3932525667351	10.4390882956879	0.0458357289527722	751.8675	787.5695	4.74844304348836
DERP1966	869.364	832.454	-4.24563243934645	10.0640328542094	10.1814332648871	0.117400410677618	730.2685	768.774	5.27278665312827
DERP1967	802.7965	740.0765	-7.81268976633556	9.74849828884326	9.89390554414784	0.145407255304585	707.8605	769.4125	8.69549861872502
DERP1969	624.897	607.019	-2.8609514848047	10.0659425051335	10.0449952087611	-0.0209472963723485	750.673	785.52	4.64210115456397
DERP1970	565.0165	538.426	-4.70614574972588	10.7584394250513	10.9489199178645	0.190480492813141	777.5925	840.476	8.08694785507834
DERP1971	536.0625	528.4325	-1.42334149469511	10.5471211498973	10.6453059548255	0.0981848049281311	772.7135	821.4285	6.30440648442145
DERP1972	1026.196	993.642	-3.17229846929825	8.79928678986995	8.98407118412046	0.184784394250512	659.5275	721.9805	9.46935495487301
DERP1973	984.3765	950.899	-3.4008837065899	8.71658316221766	8.88377002053388	0.167186858316221	659.742	723.02	9.59132509374877
DERP1974	808.106	798.383	-1.20318374074688	8.86852566735113	8.98751813826146	0.118992470910335	680.768	738.7005	8.50987414214534
DERP1976	1165.779	1019.4155	-12.554995415083	8.06353045859001	8.52702258726899	0.463492128678986	595.5495	681.705	14.4665556767322
DERP1977	1027.423	944.241	-8.09617849707472	8.60528542094456	8.77128952772074	0.166004106776182	653.579	718.8125	9.98096634071781
DERP1978	801.753	781.155	-2.56912041489087	8.5388076659822	8.71348528405202	0.174677618069815	661.683	731.704	10.5822576671911
DERP1979	721.049	722.2725	0.169683336361337	8.78709924709103	8.89369336071184	0.106594113620808	678.1355	733.8195	8.21133829448539
DERP1980	709.85	676.343	-4.72029301965203	8.93324572210815	9.06505817932923	0.131812457221081	667.949	724.7655	8.50611349070064
DERP1981	693.1	679.9775	-1.89330543933055	9.01403422313484	9.07832854209446	0.0642943189596163	685.2525	737.6385	7.64477327700374
DERP1982	855.669	832.965	-2.65336245674439	9.68576317590691	9.64263518138261	-0.0431279945242995	773.6665	816.1975	5.49732992187201
DERP1983	822.6255	826.3695	0.455128123307646	9.51834223134839	9.58439698836413	0.0660547570157419	757.4965	804.063	6.1474211432
DERP1984	782.339	784.335	0.255132365892533	9.6219370294319	9.69341546885695	0.0714784394250518	758.199	804.677	6.13005292805715
DERP1985	757.7345	744.8	-1.70699631599196	9.9192553045859	9.94077070499658	0.0215154004106779	767.939	807.8965	5.20321275517977
DERP1986	715.616	692.517	-3.22784845503733	9.6469144421629	9.81691307323751	0.169998631074606	743.724	800.0115	7.56833180050664
DERP1987	632.519	715.8665	13.1770745226626	9.37905817932923	9.64817796030116	0.269119780971938	743.2905	806.0845	8.44811012652524
DERP1988	699.3425	668.8175	-4.36481409323757	9.8691690622861	9.95647638603696	0.0873073237508564	738.7975	789.8915	6.91583282293185
DERP1989	662.81	643.069	-2.97837992788282	9.90491718001369	9.92085557837098	0.0159383983572905	744.036	789.2545	6.07746130563576
DERP1990	632.3765	625.9865	-1.01047398187632	9.82309650924025	9.81977823408624	-0.00331827515400285	748.974	790.936	5.60259768696911
DERP1991	731.5955	685.1715	-6.3455830441822	8.76655852156057	8.8511279945243	0.0845694729637234	657.93	709.3805	7.8200568449531
DERP1992	677.7425	638.9885	-5.71810090115346	9.30263655030801	9.32603011635866	0.0233935660506503	704.302	737.305	4.68591598490421
DERP1993	654.554	616.1775	-5.8629998441687	9.5840219028063	9.81660232717317	0.232580424366873	688.467	768.459	11.6188575487278
DERP1994	583.403	565.477	-3.07266160784225	10.0093511293635	10.0374839151266	0.0281327857631748	740.2685	790.894	6.83880240750484
DERP1995	545.867	538.736	-1.30636217247058	10.337711156742	10.3222162902122	-0.0154948665297727	765.451	809.5755	5.76451007314642
DERP1996	992.8685	998.0435	0.521217059459543	8.42045995893224	8.36858179329227	-0.0518781656399714	650.1935	694.5895	6.82812116700643
DERP1997	716.737	687.8915	-4.02455852007082	9.13355646817248	9.08403696098563	-0.0495195071868579	713.602	750.2705	5.13850858041315
DERP1998	712.2775	675.6595	-5.14097384797357	9.1213839835729	9.07284188911704	-0.0485420944558523	729.156	762.6465	4.59305004690354
DERP1999	841.748	814.0435	-3.29130571144807	9.24859685147159	9.25568788501027	0.00709103353867313	734.1925	769.7745	4.84641289580049
DERP2000	854.6635	760.9615	-10.9636131647134	9.09152635181383	9.37553456536619	0.284008213552362	711.5025	774.8195	8.89905516846392
DERP2001	674.709	635.094	-5.87142012334208	9.13862012320329	9.13055852156057	-0.00806160164271041	729.1935	755.673	3.63134065237827
DERP2002	670.0115	639.3035	-4.58320491513951	9.22371252566735	9.200893908282	-0.0228186173853526	735.917	760.931	3.39902461826538
DERP2005	882.943	880.518	-0.274649665946721	8.41608624229979	8.73105544147844	0.314969199178645	673.896	738.5665	9.59651044078019
DERP2006	1018.147	999.1545	-1.86539861139894	7.81501026694045	7.91649965776865	0.1014893908282	598.9595	674.818	12.6650466350396
DERP2007	875.2605	876.726	0.167435866236397	8.58297056810404	8.61489117043121	0.0319206023271743	679.663	731.5825	7.63900638993148
DERP2008	850.2915	837.695	-1.48143313204942	8.5708076659822	8.68554140999315	0.11473374401095	685.6585	736.991	7.48659864932762
DERP2009	935.1125	953.286	1.94345600128328	8.21953730321697	8.15641067761807	-0.0631266255989047	638.1925	694.4675	8.81787235042718
DERP2010	936.474	918.88	-1.87874943671688	8.35599452429843	8.35382614647502	-0.00216837782340917	654.609	710.19	8.490717359523
DERP2011	871.133	854.8545	-1.86865840233351	8.79468720054757	8.74361533196441	-0.0510718685831613	694.132	741.5595	6.83263413875173
DERP2012	814.563	772.0505	-5.21905610738518	10.0152402464066	10.0930143737166	0.0777741273100627	758.8995	811.911	6.98531228443291
DERP2013	889.373	864.2645	-2.82316868175669	9.61581245722108	9.59281040383299	-0.0230020533880904	744.313	778.763	4.62842916891147
DERP2017	1021.936	987.5325	-3.36650240328162	8.91180561259411	9.21291991786448	0.301114305270364	631.5525	718.0115	13.6899149318544
DERP2018	933.311	937.7515	0.475779241860423	9.16273100616016	9.36089801505818	0.198167008898015	656.534	730.7125	11.2985009154134
DERP2019	976.7875	949.591	-2.78428010186453	9.17214373716632	9.4394264202601	0.267282683093772	646.53	740.1835	14.4855613815291
DERP2026	941.4245	957.39	1.69588745565894	8.06469541409993	8.08128405201916	0.0165886379192326	617.325	686.5985	11.221560766209
DERP2027	931.3315	945.997	1.57468098093965	8.14816837782341	8.12990691307324	-0.0182614647501715	626.178	690.1405	10.2147472443938
DERP2028	931.41	889.7605	-4.47166124477943	8.30291991786448	8.47605201916496	0.173132101300478	658.0045	726.623	10.428272147075
DERP2029	832.0595	813.7935	-2.19527569843262	9.01328542094456	9.04215879534565	0.0288733744010941	708.3535	759.2855	7.19019529091054
DERP2030	838.0235	847.295	1.10635322279149	8.69399315537303	8.8432758384668	0.149282683093771	639.592	698.978	9.28498167581833
DERP2031	949.887	908.024	-4.40715579853183	8.80315947980835	9.00848323066393	0.205323750855579	639.7625	708.2175	10.700064477052
DERP2032	842.4825	763.767	-9.34328012748039	8.23459274469541	8.27661464750171	0.0420219028062974	635.2595	698.0115	9.87816789831556
DERP2033	833.262	796.745	-4.38241513473554	8.98160574948665	8.99789733059548	0.0162915811088293	699.3125	752.2945	7.57629814996871
DERP2034	882.162	813.1335	-7.82492331340502	8.51675290896646	8.60102806297057	0.0842751540041071	670.015	734.6755	9.65060483720515
DERP2035	862.4205	803.769	-6.80080076946222	8.8177029431896	8.97853388090349	0.160830937713895	700.763	759.376	8.36416877032605
DERP2036	803.174	751.5835	-6.42332794637277	8.85416837782341	9.04571115674196	0.191542778918548	682.791	747.2505	9.44059016595123
DERP2037	747.1445	715.0985	-4.28913014818419	9.14452292950034	9.19712525667351	0.0526023271731688	696.972	749.786	7.57763583042073
DERP2038	718.739	698.382	-2.83232160770462	8.87296372347707	9.02994524298426	0.156981519507188	667.0475	725.673	8.78880439548908
DERP2039	691.0175	677.787	-1.91464036728448	9.27448459958932	9.32584394250513	0.051359342915811	701.719	748.9785	6.73481835321546
DERP2040	672.175	654.2145	-2.67199761966748	8.84022724161533	9.0923394934976	0.252112251882272	669.566	733.831	9.59800826206826
DERP2042	900.867	876.7835	-2.6733690988792	9.47614647501711	9.52187679671458	0.0457303216974676	696.77	749.1925	7.5236448182327
DERP2043	911.362	887.41	-2.62815434481578	9.40199726214921	9.42602464065708	0.0240273785078724	700.429	750.876	7.20230030452765
DERP2044	888.7745	879.0035	-1.09937897633202	9.62611088295688	9.73437234770705	0.108261464750171	699.06	756.2675	8.18348925700226
DERP2045	853.6485	806.1745	-5.56130538506189	9.36450102669404	9.52360301163587	0.15910198494182	685.7085	746.443	8.85718931586819
DERP2046	723.1745	711.1035	-1.66916836807714	8.65113757700205	8.69643668720055	0.0452991101984939	652.6325	709.358	8.69179821722026
DERP2047	716.1595	701.429	-2.05687420190614	8.45173032169747	8.59552087611225	0.143790554414784	639.2765	707.3365	10.6464104342956
DERP2048	734.69	710.651	-3.27199226884807	8.67878439425051	8.72986036960986	0.0510759753593426	656.436	705.596	7.48892504372095
DERP2049	718.8275	692.9215	-3.60392444640751	9.09492950034223	9.24424366872005	0.149314168377822	683.2335	732.788	7.25293768528621
DERP2050	1113.4545	1096.7675	-1.49866923165699	8.61203696098563	8.65608213552361	0.0440451745379864	674.768	720.797	6.82145567068978
DERP2051	1026.574	1023.532	-0.296325447556644	8.46694182067077	8.54730184804928	0.0803600273785072	654.198	711.783	8.80238093054397
DERP2052	1094.8405	1086.4265	-0.768513769813958	9.36508692676249	9.46280355920602	0.0977166324435323	688.0025	746.803	8.54655324653618
DERP2053	1048.285	1036.281	-1.14510843902184	8.43347022587269	8.39890212183436	-0.0345681040383301	625.12	684.311	9.46874200153569
DERP2054	1045.105	1035.0645	-0.960716865769474	8.53210951403149	8.59345379876797	0.0613442847364816	627.35	694.984	10.7809038017056
DESH1294	803.6375	785.4475	-2.26345833787	9.22528131416838	9.25838603696099	0.0331047227926078	660.109	711.9815	7.85817190797276
DESH1300	848.392	834.156	-1.67799790662808	9.22652566735113	9.19185763175907	-0.0346680355920608	659.0455	710.136	7.75219616854982
DESH1301	850.552	822.2175	-3.33130719814897	9.15702395619439	9.1718945927447	0.0148706365503077	641.9725	690.7575	7.59923516973077
DESH1302	837.826	823.755	-1.67946566470844	9.18782477754962	9.18100479123888	-0.00681998631074698	649.7535	700.516	7.81257815463863
DESH1305	852.782	859.856	0.829520322896129	9.10896646132786	9.15810266940452	0.0491362080766589	622.18	685.361	10.1547783599601
DESH1309	810.189	790.3245	-2.45183531250117	8.96962902121834	8.96415058179329	-0.00547843942505111	562.7755	631.3525	12.1854984802999
DESH1310	845.514	841.2725	-0.501647518550829	9.09509240246406	9.14333470225873	0.0482422997946621	615.48	682.8365	10.9437349710795
DESH1311	873.1355	858.765	-1.64584992821847	9.26111704312115	9.22827926078029	-0.032837782340863	659.958	710.245	7.61972731598072
DESH1313	859.984	849.5565	-1.21252255855923	9.1370841889117	9.20149075975359	0.0644065708418893	620.465	681.5735	9.84882306012427
DESH1319	849.8995	823.359	-3.12278098763443	9.11487885010267	9.13167145790554	0.0167926078028735	624.2515	680.172	8.95800811051314
DESH1322	739.9135	711.731	-3.80889117444134	9.14430253251198	9.19705681040383	0.0527542778918555	690.323	738.9815	7.04865693305887
DESH1325	860.054	838.5605	-2.49908726661351	9.21323887748118	9.25607802874743	0.0428391512662554	638.4495	691.507	8.31036753885781
DESH1328	792.383	772.1035	-2.55930528544909	9.1972772073922	9.25597399041752	0.0586967830253258	660.721	713.306	7.95872993290663
DESH1334	946.6875	882.984	-6.72909487027134	9.14760164271047	9.06382203969884	-0.0837796030116369	599.17	658.633	9.92422851611397
DESH1340	931.4285	880.2875	-5.49059858056737	9.1712772073922	9.13253798767967	-0.0387392197125269	639.4205	689.7905	7.87744528053136
DESH1341	896.696	878.1575	-2.06742307314852	9.01495961670089	8.99760027378508	-0.0173593429158121	575.781	644.698	11.9693077750047
DESH1344	887.92	856.7595	-3.50938147580865	8.97546475017112	8.99384804928131	0.0183832991101998	560.6425	628.3065	12.0690101089375
DESH1348	870.4555	848.354	-2.5390729336537	9.04485831622177	9.05246132785763	0.00760301163586519	590.255	648.896	9.93485866278133
DESH1355	838.0525	812.26	-3.07767114828725	9.11368377823409	9.12732511978097	0.0136413415468848	605.242	670.3495	10.7572673409975
DESH1356	846.599	827.031	-2.31136582963126	9.18610814510609	9.18242847364819	-0.00367967145790615	648.395	698.58	7.73988078254769
DESH1359	865.451	841.8715	-2.72453322025164	9.03747843942505	9.02636687200548	-0.0111115674195759	592.7325	649.569	9.58889549670383
DESH1367	862.7515	843.736	-2.20405296310697	9.02232717316906	9.04709787816564	0.0247707049965786	548.4225	617.6535	12.623661501853
DESH1379	753.136	736.8485	-2.16262401478618	9.15649144421629	9.21455852156057	0.0580670773442851	679.1685	728.733	7.29782079115859
DESH1380	834.5605	809.118	-3.04861061600685	9.11910061601643	9.12908829568788	0.00998767967145753	600.1715	669.284	11.5154584981126
DESH1383	843.796	815.762	-3.32236701762037	9.24847775496236	9.2167022587269	-0.0317754962354559	670.483	723.901	7.96709237967258
DESH1388	843.125	874.298	3.69731653076353	9.04732785763176	9.09757837097878	0.0502505133470237	622.742	688.3795	10.540079198127
DESH1391	846.596	839.677	-0.817272937741245	9.07433127994524	9.09537577002053	0.0210444900752904	614.875	685.277	11.4498068713153
DESH1395	813.2845	807.572	-0.702398730087685	9.35662559890486	9.30641615331964	-0.0502094455852156	672.369	722.0785	7.39318737181519
DESH1396	825.7545	822.231	-0.426700671930945	9.29739356605065	9.25470636550308	-0.0426872005475687	669.5765	718.1245	7.25055314814663
DESH1403	844.6345	832.561	-1.42943486206162	9.2450417522245	9.19869815195072	-0.0463436002737847	667.9345	714.23	6.93114369747332
DESH1415	732.6205	703.386	-3.9904015789894	9.40702395619439	9.42871868583162	0.0216947296372343	672.4945	726.4545	8.02385744418728
DESH1417	873.893	844.2435	-3.39280667083958	9.01659274469541	8.98085557837098	-0.0357371663244344	566.392	641.457	13.2531886043588
DESH1422	966.3185	892.1095	-7.67955906877495	9.1277234770705	9.08370568104038	-0.0440177960301167	628.3605	679.2125	8.09280659748663
DESH1425	866.234	842.941	-2.68899627583309	8.95949075975359	8.96121697467488	0.00172621492128577	559.0145	628.9275	12.5064734456799
DESH1426	847.957	810.1725	-4.4559452896786	9.2618726899384	9.25054620123203	-0.0113264887063647	661.296	711.2	7.54639374803416
DESH1430	900.5935	877.8085	-2.52999827336085	8.98391238877481	9.03223956194387	0.0483271731690618	575.801	637.7035	10.7506760148037
DESH1434	739.7365	724.2665	-2.09128520763813	9.1049363449692	9.13696509240246	0.0320287474332659	678.7575	732.5205	7.92079645528779
DESH1444	852.4335	828.0385	-2.86180681542899	9.16323613963039	9.1918507871321	0.0286146475017102	625.2575	680.5555	8.84403625706211
DESH1449	743.193	719.4845	-3.19008655894229	9.29292402464066	9.31745653661875	0.0245325119780979	680.728	731.264	7.42381685489653
DESH1454	794.864	783.45	-1.43596892046941	9.19694729637235	9.20777412731006	0.0108268309377149	658.1005	712.8385	8.31757459536956
DESH1456	733.1665	712.9585	-2.75626341356296	9.08554688569473	9.03641752224504	-0.0491293634496905	588.391	654.256	11.1940869251909
DESH1457	821.252	814.5925	-0.810896046524099	9.3208501026694	9.24528268309377	-0.0755674195756324	678.176	727.948	7.33909781531637
DESH1459	774.061	744.8685	-3.7713436021192	9.24968240930869	9.31486516084873	0.0651827515400427	671.397	722.3675	7.59170803563317
DESH1460	804.9625	772.576	-4.02335512523875	9.4661054072553	9.44758795345654	-0.0185174537987667	666.6165	719.2125	7.88999372202758
DESH1461	841.5945	815.877	-3.05580656717693	9.26221492128679	9.21696919917864	-0.0452457221081453	673.578	725.173	7.65984043421846
DESH1462	882.977	880.4445	-0.286813812817337	9.12852703627652	9.10695550992471	-0.0215715263518135	638.341	690.8045	8.21872635472262
DESH1465	780.117	747.95	-4.12335585559601	9.19849418206708	9.26367556468172	0.0651813826146466	671.8695	722.576	7.54707573420136
DESH1468	852.554	859.8915	0.860649296114965	9.11241067761807	9.16008898015058	0.0476783025325105	622.698	685.459	10.078882540172
DESH1470	958.4915	880.464	-8.1406564377462	9.14184531143053	9.08960711841205	-0.0522381930184803	603.2175	661.2755	9.62472076821379
DESH1488	896.736	878.757	-2.0049379081469	8.99642162902122	9.05173990417522	0.0553182751540042	580.796	641.9555	10.5302894648035
DESH1489	886.4035	857.1845	-3.2963543126804	8.97381656399726	8.97717180013689	0.00335523613962962	553.657	622.4475	12.4247503418181
DESH1491	847.118	815.031	-3.78778399231276	9.03102395619439	8.96206981519507	-0.0689541409993151	602.4725	665.207	10.4128404201021
DESH1493	931.613	866.9075	-6.94553425081015	9.23670910335387	9.14905133470226	-0.0876577686516082	596.2705	650.382	9.07499197092594
DESH1498	783.4815	750.1525	-4.25396132518765	8.99573032169747	9.05650787132101	0.0607775496235465	552.0645	610.255	10.5405256088736
DESH1499	944.135	876.2355	-7.19171516785205	9.05607255304586	9.07665571526352	0.02058316221766	602.165	669.151	11.1241935349946
DESH1502	877.151	873.102	-0.461608092563308	9.10019438740589	9.09056399726215	-0.00963039014373734	626.0095	687.66	9.84817323059795
DESH1507	854.885	828.714	-3.06134743269563	9.15797399041752	9.18537166324435	0.0273976728268313	620.394	676.5405	9.05013588139149
DESH1512	790.386	749.415	-5.18366975123547	9.58774811772758	9.62315400410678	0.0354058863791931	661.9005	715.4105	8.08429665788136
DESH1515	968.5055	892.923	-7.8040341536522	9.03656125941136	9.01901437371663	-0.0175468856947294	597.34	659.5955	10.4221214048951
DESH1518	832.6715	818.1765	-1.74078252948492	8.9777015742642	8.96749486652977	-0.0102067077344277	571.082	636.224	11.4067682049163
DESH1521	852.559	843.925	-1.0127158355023	9.14863244353183	9.1879780971937	0.0393456536618757	624.448	682.8325	9.34977772368554
DESH1522	730.3665	702.7895	-3.77577558664039	9.40843531827515	9.42887748117728	0.0204421629021212	672.894	727.0655	8.05052504554951
DESH1524	838.2985	808.8115	-3.51748213792582	9.27132648870637	9.26720191649555	-0.00412457221081475	661.168	711.1835	7.56471880066791
DESH1525	730.34	719.794	-1.44398499329079	9.09721560574949	9.05601368925394	-0.0412019164955506	652.77	718.433	10.0591326194525
DESH1526	721.74	720.024	-0.237758749688255	9.14202600958248	9.10000821355236	-0.0420177960301178	672.738	730.8765	8.64207165345201
DESN1529	951.4265	907.013	-4.66809574885711	7.90362080766598	8.07703627652293	0.173415468856946	646.3755	696.721	7.78889360750833
DESN1541	843.7215	805.176	-4.5685098696667	8.31158247775496	8.2521273100616	-0.0594551676933612	698.246	741.3375	6.17139231732083
DESN1548	872.245	840.485	-3.64117879724161	8.44112936344969	8.53728405201917	0.0961546885694737	662.3065	715.4615	8.02574034831307
DESN1551	939.2695	893.966	-4.82326957279034	6.99088980150582	7.15888295687885	0.167993155373032	619.4895	693.117	11.8851893373495
DESN1555	820.6755	794.3945	-3.20236195670517	8.69401642710472	8.67954962354552	-0.0144668035592055	701.4715	741.5085	5.70757329413954
DESN1560	746.4335	727.234	-2.5721648345097	9.0585968514716	9.01618891170431	-0.0424079397672834	713.9265	757.904	6.15994783776761
DESN1563	848.3405	818.637	-3.50136531263096	8.62473511293634	8.71518959616701	0.0904544832306655	669.032	723.698	8.17090961269417
DESN1565	734.7415	712.049	-3.08850119395733	8.69704449007529	8.74951540041068	0.0524709103353871	731.6375	761.025	4.01667492439903
DESN1566	791.8085	761.854	-3.78304855277506	9.2457015742642	9.26372210814511	0.0180205338809039	709.9715	748.4515	5.41993587066523
DESN1568	782.505	755.428	-3.46029737829151	8.35550444900753	8.33109377138946	-0.0244106776180697	729.5095	754.935	3.48528703190295
DESN1573	860.3225	835.7495	-2.8562544859631	8.52610130047912	8.54668993839836	0.0205886379192339	669.627	718.0795	7.23574467576725
DESN1574	815.481	783.152	-3.96440873545796	8.64308145106092	8.62141820670773	-0.0216632443531832	705.069	747.6875	6.04458570721448
DESN1576	692.6965	676.7835	-2.29725428091524	8.82725941136208	8.92875154004107	0.101492128678988	715.1295	753.7575	5.40153916178817
DESN1578	878.6745	846.432	-3.66944755993261	8.43554962354552	8.49784804928131	0.062298425735797	672.434	719.234	6.95979084936218
DESN1579	710.0775	683.3715	-3.76099791924121	8.99777823408624	9.16211635865845	0.164338124572211	725.184	765.9855	5.62636517077046
DESN1591	806.641	768.0665	-4.78211496812088	8.42178234086242	8.48592607802875	0.064143737166324	707.785	758.759	7.20190453315625
DESN1593	882.81	853.1185	-3.36329448012598	8.0195099247091	7.98840793976728	-0.031101984941821	679.086	725.0295	6.76549067422977
DESN1600	640.4955	642.853	0.368074404894329	9.35399315537303	9.63856262833676	0.284569472963723	746.375	786.395	5.3619159269804
DESN1607	613.1735	611.4105	-0.287520579411869	9.59528952772074	9.62258453114305	0.0272950034223136	748.0885	788.3635	5.38372131104809
DESN1609	762.112	742.522	-2.570488327175	8.96328678986995	8.91989185489391	-0.0433949349760443	708.3925	752.007	6.15682690034125
DESN1610	840.137	830.734	-1.11922222208997	7.73439835728953	7.84911156741958	0.114713210130049	687.252	717.2415	4.36368319044541
DESN1614	622.73	617.5855	-0.826120469545406	9.62181793292266	9.63640246406571	0.0145845311430524	757.174	792.334	4.64358258471634
DESN1616	683.4855	685.6575	0.317782893711721	8.87723750855578	8.93121971252567	0.0539822039698841	724.1635	766.778	5.88465173955882
DESN1621	642.979	619.721	-3.61722544593214	9.63121697467488	9.81784394250513	0.186626967830254	739.348	795.6715	7.6179958558081
DESN1622	818.954	752.9395	-8.06083125547954	8.88009308692676	9.00870362765229	0.12861054072553	715.6	759.2335	6.09747065399665
DESN1623	767.296	726.3635	-5.33464269330219	8.18747159479808	8.22465434633813	0.0371827515400422	732.8555	761.5935	3.92137331302011
DESN1632	724.569	718.8825	-0.784811384423019	8.81713210130048	8.86383709787817	0.0467049965776862	733.8585	768.495	4.71977908547764
DESN1633	679.968	670.494	-1.39330086121702	9.41864613278576	9.40963449691992	-0.0090116358658463	732.236	772.76	5.53428129728667
DESN1636	728.6285	725.9205	-0.371657161365508	8.82074058863792	8.87517180013689	0.0544312114989722	728.5245	764.2205	4.89976658300442
DESN1637	837.125	795.358	-4.9893385097805	8.99281998631075	8.98208898015058	-0.0107310061601638	706.7885	740.4455	4.76196202965951
DESN1645	722.7075	680.1425	-5.88965798749839	8.39795208761123	8.51308145106092	0.115129363449693	733.5625	762.838	3.99086649058532
DESN1646	741.0125	681.6	-8.01774598944013	8.43205749486653	8.53066392881588	0.0986064339493495	727.995	756.1245	3.86396884593988
DESN1649	927.7615	920.131	-0.822463531845198	7.14401642710472	7.40256125941136	0.258544832306639	664.219	694.9875	4.63228242492311
DESN1655	686.237	669.768	-2.39989974309166	8.94629158110883	9.0662765229295	0.119984941820672	714.293	759.405	6.31561558072107
DESN1662	704.2325	696.994	-1.02785656725585	9.16781656399726	9.29929500342231	0.131478439425052	736.0885	775.9805	5.41945703539723
DESN1666	628.065	618.964	-1.44905383996877	9.56895550992471	9.61591923340178	0.0469637234770701	744.647	785.949	5.5465207004124
DESN1676	691.819	669.548	-3.21919461593277	9.36683230663929	9.39823819301848	0.0314058863791917	734.4385	787.0735	7.16669945815749
DESN1678	995.5025	964.0025	-3.16423112950495	6.87631485284052	7.14234633812457	0.266031485284053	621.361	679.8875	9.41908166106338
DESN1679	702.2795	669.3015	-4.69585115328013	8.54645585215606	8.62501026694045	0.078554414784394	731.6985	762.0545	4.1487033252084
DESN1687	731.594	713.622	-2.45655377162741	9.06045722108145	9.11450650239562	0.0540492813141675	714.2645	761.6065	6.62807685388256
DESN1688	1002.849	923.7075	-7.89166664173767	6.99352498288843	7.06595208761123	0.0724271047227925	635.3275	693.1845	9.10664185006947
DESN1690	698.2335	696.7445	-0.213252443487749	9.00081724845996	9.13252292950034	0.131705681040382	735.7715	773.0465	5.06611087817345
DEST1696	592.3165	568.926	-3.94898673259988	9.39090896646133	9.46054620123203	0.0696372347707044	691.4435	749.1975	8.35267089791138
DEST1697	584.0155	572.3235	-2.00200165920254	9.43026146475017	9.43643121149897	0.00616974674880311	693.2635	747.7645	7.86151297450392
DEST1698	591.3435	576.09	-2.57946523467327	9.44998631074606	9.44505133470226	-0.00493497604380622	694.401	747.2985	7.61771656434825
DEST1699	595.5065	577.416	-3.03783417981164	9.47213826146475	9.46611909650924	-0.00601916495550903	696.324	748.3925	7.47762535831022
DEST1700	608.4035	583.8945	-4.02841206534808	9.49345242984257	9.43946611909651	-0.0539863107460636	701.514	747.8855	6.61020307506336
DEST1701	592.6035	580.2175	-2.09009902911474	9.5684900752909	9.53412594113621	-0.0343641341546874	717.578	767.696	6.98432783613768
DEST1703	788.591	755.922	-4.14270515387571	8.86788364134155	8.97842026009583	0.11053661875428	671.8315	734.2065	9.28432203610578
DEST1705	613.2785	588.9555	-3.966061096223	9.49795482546201	9.53550308008213	0.0375482546201233	737.387	780.2765	5.81641661705456
DEST1706	648.647	623.4535	-3.88400778851981	9.3633620807666	9.50660643394935	0.143244353182752	715.82	766.5005	7.08006202676651
DEST1716	801.4385	690.41	-13.8536519021734	7.49821902806297	8.02141957563313	0.523200547570158	656.8735	727.8945	10.8119752128835
DEST1718	700.768	625.994	-10.6702931640714	8.37781793292265	8.38941136208077	0.0115934291581112	703.2295	742.4985	5.58409452390719
DEST1719	652.153	595.987	-8.61239617083722	8.59536344969199	8.6506598220397	0.0552963723477085	711.444	752.3715	5.7527366876381
DEST1721	580.8795	547.67	-5.7171065599664	9.23931279945243	9.20186995208761	-0.0374428473648187	733.8805	769.9395	4.91347024481507
DEST1722	621.4345	571.1825	-8.08645158902508	9.16265434633812	9.24467214236824	0.0820177960301169	724.0585	769.7005	6.3036343057916
DEST1723	636.0625	603.4475	-5.12764075857326	9.36827789185489	9.37745242984257	0.00917453798767909	698.7425	751.077	7.48981205522777
DEST1724	588.694	569.379	-3.28099148284167	9.72676112251882	9.77023134839151	0.0434702258726887	719.2485	763.1095	6.0981705210369
DEST1730	549.358	534.889	-2.63380163754782	9.91702669404518	9.90593018480493	-0.0110965092402466	735.162	780.1185	6.1151827760412
DEST1732	562.27	537.182	-4.46191331566684	9.39558932238193	9.4000643394935	0.00447501711156661	734.405	776.1985	5.6907973121098
DEST1733	586.176	563.1135	-3.93439854241729	9.113234770705	9.09514031485284	-0.0180944558521556	726.159	764.8985	5.33485090730818
DEST1735	564.955	538.1705	-4.74099707056316	9.23268993839836	9.29177549623546	0.0590855578370988	728.747	771.4225	5.8560103849484
DEST1736	547.5965	536.365	-2.05105401513705	9.47022587268994	9.45533333333333	-0.0148925393566053	740.733	780.938	5.42773171979648
DEST1737	678.535	654.3025	-3.57129698541712	7.96737029431896	8.05101711156742	0.0836468172484608	686.22	726.8015	5.91377400833552
DEST1738	656.099	631.891	-3.68968707466403	8.27049555099247	8.30538809034908	0.0348925393566049	695.4995	734.6385	5.62746630299519
DEST1739	615.8135	594.3705	-3.48206072130604	8.75324024640657	8.74278302532512	-0.0104572210814524	712.127	752.078	5.61009482859095
DEST1740	615.1825	600.6995	-2.3542607275077	8.46520054757016	8.52553456536619	0.0603340177960305	702.825	744.1025	5.87308362679186
DEST1741	607.5065	586.5285	-3.45313177719085	8.81122245037646	8.79320739219713	-0.0180150581793299	713.8725	753.8355	5.59805847682882
DEST1746	1190.069	1186.306	-0.31620015310036	6.64474606433949	6.68644353182752	0.0416974674880217	584.7365	657.2205	12.3960108527516
DEST1753	1250.465	1244.798	-0.453191412794434	6.61673100616016	6.61390006844627	-0.00283093771389442	579.241	646.13	11.5476977631072
DEST1754	1186.417	1199.629	1.11360508151857	6.7418726899384	6.70191923340178	-0.0399534565366189	589.864	654.8965	11.0249989828164
DEST1755	1416.9445	1295.3155	-8.58389301768699	5.68975222450376	6.16743189596167	0.477679671457905	520.679	635.7135	22.0931706483265
DEST1756	1269.0175	1209.619	-4.6806683122967	6.20777002053388	6.48474195756331	0.276971937029431	558.072	652.7365	16.9627754124916
DEST1757	982.1355	1013.8355	3.22766054174805	7.07950444900753	7.26718138261465	0.187676933607118	615.7835	683.5415	11.0035426412043
DEST1761	730.8895	697.609	-4.55342428643454	7.56993976728268	7.61789596167009	0.0479561943874058	663.3585	710.8835	7.16430105289975
DEST1762	690.402	661.9895	-4.11535598100815	7.7581067761807	7.78782067077344	0.0297138945927449	672.727	719.1855	6.90599604297134
DEST1763	606.7235	583.5915	-3.81260986264747	8.80989596167009	8.84416016427105	0.0342642026009585	709.557	755.4955	6.47425083538038
DEST1764	693.749	696.749	0.43243305575936	8.0381054072553	8.48820533880903	0.45009993155373	665.038	730.585	9.8561285219792
DEST1765	1373.569	1193.7195	-13.0935904930877	5.83208898015058	6.68665434633812	0.854565366187543	533.0915	656.8005	23.205959952466
DEST1766	1253.741	1049.116	-16.3211540501587	6.43899794661191	7.39975906913073	0.960761122518823	567.723	680.8545	19.9272356413251
DEST1767	753.125	718.885	-4.54639004149378	8.45607939767283	8.80779739904175	0.351718001368925	666.783	736.172	10.4065340598066
DEST1768	676.9385	652.987	-3.53820915784817	8.93859958932238	9.17027926078029	0.231679671457906	688.222	750.513	9.05100389118628
DEST1770	853.2365	811.279	-4.91745254686127	7.62594250513347	8.21561943874059	0.589676933607119	639.5355	718.341	12.3223026712356
DEST1773	612.863	596.3015	-2.70231683100465	9.11989733059548	9.38946611909651	0.269568788501026	700.309	758.4805	8.30654753830096
DEST1775	605.5375	581.4955	-3.97035691431167	9.70561122518823	9.74116632443532	0.035555099247091	716.3405	764.661	6.74546531991419
DEST1777	578.1745	560.2945	-3.09249197257921	9.61922929500342	9.62860095824777	0.00937166324435346	758.0555	792.696	4.56965222203387
DEST1778	576.3655	556.2325	-3.4930959608096	9.63898151950719	9.64252566735113	0.00354414784394308	758.5125	793.367	4.59511214383414
DEST1779	602.98	580.26	-3.76795250257057	9.5367665982204	9.53446269678303	-0.00230390143737225	752.2525	787.155	4.63973200487869
DEST1782	561.209	552.7525	-1.50683613413187	9.68655715263518	9.70208350444901	0.0155263518138256	760.663	795.1975	4.54005255941198
DEST1783	562.555	552.952	-1.70703309009787	9.67800958247775	9.69386036960986	0.0158507871321021	759.5045	794.581	4.6183399835024
DEST1785	604.7935	590.5905	-2.34840486876925	9.49934428473648	9.57677070499658	0.0774264202600961	736.8545	777.599	5.52951769989868
DEST1786	612.0085	595.0475	-2.77136673755348	9.45250924024641	9.52609308692676	0.0735838466803553	736.776	775.753	5.29021032172599
DEST1787	605.5425	598.678	-1.13361159621332	9.5274674880219	9.5680862422998	0.040618754277892	742.2025	778.419	4.87959822285697
DEST1788	630.1305	616.3285	-2.19033993752088	9.32574674880219	9.43095003422314	0.105203285420945	713.592	762.4395	6.84529815356676
DEST1789	543.8985	518.8255	-4.60986746608052	9.80146338124572	9.84534428473648	0.043880903490761	742.1575	785.369	5.82241640083134
DEST1790	603.2685	585.8005	-2.8955597714782	9.49911841204654	9.53145790554415	0.032339493497604	747.229	781.944	4.64583146532053
DEST1791	575.5385	563.2125	-2.14164647543127	9.61688021902806	9.63317727583847	0.0162970568104033	756.283	789.3295	4.36959445075455
DEST1792	665.498	631.854	-5.0554622252809	9.58196988364134	9.48546201232033	-0.0965078713210143	718.856	765.0825	6.43056467498358
DEST1799	574.733	550.7705	-4.16932732242624	9.60098562628337	9.62478850102669	0.0238028747433265	755.41	789.933	4.57010100475237
DEST1801	567.129	553.3445	-2.43057575965964	9.575871321013	9.55435865845311	-0.0215126625598892	753.358	789.9915	4.86269476132198
DEST1805	574.843	564.9825	-1.71533792705141	9.47983162217659	9.46649555099247	-0.0133360711841206	758.2575	792.137	4.46807318094447
DEST1809	597.005	583.9915	-2.17979748913326	9.52962628336756	9.48181382614647	-0.047812457221081	749.289	787.6695	5.12225589859186
DEST1810	569.315	553.1665	-2.83647892642911	9.51909787816564	9.50421492128679	-0.01488295687885	752.8685	788.3425	4.71184542851772
DEST1811	566.493	548.9015	-3.10533404649307	9.59870088980151	9.58368925393566	-0.0150116358658465	755.211	788.9755	4.47086973044619
DEST1812	566.314	545.073	-3.75074605254331	9.62419438740589	9.60952635181383	-0.0146680355920594	755.7055	789.2495	4.43876615956877
DEST1813	558.556	538.9545	-3.509316881387	9.65657768651609	9.64718685831622	-0.00939082819986403	755.408	789.6235	4.52940662529387
DEST1816	631.569	612.893	-2.95707990734186	9.59952087611225	9.51921560574949	-0.0803052703627642	729.443	775.649	6.33442229207766
DEST1817	611.06	584.197	-4.39613131280072	9.55091854893908	9.50229979466119	-0.0486187542778911	739.555	782.1945	5.76556172292796
DEST1818	644.4345	631.2695	-2.04287635128164	9.53431759069131	9.45683641341547	-0.077481177275839	723.6015	766.7955	5.96930769214823
DEST1820	582.881	576.7	-1.06042228173504	9.54848733744011	9.51334565366188	-0.0351416837782335	746.1725	784.4735	5.13299538645554
DETH2055	1229.236	1058.047	-13.92645513148	6.52943052703628	6.90000136892539	0.370570841889117	544.445	643.4905	18.1920120489673
DETH2056	1100.911	1012.2595	-8.05255829036136	7.1727022587269	7.30305954825462	0.130357289527721	607.807	676.768	11.3458713045424
DETH2057	1077.537	1080.362	0.262171971820925	7.32420260095825	7.38462422997947	0.0604216290212181	614.937	675.4655	9.84304083182505
DETH2058	874.0775	904.1515	3.44065600590336	7.98629021218344	8.03085557837098	0.0445653661875429	688.5245	734.856	6.72909969071544
DETH2059	902.0775	914.9605	1.42814780326523	7.88477891854894	7.91335386721424	0.0285749486652982	667.24	721.74	8.16797554103471
DETH2060	861.4195	874.1535	1.47825768977833	7.97749349760438	8.01887748117728	0.0413839835728949	668.671	724.447	8.34132181596031
DETH2064	1040.293	1058.044	1.70634619285143	7.41882546201232	7.46187953456537	0.0430540725530459	619.827	690.0795	11.3342109975848
DETH2065	1127.6595	1149.3765	1.9258472969899	7.06543326488706	7.11166872005476	0.0462354551676931	582.3385	661.197	13.5416943925225
DETH2066	1057.9325	1073.973	1.51621204566452	7.39754962354552	7.45782203969884	0.0602724161533192	616.6355	690.5985	11.9946062138816
DETH2067	993.0165	993.93	0.0919924291288096	7.63928268309377	7.69352087611225	0.0542381930184801	636.747	699.775	9.89843689879966
DETH2068	1176.0945	1202.244	2.22341827123588	7.02670362765229	6.71591786447639	-0.310785763175907	581.769	634.757	9.10808241759185
DETH2069	905.1285	925.662	2.26857291533744	7.80338124572211	7.86223682409309	0.058855578370979	641.648	701.679	9.35575268683142
DETH2071	836.844	839.312	0.294917571255822	8.05856399726215	8.04121971252567	-0.0173442847364829	666.875	720.6325	8.06110590440486
DETH2072	784.264	806.2305	2.80090632746116	8.36403969883641	8.40301574264203	0.0389760438056133	677.3255	731.169	7.94942756473807
DETH2074	612.867	624.9605	1.97326663044346	8.92985763175907	8.93282272416153	0.00296509240246401	720.4555	762.059	5.77461064562627
DETH2075	719.983	709.3975	-1.47024304740527	8.50702395619439	8.54481451060917	0.0377905544147836	677.547	718.1315	5.98991656667359
DETH2076	718.8125	723.019	0.585201286844623	8.3961711156742	8.41163449691992	0.0154633812457217	660.027	705.867	6.94517042484624
DETH2083	699.762	688.2185	-1.64963230355462	7.89976728268309	7.96199863107461	0.0622313483915127	665.4915	717.3645	7.79469008995608
DETH2084	922.9905	937.303	1.55066601443894	7.2279370294319	7.36006160164271	0.132124572210815	633.7025	702.9315	10.9245268876168
DETH2085	869.3015	866.187	-0.358276156201248	7.40515263518138	7.45174811772758	0.0465954825462012	649.664	709.8725	9.26763680918137
DETH2086	1142.232	1066.126	-6.66291961703052	6.8433620807666	6.99699657768652	0.153634496919918	565.038	652.168	15.4202018271338
DETH2087	984.608	944.384	-4.08528063960479	7.09660917180014	7.20173442847365	0.105125256673511	594.6525	670.69	12.7868797322806
DETH2088	656.9135	663.394	0.986507355991315	8.81764134154689	8.76900479123888	-0.0486365503080073	720.8045	760.149	5.45841486838665
DETH2089	1030.967	1050.2165	1.86713056770972	7.16548117727584	7.25953593429158	0.0940547570157433	591.2085	669.204	13.1925538959606
DETH2090	752.1935	741.9585	-1.36068711043104	8.1584257357974	8.17845585215606	0.020030116358658	671.874	719.211	7.04551746309576
DETH2091	704.8995	692.296	-1.78798537947607	8.48622724161533	8.50223271731691	0.016005475701574	689.7955	734.484	6.47851428430601
DETH2092	734.733	687.1635	-6.47439273858666	8.45241478439425	8.54661054072553	0.0941957563312812	672.463	725.5245	7.89062000437199
DETH2093	635.327	614.462	-3.28413557113109	8.86752087611225	8.88417385352498	0.0166529774127309	712.398	755.974	6.11680549355838
DETH2097	943.7695	927.477	-1.72632194619554	7.62016016427105	7.7563832991102	0.136223134839152	628.2875	695.924	10.7652149692617
DETH2100	1194.53	1132.781	-5.16931345382703	6.832553045859	6.99411909650924	0.161566050650239	561.222	649.89	15.7990955450784
DETH2101	637.4215	640.7295	0.518965864816294	8.52686242299795	8.49573442847365	-0.031127994524299	703.6395	741.298	5.35195934850161
DETH2102	997.425	1030.972	3.36336065368324	7.32361943874059	7.41450239561944	0.0908829568788505	596.6195	666.422	11.6996678787737
DETH2103	770.5075	797.371	3.48646833418235	8.18579055441479	8.23488295687885	0.0490924024640655	665.3345	720.237	8.25186428781311
DETH2104	607.056	601.424	-0.92775625312987	8.57582067077344	8.58568651608487	0.00986584531143109	693.3705	736.7245	6.25264559135412
DETH2105	723.992	714.2185	-1.3499458557553	8.56791375770021	8.57971115674196	0.0117973990417521	673.562	722.1215	7.20935860395924
DETH2106	682.237	666.307	-2.33496570839751	8.64840793976728	8.70615879534565	0.0577508555783712	690.433	736.694	6.70028808008887
DETH2107	737.5205	738.176	0.0888788854004837	8.56797262149213	8.66603696098563	0.098064339493499	673.0665	726.294	7.90820817853807
DETH2108	693.39	741.9415	7.00204790954586	9.00112114989733	8.94428747433265	-0.0568336755646826	705.8275	750.4345	6.3198161023763
DETH2109	904.7355	903.661	-0.118763992349139	8.05984804928131	8.06202874743327	0.00218069815195143	663.316	715.4685	7.86239137907122
DETH2110	862.3635	880.4125	2.09296891624007	7.34153593429158	7.32256262833676	-0.0189733059548258	639.1475	691.9235	8.25724891359192
DK000001	980.98900009925	834.978	-14.8840608900281	8.38822352066858	8.62326351813826	0.235039997469677	561.316048692	606.919391891892	8.1243611876337
DK000003	924.8550017635	807.209	-12.7204806741786	8.38953045573251	8.54294318959617	0.153412733863656	559.2792498425	602.943	7.80714646034092
DK000005	968.817499892	835.7465	-13.7354042331847	8.39440417638741	8.50883915126626	0.114434974878851	561.471373267	602.996621621622	7.3957908331107
DK000014	936.2112502705	800.671	-14.4775284671422	8.42530732375086	8.63498425735797	0.209676933607119	562.248	604.1705	7.45622927960616
DK000028	949.469999864	816.9175	-13.9606833162698	8.28130664369136	8.4477440109514	0.166437367260039	551.7789986535	601.495547297297	9.01022850908061
DK000033	942.5740000138	807.5345	-14.3266735568584	8.25334565400164	8.43181656399726	0.178470909995619	550.3083980965	600.624	9.14316446515084
DK000035	954.9766642435	838.03	-12.2460232403837	8.32790828630486	8.46125804243669	0.133349756131828	554.22999892	601.753351351351	8.57466259927427
DK000042	698.52499982875	553.0775	-20.8220893832587	8.83479351520876	9.18898288843258	0.35418937322382	629.66500039975	529.755130136986	-15.8671468478214
DK000044	724.2000004525	583.119	-19.4809445407828	8.67723477648597	9.01935112936345	0.342116352877481	621.6449994235	536.458709459459	-13.7033660759824
DK000047	709.68333322765	553.929	-21.9470186117063	8.76765001118617	9.23764818617385	0.46999817498768	626.98999878585	533.533917808219	-14.9055138293443
DK000069	1043.3519999598	842.2215	-19.2773388048855	8.58311472541137	8.84091033538672	0.257795609975355	557.6376489665	553.116736486487	-0.810725833951917
DK000074	983.32471978187	836.615	-14.9197632105104	8.42305663300464	8.73754551676934	0.314488883764694	555.56896913184	600.958	8.16982830036154
DK000083	1044.062500725	834.952	-20.0285424081215	8.57752750944928	8.88264476386037	0.305117254411089	560.1659148906	546.625	-2.41730432549516
DK000108	802.211667515	636.3895	-20.6706252513959	8.64431211051335	8.93501574264203	0.290703632128679	610.985000375	596.2625	-2.40963368429075
DK000115	799.2049991672	666.9335	-16.5503843575843	8.93843884988993	8.94424914442163	0.00581029453170068	587.78535378775	584.148328767123	-0.618767547913415
DK000128	970.06071480205	798.461	-17.6895850108791	8.64277345478659	8.73927036276523	0.0964969079786346	582.52370875135	549.415	-5.68366716306177
DK000137	765.6606253814	660.6955	-13.7090927627516	8.34065323769201	8.42505817932923	0.0844049416372208	568.32028029845	595.8535	4.8446660546921
DK000155	1001.68192272186	840.03	-16.1380493203472	8.5444339950414	8.78583162217659	0.241397627135193	565.98149657388	609.876	7.75546615778635
DK000156	997.27733312775	837.8575	-15.9855065218181	8.57706615745154	8.80994798083504	0.232881823383504	566.44383262261	609.6795	7.63282516065375
DK000175	876.7	761.534	-13.1363066043116	8.25160369609856	8.46255030800821	0.21094661190965	553.13275	600.842804054054	8.62542564222678
DK000192	839.0749995215	718.4195	-14.3795846128542	8.55582717660876	8.66472005475702	0.108892878148255	563.558999934	601.2835	6.69397526619538
DK000200	916.68500043	775.2345	-15.4306550629331	8.26616951423751	8.40321423682409	0.137044722586584	552.1922487817	599.6915	8.60194095862401
DK000206	782.34500040975	683.4235	-12.644229893198	8.26102435246858	8.4108295687885	0.149805216319917	563.3853615039	597.9475	6.13472426827703
DK000225	1011.20666748125	810.2375	-19.8741932726602	8.38386995244353	8.79092676249144	0.407056810047914	558.709248005	557.875	-0.149317020969104
DK000230	1053.3033328515	829.147	-21.2812706330915	8.4061560557139	8.81454620123203	0.408390145518139	556.2170824911	553.327	-0.519596140081911
DK000232	1060.673748883	839.8805	-20.8163206749972	8.40894182064107	8.75876386036961	0.349822039728542	555.905560882	556.183	0.0499075989741452
DK000245	1000.41884478647	814.353	-18.598794470548	8.37318182036549	8.69767967145791	0.324497851092415	554.89536360867	578.672	4.28488647602003
DK000247	818.4825012677	627.263	-23.3626865536564	9.01268491508378	8.97334976043806	-0.0393351546457215	597.4961651611	542.612396242133	-9.18562697455461
DK000248	813.3300004921	666.908	-18.0027787495246	8.1653397307666	8.38724435318275	0.221904622416149	564.9206650846	591.7805	4.75462070614422
DK000269	820.65666568775	611.2995	-25.5109322133268	9.04692151424298	9.02356057494866	-0.023360939294319	599.2283310264	530.847708533876	-11.4114468478813
DK000270	808.1362501035	609.1755	-24.6197036796726	9.02439920386311	9.04178234086242	0.0173831369993156	599.2196240195	531.13438596816	-11.3623178083908
DK000271	876.407500545	703.564	-19.721818952658	8.20889185489391	8.26010951403149	0.0512176591375777	565.28325	587.71	3.96734734312399
DK000292	864.0821430105	666.3795	-22.8800750726887	8.38643726946231	8.43354004106776	0.0471027716054486	582.073140279	568.121	-2.3969737329423
DK000294	1000.9859999	865.903	-13.4949939273371	8.72363656212156	8.86856810403833	0.144931541916769	567.4297743393	614.356	8.2699618142773
DK000296	853.58999921975	754.2455	-11.6384328905632	8.22398311195756	8.46693223819302	0.242949126235455	552.9934145473	601.52	8.77525557739697
DK000297	861.5591677836	691.64	-19.7222865401949	8.24431027278412	8.32696372347707	0.0826534506929502	567.3827484567	590.045	3.99417352835313
DK000308	920.60666658675	775.638	-15.74707981686	8.27345242956879	8.39024366872006	0.116791239151267	551.721998675	599.433	8.64765252057764
DK000313	846.6562496645	719.795	-14.9837965189261	8.30853046195743	8.46558795345654	0.15705749149911	558.205750307	602.7235	7.97515068028522
DK000316	698.0321442682	547.6005	-21.5508190422819	9.19009484712716	9.38372895277207	0.193634105644916	638.43857192275	539.1065	-15.5585950303092
DK000319	882.076249494	769.6755	-12.7427475298738	8.67162509035595	8.80003285420945	0.128407763853501	571.660123536	605.4935	5.91844263243759
DK000365	739.121248829	576.828	-21.9575947905873	8.58303901437372	9.12223134839151	0.539192334017796	615.505	555.266	-9.7869229332012
DK000382	903.1659998872	771.7615	-14.5493187192179	8.33321326756715	8.61424229979466	0.281029032227515	557.921699238	594.5895	6.57221269796108
DK000383	865.5461118912	684.5915	-20.9064091912813	8.36768346907187	8.35282819986311	-0.0148552692087609	573.16614018855	587.713	2.53798310672445
DK000384	916.6849999945	779.4875	-14.9667006654765	8.33404689012526	8.6305325119781	0.296485621852842	558.3126239435	592.256	6.07963613947141
DK000394	732.419998692	559.024	-23.6743943368096	8.73804244332895	9.14505681040383	0.407014367074881	624.327499588	533.850033783784	-14.4919879172266
DK000402	817.6059998581	702.19	-14.1163347478041	8.30152264042286	8.47720876112252	0.175686120699657	562.4721984625	601.9705	7.02226734858493
DK000421	779.0840000144	603.713	-22.5098962385518	8.85145283269706	9.06440793976728	0.212955107070226	596.443249343	547.24462939652	-8.24866741314852
DK000436	911.05777800035	678.701	-25.5040661098731	8.18818038727365	8.33367693360712	0.145496546333471	580.9418910281	546.6435	-5.90392801032159
DK000440	964.1940002696	832.2565	-13.6837089042982	8.65705337822683	8.83473100616016	0.177677627933329	569.79669854	605.6465	6.29168290231561
DK000444	931.6408353866	809.931	-13.0640296951018	8.64690510326174	8.83795345653662	0.19104835327488	570.8423312711	604.395	5.87774712751032
DK000453	680.6650005455	546.6685	-19.6861158481944	9.22811773217823	9.40155509924709	0.173437367068857	638.7099997415	533.343979452055	-16.4966918213413
DK000482	721.9445831646	559.7665	-22.4640626090305	8.79272186462297	9.15422587268994	0.361504008066973	625.74333327145	532.587	-14.8873073540263
DK000484	744.385001317	576.2055	-22.5930803306688	8.64817248920958	9.05921971252567	0.411047223316086	621.7249993465	540.122	-13.1252562519238
DK000485	730.7306251246	564.366	-22.7668882902277	8.70477070509647	9.12287748117728	0.418106776080805	623.3637497555	534.266	-14.2930591954451
DK000488	809.7963633945	687.013	-15.1622517641123	8.37124385168706	8.49667488021903	0.125431028531965	565.01379398075	600.1445	6.21767227517404
DK000497	794.7312496855	668.922	-15.830414336329	8.36032306639288	8.45358932238193	0.0932662559890485	566.86975	596.156337837838	5.16636984736579
DK000519	975.08	794.722	-18.4967387291299	8.68811293634497	8.77695277207392	0.0888398357289528	571.02125	542.3555	-5.02008462907466
DK000539	900.8933313795	778.131	-13.6267332772371	8.47476545852936	8.64781519507187	0.173049736542506	569.9208322419	577.7425	1.37241302925038
DK000547	863.870000136	802.4735	-7.10714576572104	9.08390485851047	9.02655989048597	-0.0573449680245037	580.3074989935	602.295	3.78893966468391
DK000564	959.65000005325	814.3535	-15.1405720882809	8.46780464448789	8.67717180013689	0.209367155649005	564.0957483745	606.5165	7.52013319507189
DK000566	908.341249349	688.747	-24.1753030049424	8.18966939450486	8.28324161533197	0.0935722208271059	584.2713742845	524.3215	-10.2606215062161
DK000578	952.6949983718	816.454	-14.3005892341875	8.50828183194833	8.72220944558522	0.213927613636882	565.62228106405	607.404	7.3868587456191
DK000581	941.524999716	806.7315	-14.3165077673624	8.60232375085558	8.78944832306639	0.187124572210815	569.2115	606.273006756757	6.51102564806874
DK000602	815.51250050225	710.5055	-12.8761975368347	8.4623543247525	8.50191238877481	0.0395580640223141	562.3659561828	598.712	6.46305904857895
DK000604	722.2778576486	571.5055	-20.8745645532378	8.65919625537879	9.16825325119781	0.509056995819019	617.66285629045	553.958	-10.3138557939274
DK000621	815.51250050225	716.443	-12.1481277652073	8.4623543247525	8.53673921971253	0.0743848949600281	562.3659561828	601.1855	6.90289719539521
DK000639	928.77500254955	787.387	-15.2230628689866	8.31338714891407	8.5672334017796	0.253846252865538	555.09893102299	595.3585	7.25268357170421
DK000641	931.944616248605	788.195	-15.4246951741882	8.30153604718556	8.54186995208761	0.240333904902046	553.99505218555	596.4285	7.65953552239267
DK000649	754.062499998	604.2545	-19.866788230206	8.66151950944079	9.07293771389459	0.411418204453799	614.199999402	577.1295	-6.03557463987182
DK000650	771.6587502535	615.7465	-20.2048185421705	8.67723819921244	9.01607529089665	0.338837091684209	614.299999433	583.045	-5.08790484483941
DK000660	744.64000039825	601.755	-19.1884669534046	8.65888296113127	9.16420260095825	0.505319639826974	613.6269999006	591.8765	-3.54457999796672
DK000668	803.05142765345	630.348	-21.5058988386456	8.95926786315267	9.02248733744011	0.0632194742874397	594.62060406515	563.216841077379	-5.28131093559121
DK000669	803.05142765345	630.368	-21.5034083381233	8.95926786315267	9.02239425051335	0.0631263873606773	594.62060406515	563.212341077379	-5.28206772066883
DK000670	804.65153815826	632.165	-21.4361782683047	8.9609641341278	9.01422450376455	0.0532603696367424	594.6038999151	561.676773232136	-5.53765736949679
DK000671	802.8300016114	628.956	-21.6576362694978	8.98519855688942	9.01935249828884	0.0341539413994205	595.3935051703	555.93004165124	-6.62813134109884
DK000693	854.1575000565	734.4695	-14.0124040412433	8.39118857733463	8.53233401779603	0.141145440461402	570.5759368385	585.076	2.54130295817299
DK000705	782.8440019304	608.3835	-22.2854746923016	8.81240315106954	9.10531006160164	0.292906910532102	594.655350454	569.941226212514	-4.15604168408098
DK000717	901.0014991919	680.085	-24.5189935188829	8.22833620826558	8.37902669404517	0.150690485779597	580.1450578361	568.5075	-2.00597379550338
DK000729	1010.99799839765	846.1255	-16.3078956297599	8.60765982392526	8.84446132785763	0.236801503932375	567.412198961	608.77	7.28884594210894
DK000733	993.00937573835	851.6455	-14.2359054397889	8.6426505834541	8.81512388774812	0.172473304294018	568.5283882574	609.539	7.21346771588695
DK000759	791.020001585	621.854	-21.3858058261529	8.64632443565024	8.98935797399042	0.343033538340178	611.159999784	589.0365	-3.61991946328606
DK000764	1006.15083464865	845.3285	-15.9839190219237	8.42826032884559	8.76718548939083	0.338925160545243	559.0575822071	607.30475	8.6300891586919
DK000769	999.65899788965	840.032	-15.9681449600948	8.50035928766312	8.82129226557153	0.320932977908406	558.7066371033	603.8025	8.07147434841771
DK000789	673.1562506285	549.6045	-18.3540969148165	8.8848733744011	9.27839561943874	0.393522245037644	632.355	528.548840614587	-16.4158043164698
DK000790	698.786250933	551.4685	-21.0819475535338	8.80975358790938	9.15825051334702	0.348496925437646	628.319999978	525.77222315809	-16.3209474190701
DK000791	738.6587504215	558.7425	-24.3571541417244	8.67149897426735	9.1397864476386	0.468287473371253	622.3999996155	531.2045	-14.6522332377631
DK000792	719.218124947	553.983	-22.9742715339907	8.72853011448404	9.17322108145106	0.444690966967018	624.5306254388	526.7155	-15.6621823581629
DK000793	698.786250933	549.466	-21.3685158707161	8.80975358790938	9.18892402464066	0.379170436731281	628.319999978	524.649099685302	-16.4996976534772
DK000794	731.0525016899	555.4815	-24.0161960028931	8.70145563341684	9.16623819301848	0.464782559601643	623.2674995771	527.66	-15.3397216511324
DK000830	845.2731248	721.424	-14.6519652839198	8.19366470491924	8.43081861738535	0.237153912466109	562.3489374147	593.2595	5.49668729301879
DK000847	763.325	597.184	-21.7654341204598	8.74160164271047	9.12596167008898	0.384360027378507	617.815	566.047240744169	-8.37916840086938
DK000855	868.72700066445	714.434	-17.760815601039	8.29728335763279	8.37155099247091	0.074267634838117	568.8058487785	588.1045	3.39283628375897
DK000870	980.971156591005	865.325	-11.7889456600222	8.84916100175932	8.94959206023272	0.100431058473399	568.61518953511	623.6355	9.67619428349666
DK000875	958.036249164	833.2555	-13.0246375617714	8.93357631759069	8.97142094455852	0.0378446269678303	572.4035	605.209	5.73118438304449
DK000877	958.036249164	837.5585	-12.5754896298685	8.93357631759069	8.96796030116359	0.0343839835728943	572.4035	605.9875	5.86718984073297
DK000895	907.16749929025	701.4535	-22.6765177821292	8.26083996656059	8.2864462696783	0.0256063031177174	584.0718795226	542.46	-7.12444494958602
DK000896	907.9842850517	698.627	-23.0573687781148	8.2069728103295	8.2821067761807	0.0751339658511991	581.78610418245	547.8605	-5.83128471762379
DK000899	1007.67333537285	830.046	-17.6274720326033	8.60929157395907	8.93494866529774	0.325657091338671	562.5955394048	607.963	8.06395668248573
DK000903	1002.8287505375	873.52	-12.8944000127831	8.65362080789485	8.85023819301848	0.196617385123632	567.316249195	614.375	8.29497672096906
DK000908	820.62166718875	591.821	-27.8813826562203	8.7343508904679	8.70327310061602	-0.0310777898518833	653.6349987005	527.914	-19.2341289787798
DK000923	865.38285721	738.5025	-14.6617599543239	8.4494020649488	8.64129637234771	0.191894307398904	559.39935394795	604.755	8.10791891909661
DK000931	715.0325006935	578.8705	-19.0427708616655	8.81000684462697	9.13394798083504	0.323941136208077	629.59	538.1135	-14.5295350942677
DK000935	733.745000331	579.1105	-21.0746921970498	8.65396303901437	9.10740177960301	0.453438740588638	618.975	545.5925	-11.8554868936548
DK000936	712.8400012465	574.913	-19.3489424001621	8.81000684462697	9.16114031485284	0.351133470225873	629.59	539.9035	-14.2452230816881
DK000952	738.4900003275	605.6315	-17.9905618584654	8.72498289404216	9.26596303901437	0.54098014497221	614.644999486	604.1695	-1.70431704394572
DK000954	833.5574997445	701.874	-15.797770373953	8.30853045844449	8.51412594113621	0.205595482691718	558.2057490085	602.97	8.01931027600692
DK000960	922.8574997615	777.664	-15.7330356852519	8.27345242984257	8.39079808350445	0.117345653661877	551.722	599.142	8.5949083052697
DK000968	810.55699891295	673.084	-16.9603123651165	8.98194784908364	8.86989048596852	-0.11205736311512	589.639349198	574.318794520548	-2.59829244745798
DK000969	923.3137499195	780.112	-15.5095437419821	8.27345242984257	8.38281314168378	0.109360711841205	551.722	599.294	8.62245841202635
DK000978	806.5475010406	656.096	-18.653768171929	9.0175455335301	9.00037097878166	-0.0171745547484399	591.5380814598	569.358906608663	-3.74940778054435
DK000983	895.53100050555	787.0095	-12.1181176803803	8.37313744630199	8.5055099247091	0.132372478407119	556.4292501075	602.7595	8.32635054385605
DK000986	901.00777799195	777.823	-13.6718884121609	8.33786477258556	8.46958521560575	0.131720443020191	554.9092511424	601.6065	8.41529471016453
DK000987	937.74	816.8405	-12.8926461492525	8.35375359342916	8.41987405886379	0.0661204654346346	556.3105	600.203074324324	7.88994173655257
DK000990	868.6993742654	692.169	-20.3212272847186	8.37425051055208	8.3339356605065	-0.0403148500455757	573.3641869062	587.8295	2.52288395824876
DK000991	811.23500084	670.0775	-17.4003218172092	8.92028986633785	8.84860095824778	-0.071688908090076	589.5652496305	573.054814235468	-2.80044242861654
DK000996	958.036249164	832.5385	-13.0994781537245	8.93357631759069	8.97198083504449	0.0384045174537988	572.4035	605.079	5.70847313127889
DK001000	877.6391683458	680.2635	-22.489386921714	8.33916325932937	8.46701026694045	0.127847007611084	581.47916547235	583.437	0.336698998675145
DK001001	991.676666783	839.8215	-15.3129716438341	8.78169860052225	8.96869678302533	0.18699818250308	570.0269157105	605.1605	6.16349567383295
DK001002	982.623750592	828.0355	-15.7321915431889	8.76768309090773	9.01958658453114	0.251903493623409	569.783874847	601.043	5.48613720621592
DK001007	992.385556208	869.5765	-12.3751353936735	8.75676591969815	8.88489801505818	0.128132095360026	566.8903317125	621.6945	9.66750802080957
ES000015	2185.78566666667	1302.267	-40.4211025875212	11.6940341090577	12.737356605065	1.0433224960073	825.561952539259	850.5515	3.02697421845544
ES000016	1981.37543181818	1290.941	-34.8462194862593	11.8266963163462	12.3491649555099	0.522468639163712	859.486712962446	872.888	1.55921980356891
ES000022	1419.9653125	984.4765	-30.6689754085102	12.6444485797399	13.2735208761123	0.629072296372348	908.273561262501	925.1865	1.86209744055411
ES000027	1372.891375	979.6295	-28.6447917265122	12.7397606091718	13.2665133470226	0.526752737850787	884.916770809415	891.6685	0.762979006987179
ES000039	1357.8831875	892.279	-34.2889721138108	11.8792750684463	12.1611101984942	0.281835130047913	915.026605480962	855.202	-6.5380181431464
ES000048	1304.94514285714	891.8815	-31.6537170254338	9.16900325934617	9.57375222450376	0.404748965157589	884.74908866941	794.9765	-10.1466720699787
ES000051	1566.014625	972.404	-37.9058161733323	7.13983410335387	7.95107597535934	0.811241872005476	756.040807971247	745.3585	-1.41292743177609
ES000062	1421.30455882353	854.8935	-39.851491033869	12.0058618995853	12.6977618069815	0.691899907396223	878.347924898398	829.155	-5.60061947025013
ES000063	1419.95846428571	860.496	-39.3999175579507	11.9306662266549	12.6150212183436	0.684354991688666	879.093299752163	829.509	-5.64039104451626
ES000069	1183.542125	932.5535	-21.2065645741169	13.0100539584759	13.6292525667351	0.619198608259184	887.324610832229	829.3735	-6.53099329431161
ES000072	1567.35002941176	950.917	-39.3296339582241	9.76696328058944	9.82656536618754	0.0596020855980992	871.277238445727	876.7315	0.626007579860914
ES000074	1360.84815625	964.5365	-29.1224009401673	9.07487521389459	9.30726488706365	0.232389673169061	815.889761610788	831.303	1.88913246794301
ES000075	1430.22571929825	945.264	-33.9080547045537	10.1296369826002	10.3772621492129	0.247625166612631	864.431105370257	870.311	0.68020396226082
ES000081	1248.55389655172	855.4145	-31.4875791615806	9.5918507871321	10.2897659137577	0.697915126625599	860.562489992662	851.252	-1.0819074850382
ES000084	1188.7426	923.2285	-22.3357100183	11.7624569472964	12.1675742642026	0.405117316906228	879.450338683836	870.447	-1.02374611593305
ES000085	1378.83364285714	948.3735	-31.2191499741163	11.928072846387	12.0910882956879	0.163015449300872	849.650153726381	870.7905	2.48812363310973
ES000095	1295.50275	1027.0085	-20.7251007379182	11.6072917677805	11.7476153319644	0.140323564183934	894.251819219743	934.738	4.52738030945045
ES000106	683.642851851852	516.7545	-24.4116282938942	10.575717899967	11.0607241615332	0.485006261566152	1087.13204118076	1065.153	-2.02174532146876
ES000111	601.214608695652	540.754	-10.0564104433228	10.7821434693331	11.2676495550992	0.485506085766152	1048.79496540063	1055.3135	0.621526114675589
ES000113	632.789321428571	559.8295	-11.5298755775238	10.7905168671165	11.2411649555099	0.450648088393468	1045.13543870445	1036.373	-0.838402218501994
ES000117	752.5378	645.9755	-14.160391677335	10.2222693360712	10.7210937713895	0.498824435318275	962.756763922033	978.9525	1.68222511488668
ES000129	900.776791666667	604.534	-32.8874804954224	9.7439734770705	9.74597672826831	0.00200325119780942	977.532522209881	989.4365	1.21775772362108
ES000131	848.468925	596.132	-29.7402671523886	9.77588677275839	9.94194387405886	0.166057101300479	997.566780930917	996.2165	-0.135357447413918
ES000142	587.098681818182	565.8855	-3.61322252546827	10.7934210067824	10.9325051334702	0.139084126687823	1077.71352069797	965.9955	-10.3662075822912
ES000145	515.168796875	478.578	-7.10268112062664	11.2874990588638	11.8566392881588	0.569140229295003	1088.63306973277	1078.1065	-0.966952963807206
ES000147	631.831307692308	476.9555	-24.5122085288831	10.3753467330069	10.9043463381246	0.528999605117676	1031.07741298269	1020.6485	-1.01145780630741
ES000148	658.1994	564.662	-14.2111038083596	9.94058220396988	10.725864476386	0.785282272416154	961.112489756907	974.7395	1.41783718225734
ES000150	560.6	509.6415	-9.08999286478773	10.7698130656324	11.3562546201232	0.586441554490834	1051.68565891189	1063.3705	1.11105832708558
ES000151	888.9533125	740.0815	-16.7468651510312	9.44219002395619	10.2941122518823	0.851922227926078	919.316446455006	937.53	1.98120610321152
ES000153	788.403833333333	638.2525	-19.044977584457	9.80229272187999	11.0064407939767	1.20414807209674	945.596939739763	969.2405	2.50038460009651
ES000154	621.597477777778	548.0355	-11.8343430286692	11.2255825081755	11.7930773442847	0.56749483610921	1031.02469712135	1027.792	-0.313542161538378
ES000158	650.534142857143	581.772	-10.570105137778	11.1014670969004	11.4114236824093	0.309956585508948	1022.69119765189	1010.7525	-1.16738050345026
ES000167	1254.05341666667	870.786	-30.5622879833468	7.06758977869039	7.58826009582478	0.520670317134383	816.870437182071	786.981	-3.65901810392101
ES000172	864.161041666667	613.139	-29.0480627525782	10.0979838866073	10.2309650924025	0.132981205795117	1037.91986531278	921.167	-11.2487359780515
ES000177	1375.3778	917.4835	-33.2922561350052	6.88076728268309	7.29631622176591	0.415548939082821	792.426915915622	762.992	-3.71452752606352
ES000181	727.152880952381	683.46	-6.00876130685951	9.8822643329748	10.5556125941136	0.673348261138816	1022.71351872002	1001.5585	-2.06851853747799
ES000188	888.0147	820.2895	-7.62658546080374	8.57970814510609	9.25188911704312	0.672180971937028	945.552101795011	932.706	-1.3585821205013
ES000200	952.658375	646.964	-32.0885621773912	8.99761464750171	9.05899247091033	0.0613778234086233	920.818059938464	955.6925	3.78733232750307
ES000203	999.6	677.2345	-32.249449779912	9.69299771845768	9.59593976728268	-0.0970579511749943	1013.90000922297	880.389	-13.1680647014977
ES000215	665.811125	582.0795	-12.5758825372586	10.1357431325576	10.556681724846	0.420938592288387	983.881068150145	1000.7145	1.71092141060349
ES000222	465.070125	436.514	-6.1401761723568	11.7130218050259	11.9738357289528	0.260813923926859	1109.94013988648	1068.5065	-3.73296166140286
ES000224	466.461318181818	440.3125	-5.60578490918421	11.8057033632008	12.1010499657769	0.295346602576068	1105.52349943747	1070.744	-3.14597559031267
ES000227	393.307756756757	372.252	-5.3535066102901	12.1782244112696	12.481029431896	0.302805020626376	1135.45706660069	1152.2185	1.47618381111432
ES000241	683.784010869565	545.999	-20.1503703917184	10.7068392851829	10.9082464065708	0.201407121387971	1072.9361346885	972.588	-9.35266615078046
ES000247	606.252222222222	441.7825	-27.1289269042771	11.9282463305194	12.5140629705681	0.585816640048673	1158.59803506898	1128.014	-2.63974511808649
ES000259	571.626416666667	524.8515	-8.18277730050091	11.3244020457829	11.7178124572211	0.393410411438133	1080.47350590607	1055.4195	-2.31879872751384
ES000310	1046.8441	1031.3885	-1.47639939891718	11.8988068104038	12.5324147843943	0.633607973990417	1074.44859572098	1069.6315	-0.448331892299674
ES000317	778.688107142857	668.6785	-14.1275571225175	11.836336380822	12.2645407255305	0.428204344708451	987.545552496249	1014.28	2.7071609442393
ES000327	1147.96492857143	1042.142	-9.21830675638485	7.96815437078322	7.29691170431211	-0.671242666471106	870.050059657169	801.1415	-7.92006837909096
ES000328	432.946188888889	403.3155	-6.84396575124796	12.5851407711613	12.4563011635866	-0.12883960757472	1068.63939150087	1128.399	5.592121062953
ES000332	1495.5833125	1316.0925	-12.0013917646597	7.62530527036277	6.84424093086927	-0.781064339493497	821.852933331606	740.8555	-9.85546562488501
ES000336	896.9005	1117.538	24.599997435613	9.05395345653662	5.29899520876112	-3.7549582477755	958.359837609409	665.655	-30.5422687932697
ES000337	854.841354166667	1011.521	18.3285056425553	8.61710726100844	6.62302669404517	-1.99408056696327	910.371844744915	750.396	-17.5725826395411
ES000345	622.780370967742	503.535	-19.1472590541744	11.8547650747389	11.4985900068446	-0.356175067894284	995.433249812587	1032.1955	3.69309044020127
ES000346	632.514791666667	560.034	-11.4591457182655	12.9520265229295	13.2645941136208	0.312567590691307	1104.93132279216	1095.7775	-0.828451742052682
ES000347	715.99572	633.255	-11.5560355584248	12.6142132785763	12.2873839835729	-0.326829295003423	1100.50145851442	1054.7325	-4.15891847850928
ES000349	958.859125	694.117	-27.6101168667504	8.39395850444901	8.46556741957563	0.0716089151266246	857.027941162459	917.896	7.10222571681627
ES000350	888.12296875	641.928	-27.7208199103904	9.21297505989049	9.36565092402464	0.152675864134155	905.01505038636	957.386	5.78674902602802
ES000352	845.975554054054	606.904	-28.259865537294	9.94757123036795	10.2320574948665	0.284486264498584	960.666522024315	993.1305	3.37931813292268
ES000354	1367.98052777778	1176.221	-14.0177088696783	8.91917834055822	7.5008720054757	-1.41830633508251	941.820670211713	803.422	-14.6948006758656
ES000355	458.521458333333	444.3285	-3.09537494382988	10.5346492699065	10.5123915126626	-0.0222577572438958	1038.83084380625	1088.8045	4.81056723447332
ES000356	416.041625	417.229	0.285398125728399	11.2405857717317	11.0643162217659	-0.176269549965777	1133.99657075497	1142.1245	0.716750778145917
ES000357	701.0285	595.7925	-15.0116578712563	9.37565731234314	9.90116358658453	0.525506274241387	948.468540794809	990.805	4.46366509633655
ES000358	777.676142857143	621.4655	-20.0868503286256	9.04407851764936	9.59487611225188	0.550797594602523	928.404354549659	972.1105	4.70766269418692
ES000361	874.6185625	827.7005	-5.36440278215569	10.9438658453114	9.62254483230664	-1.32132101300479	1050.22048794111	940.0265	-10.4924622216367
ES000362	1009.98011764706	665.9375	-34.0642960822409	8.60359503965857	8.93829295003422	0.334697910375649	911.362275523095	940.576	3.20550073900493
ES000363	559.364416666667	505.097	-9.7016211703372	10.866197467488	11.2580657084189	0.39186824093087	1042.34613662101	1066.0575	2.2748070478635
ES000364	730.825413043478	603.971	-17.3576904660719	10.7268285867333	10.6897891854894	-0.0370394012439377	988.101054653263	1003.5225	1.56071540194323
ES000369	514.830078947368	467.0175	-9.28706011993839	10.8167296012104	10.7748432580424	-0.041886343167981	1086.41843717619	1124.376	3.49382535540039
ES000370	478.3895	447.881	-6.3773347868212	11.4071848049281	11.8108637919233	0.403678986995208	1101.96862759845	1127.441	2.31153335617708
ES000371	508.327928571429	488.956	-3.8109117132065	10.5842728072749	11.0042819986311	0.420009191356215	1077.67805482893	1118.9915	3.83356095876242
ES000372	1069.11604761905	1000.17	-6.44888342781799	10.077486576926	9.69849281314168	-0.378993763784319	990.152190880894	896.234	-9.48522780092415
ES000374	1531.78594444444	1284.212	-16.1624374046751	8.68809361928664	7.99178370978782	-0.696309909498821	872.762766334019	778.877	-10.7573065620547
ES000375	1644.97721428571	1275.131	-22.4833639684371	8.41372856165053	8.5586379192334	0.144909357582868	838.801795873805	796.14	-5.08604012099941
ES000376	1470.74886666667	1219.178	-17.1049505709858	9.88035509924709	9.61535249828884	-0.265002600958248	899.094465465197	839.1625	-6.6658140793012
ES000377	1449.25373076923	1205.7175	-16.8042507394456	9.9454941294161	10.0373607118412	0.0918665824251033	905.214266330454	854.1445	-5.64173237541648
ES000382	1306.25556363636	921.9295	-29.4219656807795	11.0590653599652	11.714038329911	0.654972969945865	918.359790453373	928.7225	1.12839321302507
ES000384	891.778538461538	713.1345	-20.0323321045299	11.1298696361818	11.4535017111567	0.323632074974991	950.163875339481	976.6595	2.78853209937625
ES000385	755.457785714286	823.1125	8.95545926788574	12.0921587953457	11.7945886379192	-0.297570157426421	1044.73289355319	989.475	-5.28918864277918
ES000387	778.2274375	687.544	-11.6525623654846	11.2855206194387	11.2457289527721	-0.039791666666666	977.580147424375	991.6815	1.44247534207584
ES000388	1858.275	1370.74	-26.2358908127161	8.99314305270363	9.42698288843258	0.433839835728952	796.989126086806	798.646371621622	0.207938286806075
ES000391	1235.3498125	1019.9875	-17.4333059608572	10.9762729295003	11.3542080766598	0.37793514715948	921.623910432933	921.8465	0.0241518871795142
ES000401	838.851125	728.222	-13.1881715006343	11.8629626540041	11.2869377138946	-0.576024940109514	1066.87661115946	1004.9295	-5.80639883858157
ES000403	650.39375	625.957	-3.75722398931416	10.8114034479808	11.0372101300479	0.225806682067077	1020.5501650604	994.978	-2.50572347503251
ES000404	482.956433333333	456.502	-5.47760243108192	13.961963829949	14.4094209445585	0.447457114609476	1151.78385747018	1148.359	-0.297352445770872
ES000405	686.264083333333	557.523	-18.7597000134424	13.0146854323523	12.645234770705	-0.369450661647273	1121.93001982503	1085.7785	-3.22226156589247
ES000415	467.926357142857	396.0385	-15.3630707151873	12.2296150060298	12.5739890485969	0.344374042567061	1078.40537194822	1135.4175	5.28670660725518
ES000416	534.258678571429	494.255	-7.4876984082684	10.6900075616831	10.457871321013	-0.232136240670121	968.062798503225	1034.22	6.83397829139439
ES000428	449.607159090909	425.374	-5.38985169629143	11.6206653288532	11.463453798768	-0.157211530085247	1055.12004349668	1105.2165	4.74793904372269
ES000432	464.41025	421.101	-9.32564472898693	11.6917623203285	11.5751047227926	-0.116657597535934	1026.77701676898	1110.3345	8.13784121249199
ES000433	1170.90103191489	1081.424	-7.64172457586468	9.34515439730875	8.91076386036961	-0.434390536939141	959.856443088897	858.7185	-10.5367780585425
ES000434	478.955466666667	408.858	-14.6354873354962	11.5736066164727	12.1261943874059	0.552587770933151	1056.76099134501	1126.1485	6.56605507047336
ES000435	482.431572916667	449.9885	-6.72490664749065	11.1752088181611	11.0007707049966	-0.174438113164499	1113.71424196983	1134.5845	1.8739329393203
ES000437	453.829157894737	430.761	-5.08300480333777	11.3897049965777	11.2673155373032	-0.122389459274469	1044.36099947914	1099.6125	5.29045996053238
ES000455	1341.7791	1318.961	-1.70058543913823	3.90442265571526	3.61457221081451	-0.289850444900753	602.41022520997	593.54270834876	-1.47200636544967
ES000457	448.13196875	437.989	-2.26338879109482	11.5336700034223	12.0777659137577	0.544095910335386	1114.90945083385	1147.2495	2.9006884049605
ES000463	628.9669	523.119	-16.8288506120116	13.6347698836413	13.6492881587953	0.0145182751540034	1019.81241336615	1074.981	5.40967985001793
ES000465	769.8135	751.5755	-2.36914525401282	11.7813705224732	12.0132210814511	0.23185055897787	1009.58285746825	1008.2725	-0.129791968886512
ES000468	961.185583333333	671.255	-30.1638505987441	9.03982386493269	9.0859370294319	0.0461131644992019	888.891584677902	939.358	5.67745450536408
ES000475	921.539	757.336	-17.8183451812674	11.0942077344285	11.3385954825462	0.244387748117727	971.888376101238	964.293	-0.781507042167399
ES000478	443.284366666667	398.9475	-10.0019017138058	12.3968947752681	12.3619904175222	-0.0349043577458374	1057.71367946123	1131.879	7.01185226010727
ES000486	564.4941875	486.4105	-13.8325051398337	13.6009827173169	13.6930376454483	0.0920549281314162	1049.99454094266	1093.7685	4.16897015655336
ES000487	529.028576923077	468.0025	-11.5354972462953	14.4551408940136	14.6077590691307	0.152618175117148	1085.42972436302	1127.3485	3.86195206341666
ES000492	515.277285714286	454.917	-11.7141367158487	11.2265680551481	11.7270266940452	0.500458638897037	1079.80588912413	1114.046	3.17095055886828
ES000493	553.493075	504.6095	-8.83183136482782	11.5955233230664	11.6918576317591	0.0963343086926756	1041.62060735972	1070.7625	2.79774540119219
ES000494	668.757833333333	704.9525	5.41222320884964	12.6112261008442	12.6113196440794	9.35432352271448e-05	1035.85439189725	1039.0495	0.308451470375187
ES000495	655.777166666667	654.6415	-0.173178744914115	13.0256914594266	12.6433579739904	-0.382333485436156	1080.01225285206	1040.9985	-3.61234354045848
ES000496	847.405363636364	763.278	-9.92764115574611	10.7252299794661	11.1149815195072	0.389751540041068	973.048805495718	951.977	-2.16554456227741
ES000497	647.677071428571	654.401	1.03816066185541	11.0311787425442	11.4423258042437	0.411147061699424	1008.31948069563	1009.6795	0.134879800540581
ES000498	777.9302	751.073	-3.45239200123611	11.9339715263518	11.3655345653662	-0.568436960985625	1039.94562406313	995.311	-4.29201518140306
ES000499	614.377888888889	573.4505	-6.66159860715474	13.1577014601871	13.2891813826146	0.131479922427561	1105.21854085039	1087.2895	-1.62221680036211
ES000500	830.4217	759.6595	-8.52123686074197	11.6664908966461	11.1524339493498	-0.514056947296373	1049.75936443949	990.2485	-5.66900057817243
ES000505	771.571055555556	601.9325	-21.9861222546005	9.95003939463077	10.1803709787817	0.230331584150886	943.320916389259	989.618	4.907882652274
ES000514	478.97865	414.0945	-13.5463553542522	11.3061572210815	11.9351307323751	0.628973511293635	1049.46681913685	1122.2015	6.93063177766475
ES000515	441.564544117647	374.957	-15.0844412226858	13.2282951242098	13.3798138261465	0.151518701936626	1115.60437870852	1149.644	3.05122693502585
ES000522	465.0769375	433.566	-6.77542465756002	14.1933650752909	14.7355934291581	0.542228353867214	1156.41896225954	1152.7275	-0.319214954096127
ES000523	366.212852941176	348.682	-4.78706653804759	14.8602044932963	15.0767665982204	0.216562104924105	1199.48968610606	1197.5815	-0.159083160794233
ES000532	571.7421	514.697	-9.97741814010199	11.0262592060233	11.2972813141684	0.271022108145107	1029.13965429487	1058.906	2.89235242086989
ES000533	1240.26307142857	1224.007	-1.31069543253007	5.2799084775594	4.96236276522929	-0.317545712330107	702.07316481456	649.279	-7.51975256432213
ES000534	727.373714285714	599.7765	-17.5421811071377	9.73342998924416	10.0665065023956	0.333076513151461	949.36622738257	990.7255	4.35651400107823
ES000535	1151.66471428571	863.5425	-25.0178902515402	10.1492832697761	10.8224284736482	0.673145203872103	942.658164771335	886.699	-5.93631571471187
ES000536	646.356	584.897	-9.50853709101485	13.1755852156058	13.0473744010951	-0.128210814510609	1092.94731852595	1067.826	-2.29849308380457
ES000537	817.1005	1039.5895	27.2290862629505	8.71376249144422	6.10370978781656	-2.61005270362765	911.829144631533	728.0995	-20.1495692162568
ES000539	1294.01836111111	1193.2995	-7.78341823717467	6.00868495703095	5.5006173853525	-0.508067571678454	752.13235816657	694.475	-7.66585263092766
ES000542	580.9665	480.5535	-17.2837848653924	11.2309641341547	11.497749486653	0.266785352498289	1032.13449789448	1082.963	4.92460064160296
ES000546	1208.37083333333	1170.531	-3.13147523007908	5.80577070499658	5.41096509240246	-0.394805612594113	738.942669970905	671.0495	-9.18788056637447
ES000549	1833.6675	1405.997	-23.3232306293262	8.48943748574036	8.08094182067077	-0.408495665069587	815.357955600388	749.593682432432	-8.0656934437501
ES000552	1671.03225	1448.683	-13.30610166261	5.75285403832991	5.1375099247091	-0.615344113620807	701.092899864116	658.471919566827	-6.07922007276775
ES000599	1431.80933333333	890.463	-37.8085489967472	10.5230417522245	11.0868240930869	0.563782340862423	872.818313759361	902.953	3.45257263345503
ES000600	1693.4710625	1007.477	-40.5081656067566	10.728056724846	11.5718863791923	0.843829654346338	877.899636977109	888.5985	1.21868862592661
ES000602	1201.40148	942.6435	-21.5380107572366	11.2477680766598	11.8862039698836	0.63843589322382	937.935350997852	943.118	0.552559299170687
ES000605	749.527928571429	718.5185	-4.13719454464243	11.8029769238291	12.4693839835729	0.666407059743815	973.668987471705	1028.5465	5.63615697268875
ES000607	859.025147058823	697.782	-18.7704804231746	11.1352466078834	11.3973223819302	0.262075774046785	955.755457850591	981.203	2.66255786879189
ES000610	1318.0856	1067.33	-19.0242272580779	11.8710570841889	12.2149363449692	0.343879260780287	830.6319012206	905.3245	8.99226223669475
ES000611	1306.895125	1061.103	-18.8073335264756	12.4907549623546	12.496507871321	0.00575290896646052	832.211235177595	892.878	7.28982766129791
ES000613	1480.84407142857	1127.041	-23.8919868914529	11.6971813826146	11.9717467488022	0.274565366187542	780.158701552146	860.5725	10.3073641667867
ES000616	1621.1534	1133.8495	-30.0590863270558	12.8307307323751	12.6461314168378	-0.184599315537303	810.378401538529	847.6775	4.60267677305532
ES000618	1590.64183333333	1087.9605	-31.6024212867531	13.4772080766598	13.3584394250513	-0.118768651608486	859.152492133283	855.854	-0.383923944059385
ES000623	1409.69458333333	1289.3225	-8.53887677206677	11.7837127538216	12.0184339493498	0.234721195528175	886.954630677281	909.506	2.54256176615244
ES000630	1420.38695833333	1332.336	-6.19908242727399	13.3344634382843	13.8254072553046	0.490943817020307	876.863307921586	825.1405	-5.89861697419903
ES000642	1374.0565	1327.843	-3.36328964638645	11.7143557494867	12.1483805612594	0.434024811772758	934.85292528339	954.784	2.13200110707987
ES000643	1260.25680555556	1278.5505	1.45158465828558	11.8246528253099	12.2425557837098	0.417902958399878	966.999284897648	979.177	1.25933031104989
ES000646	1542.45363888889	1495.9555	-3.01455665937446	12.0966907369382	12.5786899383984	0.481999201460187	970.185304677492	967.6375	-0.26261010811113
ES000685	666.16795	476.7445	-28.4347888546725	14.4174687200548	13.9671978097194	-0.450270910335387	1208.96635283492	1190.667	-1.51363623909048
ES000752	519.43755	477.471	-8.07922915853888	15.1592084873374	15.4037727583847	0.24456427104723	1256.78615449681	1244.4135	-0.984467759494329
ES000756	524.935785714286	560.9995	6.87011921594221	16.9888653564095	16.6616386036961	-0.327226752713408	1312.23838968098	1271.641	-3.0937511049994
ES000757	864.578222222222	571.7165	-33.8733632995613	16.1816312267093	16.390900752909	0.209269526199709	1276.50037464828	1299.3675	1.79139198122177
ES000965	463.404155555556	451.1405	-2.64642761799432	10.4472054148604	10.3582710472279	-0.0889343676325183	1041.20426414964	1084.781	4.18522448963951
ES000966	515.882461538461	493.7915	-4.28216952221674	9.59654125204023	9.63137303216975	0.0348317801295206	943.697621126186	1030.2325	9.16976761799461
ES000967	584.539666666667	323.7285	-44.6182152451587	15.6614149555099	15.9863641341547	0.324949178644765	1189.10947224525	1118.115	-5.97038993484784
ES000968	555.4722	455.5695	-17.9851844970819	10.9148788843258	10.6257221081451	-0.289156776180697	1039.51068669442	1080.072	3.90196212744681
ES000970	751.4335	527.469	-29.804966108112	10.7918672142368	10.9187022587269	0.126835044490075	1066.607579892	1093.8485	2.55397773478804
ES000998	570.083966666667	416.5685	-26.9285711654523	13.2781519050878	13.1970472279261	-0.0811046771617612	1099.96247951455	1116.339	1.48882537272317
ES001008	513.167583333333	453.7705	-11.5745977069544	13.2118062970568	13.9081752224504	0.696368925393566	1184.63873724858	1200.9035	1.37297238727797
ES001011	651.060465517241	491.0395	-24.5785105981072	10.5873596969482	10.644288843258	0.0569291463098018	1063.51084416481	1099.511	3.38502950230517
ES001012	668.706338709677	509.4915	-23.8093808138405	11.6162790068667	12.0014976043806	0.385218597513855	1118.78034381435	1127.215	0.753915300021916
ES001013	529.198761904762	408.4525	-22.8168073315508	12.4928393794205	12.5507994524298	0.0579600730093546	1169.89249528572	1171.572	0.143560602452219
ES001014	484.467842857143	370.3425	-23.5568458339959	13.5073629021218	14.0160561259411	0.508693223819302	1163.43604220485	1187.054	2.03001771806789
ES001016	573.5630625	485.849	-15.2928366965751	10.2246919062286	9.96958932238193	-0.25510258384668	1050.7243204836	1087.4615	3.49636710602552
ES001020	559.628785714286	454.4775	-18.7894705201905	10.73506600176	10.6879082819986	-0.047157719761417	1066.64418454858	1114.7395	4.50903086034977
ES001035	568.067848837209	453.2915	-20.2046901742719	11.3824933702625	10.9878507871321	-0.394642583130382	1052.51567183253	1083.2275	2.91794497596406
ES001038	507.4186	382.8055	-24.5582444159516	13.9366698151951	13.9099945242984	-0.0266752908966463	1218.77048290863	1202.739	-1.31538161888947
ES001040	619.99380952381	472.076	-23.8579494265304	11.1601271959845	11.2888323066393	0.128705110654803	1099.80168778611	1122.629	2.07558439556859
ES001041	600.2434375	471.695	-21.4160504670241	12.1345216746521	12.3368405201917	0.202318845539585	1166.73772575764	1149.298	-1.4947425948977
ES001061	1221.90375757576	1079.1595	-11.6821195360722	11.6705351046398	11.9878603696099	0.31732526497003	900.087574632851	944.7385	4.96073122499914
ES001062	1221.90375757576	1079.1595	-11.6821195360722	11.6705351046398	11.9878466803559	0.317311575716094	900.087574632851	944.7385	4.96073122499914
ES001064	1347.3562	1224.9615	-9.08406403592458	11.5824344969199	12.0447638603696	0.462329363449692	906.454325857282	927.0535	2.27249995450528
ES001065	1361.85546551724	1185.482	-12.9509679979331	11.6569201774883	12.0355359342916	0.378615756803322	900.880836117577	917.2945	1.82195726941637
ES001082	1944.75633333333	1607.2895	-17.3526537771913	13.0059583998783	13.4989171800137	0.492958780135371	992.358178129392	966.976	-2.55776378819569
ES001094	1464.38205882353	873.3535	-40.3602704131978	9.72458328300519	10.2532334017796	0.52865011877441	967.548144008102	938.066	-3.04709839925598
ES001110	1219.52866666667	975.608	-20.0012245167942	11.8718263175907	12.437189596167	0.565363278576317	1015.2076575875	1057.5555	4.17134781204567
ES001231	817.109769230769	569.5805	-30.2932700784858	9.11196967303743	8.87001779603012	-0.241951877007317	958.301988957573	1025.0655	6.96685510535685
ES001233	554.166138297872	468.1055	-15.5297540485257	11.74329609565	11.9859315537303	0.242635458080299	1138.38418109629	1162.3085	2.10160324616178
ES001257	567.73875	492.2505	-13.2963004550949	10.2838005475702	9.83452292950034	-0.449277618069816	1077.13411675321	1092.544	1.43063737440937
ES001262	782.091472222222	515.9075	-34.0348899938637	10.9410090120922	10.5148405201916	-0.426168491900524	1097.69154904105	1104.3415	0.60581234908516
ES001264	789.412384615385	519.029	-34.2512215268981	10.9167863949876	10.7252840520192	-0.191502342968462	1073.25174379748	1104.3675	2.89920388038935
ES001275	520.60146969697	480.3445	-7.73278064704702	10.9939382531682	11.5644873374401	0.570549084271876	1121.69755502003	1134.3775	1.13042458933987
ES001281	755.30953125	600.1065	-20.548268600973	10.2509099931554	10.4833620807666	0.232452087611225	1034.39949996023	1031.1925	-0.310034948813283
ES001307	1157.57380769231	495.842	-57.165409522483	13.7931747485916	13.94328678987	0.150112041278366	1155.41121875679	1163.911	0.73564987990677
ES001320	517.285583333333	488.1235	-5.63752098897015	10.8628081793292	11.4860602327173	0.623252053388091	1094.91411035528	1124.0425	2.66033557968055
ES001321	775.274035714286	625.737	-19.2882811529361	9.95609743815391	10.1161478439425	0.160050405788599	1014.41118086692	1009.583	-0.475958956090201
ES001322	901.370314814815	388.328	-56.9180398314114	14.4018524602631	14.3330198494182	-0.0688326108449306	1188.09855649731	1191.205	0.261463452312041
ES001324	874.843305555556	643.2635	-26.4710039026354	15.6049343296068	15.5479452429843	-0.0569890866225577	1207.59653974399	1188.894	-1.5487407530962
ES001331	563.469791666667	474.468	-15.7953084589347	12.7568008783938	13.2073155373032	0.450514658909423	1170.97659641998	1180.297	0.795951311795425
ES001332	565.23525	466.1675	-17.526817373828	12.7589294147844	13.1802546201232	0.42132520533881	1190.16481418262	1187.543	-0.220290009532988
ES001341	799.439227272727	475.336	-40.5413214933673	12.0936143363823	12.6479822039699	0.55436786758758	1144.94903419792	1119.07	-2.2602782678491
ES001345	638.57805	475.3935	-25.5543625403347	12.3287517453799	12.325067761807	-0.00368398357289657	1181.91886286939	1163.2485	-1.57966536078962
ES001358	1119.89225	566.809	-49.3871843474227	11.6319751882272	11.8450896646133	0.213114476386036	1057.36936591982	1064.632	0.686858756671061
ES001362	620.6144	434.229	-30.0324001505605	14.3550689938398	14.802173853525	0.447104859685146	1166.28382394655	1209.6155	3.71536286140177
ES001363	572.705541666667	418.597	-26.9088616146765	14.758421914214	15.1322217659138	0.373799851699751	1203.11755012409	1229.8105	2.21864853298499
ES001364	623.615142857143	441.5635	-29.1929477566979	14.6077623936638	14.8984804928131	0.290718099149311	1160.93373994415	1219.082	5.00874925546074
ES001365	977.552916666667	470.453	-51.8744211204253	13.0015649098791	12.9205763175907	-0.0809885922883868	1174.16550323729	1131.7485	-3.61252337258566
ES001367	620.615875	524.9785	-15.4100755157125	16.391299366872	16.5788678986995	0.187568531827516	1256.12128113767	1273.482	1.38208938285066
ES001368	896.9025	494.627	-44.8516421796126	14.4697078199863	14.7923039014374	0.32259608145106	1133.16440244721	1208.848	6.67896003345538
ES001369	743.181	461.9495	-37.8415890610766	15.193661679867	15.2186132785763	0.0249515987092988	1192.99303294972	1234.9315	3.51539915925415
ES001378	899.075795454545	553.4885	-38.4380601948946	10.0030262273661	10.4329472963723	0.429921069006285	998.513238548954	993.969	-0.455100480746505
ES001379	375.178714285714	365.5285	-2.57216465600583	14.9797554023663	15.804212183436	0.824456781069717	1241.970612589	1235.254	-0.540802859658619
ES001380	414.73705	404.5085	-2.46627350992635	14.950365229295	15.1971622176591	0.246796988364133	1233.24725368448	1224.3535	-0.721165496855004
ES001391	761.3691	463.724	-39.0934042371827	15.6146420260096	15.6354428473648	0.0208008213552358	1206.857320846	1251.7905	3.72315586754679
ES001393	626.268636363636	549.308	-12.2887578740172	16.5855798643519	16.6989993155373	0.113419451185365	1267.17674904559	1268.795	0.127705227832395
ES001396	654.602583333333	508.7735	-22.2774989048699	16.1024216290212	16.0936372347707	-0.00878439425051525	1227.62266197215	1259.768	2.6185031462525
ES001397	531.6079	407.149	-23.4117852650421	15.172763449692	15.3628856947296	0.190122245037646	1232.49807108539	1244.209	0.95017827527304
ES001400	538.312714285714	487.33	-9.47083599044527	10.7550253251198	11.2621560574949	0.507130732375087	1106.34353493187	1128.235	1.9787221940497
ES001401	553.7003	455.993	-17.6462429223896	11.7500957563313	12.2627091033539	0.512613347022587	1141.82336229631	1170.915	2.54782295268392
ES001406	706.609178571429	353.011	-50.0415490336975	16.3414399139533	16.6442067077344	0.302766793781171	1331.07535393088	1323.099	-0.59924135078661
ES001410	600.026	506.0485	-15.662237969688	16.7264858316222	16.7253319644079	-0.0011538672142386	1284.31189518629	1270.7805	-1.0535910503518
ES001412	720.861928571429	538.2385	-25.3340371204432	9.7160769531632	9.19267214236824	-0.523404810794954	1012.09143154971	1051.454	3.88923048088826
ES001416	458.295222222222	414.519	-9.55197001835546	13.7316277283444	14.1215728952772	0.389945166932847	1166.94866884695	1220.381	4.57880732713309
ES001419	627.1176	453.9975	-27.6056835273001	16.5057277207392	16.5318959616701	0.0261682409308683	1264.29864026135	1287.107	1.80403260846135
ES001420	681.442416666667	672.9765	-1.24235246582953	15.9591528633356	16.2654770704997	0.306324207164042	1223.86349499286	1208.4555	-1.25896352460035
ES001421	635.54845	484.1305	-23.8247689849609	16.2122106091718	16.2194209445585	0.00721033538671989	1242.74216448837	1269.51	2.15393315496346
FR000073	1539.9	1371.6055	-10.928923956101	8.04662559890486	8.14084188911704	0.0942162902121826	596.655	662.076417808219	10.964697825078
FR000115	826.395	819.9435	-0.780679941190366	10.2124298425736	10.3180793976728	0.105649555099248	680.355	816.241	19.972808313307
FR000121	816.675	832.1205	1.89126641564882	10.6125393566051	10.9702286105407	0.357689253935661	696.985	833.6225	19.604080432147
FR000123	878.445	881.4095	0.337471327174716	9.84666666666667	10.1887364818617	0.342069815195073	665.72	783.6585	17.7159316229045
FR000124	1618.515	1972.742	21.8859262966361	8.22323066392882	8.49021902806297	0.266988364134155	600.7	677.1325	12.7239054436491
FR000125	1606.61	1926.332	19.9004114252992	8.47330595482546	8.70966872005476	0.236362765229297	613.625	697.03	13.5921776329191
FR000128	1614.17	1731.193	7.24973206043972	8.47824777549624	8.63716358658453	0.158915811088296	612.555	705.335	15.1463950175902
FR000132	1568.62	1376.0975	-12.2733676734965	8.94193018480493	8.87740862422998	-0.0645215605749492	629.175	726.2035	15.4215440855088
FR000137	1003.985	907.4555	-9.61463567682784	9.73973990417522	9.97387953456537	0.234139630390144	662.635	814.8865	22.9766764508364
FR000142	1556.365	1192.2465	-23.3954438708144	8.77251197809719	8.84531006160164	0.0727980835044484	623.585	717.015	14.9827208800725
FR000184	1159.805	1042.96	-10.0745383922297	9.34177960301164	9.13486652977413	-0.206913073237509	642.57	751.6235	16.971458362513
FR000200	782.995	720.1185	-8.03025562104483	10.1912936344969	10.2775167693361	0.08622313483915	675.555	814.612	20.5841123224608
FR000201	848.555	746.925	-11.9768312012775	10.0391923340178	10.253054072553	0.213861738535249	667.535	807.1445	20.9141842749818
FR000202	980.15	890.659	-9.13033719328674	9.55869952087611	9.66787405886379	0.109174537987679	655.275	812.6745	24.0203731257869
FR000203	971.555	895.717	-7.80583703444478	9.65310061601643	9.7046803559206	0.0515797399041755	657.595	814.8915	23.9199659364806
FR000204	971.79	874.8825	-9.97206186521779	9.59446954140999	9.80513894592745	0.210669404517454	655.955	802.1095	22.2811778246983
FR000206	967.05	885.384	-8.44485807352256	9.627446954141	9.76868856947296	0.141241615331964	656.39	810.3975	23.4628041255961
FR000215	875.88	936.263	6.89398091062703	9.58455852156058	9.8371690622861	0.252610540725529	643.97	805.603	25.0994611550227
FR000221	888.43	919.876	3.53950226804588	9.80762491444216	9.89471731690623	0.0870924024640658	653.235	794.11	21.5657458648113
FR000275	1055.015	898.334	-14.8510684682208	10.2425872689938	10.3914223134839	0.148835044490076	634.9	659.631	3.89525909592063
FR000287	903.165	825.0385	-8.65030199354492	10.2846543463381	10.2680396988364	-0.0166146475017115	643.975	720.012	11.8074459412244
FR000328	685.185	621.856	-9.24261330881442	11.2066940451745	11.1793716632444	-0.0273223819301851	709.165	867.8275	22.3731430626159
FR000335	687.905	650.714	-5.40641512999614	10.8554962354552	10.9740670773443	0.118570841889118	686.675	835.6415	21.6938872101067
FR000339	737.98	679.0635	-7.98348193717987	11.0149349760438	11.0101834360027	-0.00475154004106848	697.675	830.863	19.0902640914466
FR000386	927.365	849.989	-8.34364031422364	10.3316358658453	10.2276783025325	-0.1039575633128	685.26	845.935	23.447304672679
FR000390	794.025	722.4475	-9.01451465633953	10.9458863791923	11.0132553045859	0.0673689253935663	703.275	871.186	23.8755820980413
FR000404	903.28	851.1365	-5.77268399610309	10.889993155373	10.9645188227242	0.0745256673511285	705.885	875.2725	23.9964725132281
FR000406	922.395	810.6985	-12.1093999859063	10.7488021902806	10.813961670089	0.0651594798083508	698.725	860.072	23.0916311853733
FR000420	707.85	658.4615	-6.97725506816416	10.8947433264887	11.2273442847365	0.332600958247776	681.89	826.099	21.1484256991597
FR000442	970.925	739.65	-23.8200684913871	10.3432032854209	10.3374154688569	-0.00578781656399663	648.05	763.339	17.7901396497184
FR000459	679.83	634.521	-6.6647544239001	10.7337440109514	10.7853785078713	0.0516344969199185	682.08	834.0075	22.2741467276566
FR000472	976.94	811.8505	-16.8986324646345	10.3671047227926	10.5334524298426	0.166347707049967	646.12	721.0035	11.5897201758187
FR000473	996.375	933.279	-6.33255551373729	9.7915947980835	9.46172210814511	-0.3298726899384	665.645	820.4985	23.2636765843656
FR000476	1003.96	961.681	-4.21122355472331	9.94396988364134	9.6961711156742	-0.247798767967147	668.465	824.3515	23.3200691135662
FR000483	975.93	913.5865	-6.38811185228448	10.312128678987	10.3064722792608	-0.0056563997262149	678.355	827.112	21.9290784323842
FR000494	1041.685	929.6835	-10.7519547655961	9.62112251882272	9.82101163586585	0.199889117043121	650.48	803.7005	23.5549901611118
FR000498	1024.86	905.0335	-11.6919871982515	10.1590006844627	10.2827871321013	0.123786447638604	663.165	810.352	22.1946272797871
FR000499	1003.72	870.525	-13.2701350974375	10.4157700205339	10.5016618754278	0.0858918548939087	677.74	822.7665	21.3985451648125
FR000516	834.57	764.3345	-8.41577099584217	9.91367556468172	10.1443230663929	0.230647501711157	642.45	756.7655	17.7936804420577
FR000517	1044.895	929.8345	-11.0116805994861	9.84542094455852	9.93319370294319	0.0877727583846681	655.24	808.0945	23.3280172150662
FR000521	1011.355	902.1025	-10.8025866288296	9.97624914442163	10.0443572895277	0.0681081451060912	659.54	804.7125	22.0111744549231
FR000541	970.77	949.34	-2.20752598452776	9.78918548939083	9.81724572210815	0.0280602327173174	643.76	751.857	16.7915061513608
FR000543	929.215	824.169	-11.3048110501875	9.92724161533196	9.8677864476386	-0.0594551676933595	643.36	730.6235	13.5637123849788
FR000565	857.005	772.4115	-9.87082922503369	10.2809308692676	10.4331348391513	0.152203969883642	650.61	767.199	17.9199520450039
FR000574	806.405	817.263	1.34646982595595	10.6377275838467	10.7298863791923	0.0921587953456537	662.135	766.542	15.7682345745203
FR000577	765.575	713.125	-6.85105966103909	10.5845037645448	10.5638343600274	-0.020669404517454	666.61	790.4395	18.5760039603366
FR000596	942.375	879.911	-6.62835919883273	10.2720465434634	10.283794661191	0.0117481177275849	650.98	771.74	18.5504931027067
FR000606	928.005	849.461	-8.46374750136043	10.862546201232	10.8503627652293	-0.0121834360027382	665.19	722.185	8.56822862640751
FR000611	977.8	1036.248	5.97750051135202	10.2028473648186	10.3690554414784	0.166208076659821	646.48	732.782	13.3495235738151
FR000615	965.97	933.5865	-3.35243330538216	11.0018617385353	10.8852429842574	-0.116618754277892	669.665	734.5595	9.69059156443895
FR000638	1082.535	938.434	-13.3114402767578	10.6052977412731	10.5879520876112	-0.0173456536618755	667.155	763.123	14.384663234181
FR000644	915.86	886.075	-3.25213460572576	10.9825051334702	10.9202354551677	-0.0622696783025329	680.575	779.572	14.5460823568306
FR000648	905.255	871.116	-3.77120258932565	11.1962080766598	11.0279671457906	-0.168240930869267	685.95	776.1765	13.15350973103
FR000650	815.1	787.5705	-3.37743835112256	11.322765229295	11.4579069130732	0.135141683778235	680.145	769.479	13.1345521910769
FR000653	867.575	801.687	-7.59450191626085	10.9588774811773	11.0606844626968	0.101806981519507	675.005	771.294	14.2649313708787
FR000657	757.995	733.768	-3.19619522556217	11.4940725530459	11.6438275154004	0.149754962354551	686.28	755.976	10.15562161217
FR000658	885.25	785.8675	-11.2264896921773	11.1566324435318	11.1170978781656	-0.0395345653661892	680.06	765.331	12.538746581184
FR000660	818.535	752.32	-8.08945249744973	11.2563175906913	11.3894182067077	0.133100616016428	685.895	771.9605	12.5479118523972
FR000664	799.945	769.7005	-3.78082243154216	11.3158247775496	11.1859055441478	-0.129919233401781	682.05	759.344	11.3326002492486
FR000668	1067.225	902.404	-15.4438848415282	10.7196988364134	10.6852744695414	-0.0344243668720061	658.78	711.1855	7.9549318437111
FR000671	1072.645	842.491	-21.4566795165222	10.925749486653	10.8663901437372	-0.0593593429158101	663.795	709.424	6.87395958089471
FR000672	1113.9	979.175	-12.094891821528	10.6603832991102	10.6126694045175	-0.0477138945927447	652.845	702.892	7.6659850347326
FR000674	1051.43	947.326	-9.90118219948069	10.8177002053388	10.8190472279261	0.00134702258726804	658.885	705.5	7.07483096443234
FR000677	919.08	833.6875	-9.29108456282369	11.2152361396304	11.1915345653662	-0.0237015742642015	673.115	707.107	5.04995431687007
FR000678	949.49	921.211	-2.9783357381331	11.084476386037	11.1494182067077	0.0649418206707733	665.765	707.9885	6.3421026938935
FR000679	930.115	900.9865	-3.13170951979057	11.3428336755647	11.3776468172485	0.0348131416837774	672	704.7335	4.87105654761906
FR000682	1102.03	1039.737	-5.65256844187544	10.5705133470226	10.6944065708419	0.123893223819302	648.02	703.1925	8.51401191321256
FR000685	1007.09	990.218	-1.67532196725217	10.93659137577	11.0747186858316	0.1381273100616	661.35	701.395	6.05503893551069
FR000686	1226.51	1054.9935	-13.9841093835354	10.7884736481862	10.922559890486	0.134086242299794	655.12	711.4595	8.59987483209184
FR000687	1133.165	987.9885	-12.8115940750023	11.348090349076	11.3246420260096	-0.0234483230663933	669.285	714.6685	6.78089304257527
FR000688	1193.8	1051.1145	-11.9522114256994	10.975523613963	11.1109048596851	0.135381245722108	662.14	718.8895	8.57061950644879
FR000689	1164.355	1025.4385	-11.9307685370871	11.0833538672142	11.1558480492813	0.0724941820670768	657.09	715.285	8.85647323806483
FR000691	1232.38	1097.424	-10.9508430841137	10.8780150581793	11.0165434633812	0.138528405201916	661.655	717.9215	8.50390309149029
FR000693	1024.42	1075.0715	4.94440756720876	11.4073100616016	11.3889144421629	-0.0183956194387402	669.995	694.9085	3.71846058552676
FR000694	1005.8	1068.9315	6.27674487969777	11.375099247091	11.4431101984942	0.0680109514031475	667.76	683.695	2.3863364082904
FR000702	1127.215	1133.859	0.589417280643001	11.4668856947296	11.6333127994524	0.166427104722793	676.375	682.948	0.971798188874512
FR000707	1349.395	1257.5825	-6.80397511477366	10.3769199178645	10.7508405201916	0.373920602327173	643.28	717.536	11.5433403805497
FR000708	1303.84	1228.323	-5.7918916431464	10.5171526351814	10.8677659137577	0.350613278576319	643.54	716.5785	11.3494887652671
FR000713	1182.88	1192.4865	0.812128026511573	11.1654209445585	11.3632607802875	0.197839835728953	668.46	708.783	6.03222331927116
FR000714	1251.07	1083.583	-13.3875002997434	10.6898973305955	10.8094305270363	0.119533196440795	654.4	718.083	9.7315097799511
FR000725	1295.075	1206.2935	-6.85531725961817	10.9453661875428	11.0596030116359	0.114236824093087	668.505	738.2775	10.4370947113335
FR000726	1015.455	1077.277	6.08810828643319	11.7047912388775	11.9031307323751	0.198339493497604	695.585	715.1655	2.81496869541464
FR000730	1193.29	1113.7205	-6.6680773324171	11.5246680355921	11.9110390143737	0.386370978781656	685.47	704.631	2.79530832859207
FR000731	1179.02	1113.692	-5.54087292836423	11.6828062970568	11.9121040383299	0.229297741273101	700.71	704.631	0.559575287922257
FR000732	1284.23	1115.599	-13.1309033428592	11.06553045859	11.3569596167009	0.291429158110882	670.815	746.415	11.2698732139263
FR000733	1245.24	1139.206	-8.51514567472938	11.0260643394935	11.3397303216975	0.31366598220397	667.535	757.303	13.4476843910806
FR000735	1210.38	1078.776	-10.8729489912259	11.2986173853525	11.5254962354552	0.226878850102668	683.29	737.798	7.97728636450117
FR000737	1228.24	1143.8125	-6.87386015762392	11.2677070499658	11.5585722108145	0.290865160848734	679.605	745.4245	9.68496406000544
FR000743	1115.955	988.2515	-11.4434273783441	11.6392470910335	11.8229075975359	0.183660506502395	701.61	732.9675	4.46936332150339
FR000745	1171.505	1024.388	-12.5579489630859	11.5101848049281	11.6612772073922	0.151092402464066	687.11	733.057	6.68699334895432
FR000746	1246.37	1023.5675	-17.8761122299157	11.1918412046543	11.4911622176591	0.299321013004791	682.89	735.527	7.70797639444128
FR000750	1181.745	1083.5475	-8.30953378266885	10.7279808350445	10.8716906228611	0.143709787816563	662.2	734.5355	10.9235125339776
FR000774	968.295	928.7865	-4.08021315818011	11.3190417522245	11.3778138261465	0.0587720739219719	688.1	785.1085	14.0980235430897
FR000778	1157.445	972.7525	-15.9569137194424	11.2813278576318	11.3333921971253	0.0520643394934979	689.905	757.1095	9.74112377791146
FR000804	873.03	783.2165	-10.287561710365	11.3801095140315	11.4431485284052	0.0630390143737163	697.455	813.181	16.592611709716
FR000818	808.48	756.495	-6.42996734613101	11.2619438740589	11.4637166324435	0.201772758384669	690.145	798.7255	15.7329981380724
FR000828	850.04	766.8175	-9.79042162721754	11.3427789185489	11.5927967145791	0.250017796030116	696.1	821.5245	18.0181726763396
FR000831	804.045	744.201	-7.44286700371247	11.6232169746749	11.7395030800821	0.116286105407255	711.22	848.876	19.3549112792104
FR000835	808.28	746.593	-7.63188499034987	11.7834496919918	11.8881122518823	0.104662559890487	718.34	853.0285	18.7499651975388
FR000836	814.315	746.689	-8.30464869245929	11.7236413415469	11.8713292265572	0.147687885010267	716.19	856.692	19.6179784694006
FR000840	802.31	767.9045	-4.2883050192569	11.8890485968515	11.8818316221766	-0.00721697467488092	720.975	841.895	16.7717327230487
FR000848	934.96	881.271	-5.74238470094978	10.718507871321	10.7522012320329	0.0336933607118421	663.855	738.6205	11.2623238508409
FR000857	1033.975	937.3065	-9.34921057085518	11.3507734428474	11.4603422313484	0.109568788501027	692.075	801.0065	15.7398403352238
FR000861	879.775	786.898	-10.5569037538007	10.8038740588638	11.4006516084873	0.596777549623544	671.81	811.4355	20.783480448341
FR000894	1105.175	981.5695	-11.1842468387359	7.42153319644079	7.5530417522245	0.13150855578371	584.09	716.817	22.7237240836173
FR000903	936.31	895.295	-4.38049363992695	8.47262149212868	8.64205201916496	0.169430527036276	626.535	743.6845	18.6979977176056
FR000906	1154.87	948.757	-17.8472901711881	7.71206023271732	7.85516221765914	0.143101984941821	593.265	796.5735	34.2694242876286
FR000918	1029.165	868.275	-15.6330617539462	8.57930184804928	9.23722381930185	0.657921971252566	626.605	850.152	35.6759042778146
FR000919	896.35	800.4435	-10.6996708874881	10.1673100616016	10.1844558521561	0.0171457905544141	692.88	792.454	14.3710310587692
FR000926	1157.815	1136.8095	-1.81423629854512	6.85388090349076	7.60107323750856	0.747192334017796	552.105	737.7345	33.6221370934877
FR000927	1012.62	957.631	-5.43036874642019	8.71878165639973	9.12224640657084	0.403464750171116	630.885	823.1825	30.4805947201154
FR000929	957.315	903.631	-5.60776755822273	9.09359342915811	9.47074880219028	0.377155373032171	648.435	852.4115	31.4567381464603
FR000938	936.12	826.972	-11.65961628851	10.803613963039	10.3740123203285	-0.429601642710471	718.325	850.4215	18.3895172797828
FR000946	860.525	875.765	1.77101188228117	10.0179055441478	10.3449733059548	0.327067761806981	681.365	855.852	25.60844774827
FR000949	928.42	872.069	-6.06955903578122	10.7158384668036	10.7639069130732	0.0480684462696779	712.935	893.178	25.2818279366282
FR000955	1239.985	1067.251	-13.9303298023767	9.52636550308008	9.83475701574264	0.30839151266256	654.545	786.3505	20.1369653728926
FR000969	991.955	934.1685	-5.82551627846021	10.5829295003422	10.7873319644079	0.204402464065709	700.105	870.4585	24.3325644010541
FR000978	947.965	914.1775	-3.56421386865548	10.5048186173854	10.6381998631075	0.133381245722109	690.03	872.159	26.3943596655218
FR000998	876.05	871.3055	-0.541578677016141	6.97457905544148	7.09415058179329	0.119571526351814	568.305	782.2175	37.640439552705
FR001000	871.225	942.6535	8.19862836810238	6.8047227926078	6.78193976728268	-0.0227830253251193	558.39	756.3985	35.4606099679436
FR001010	867.4	820.043	-5.45964952732303	8.07151266255989	8.040765229295	-0.0307474332648869	611.945	837.5035	36.8592765689727
FR001015	1197.945	1152.5535	-3.78911385748095	7.09582477754962	7.1572758384668	0.0614510609171806	568.985	765.1865	34.4827192280992
FR001016	1172.575	1247.5285	6.39221371767263	6.95055441478439	7.04966187542779	0.0991074606433955	564.385	760.2095	34.6969710392728
FR001020	1010.705	967.5465	-4.27013817088071	7.88383299110199	7.94486242299795	0.0610294318959612	600.965	823.437	37.0191275698252
FR001024	1150.23	1207.184	4.95153143284386	8.3188501026694	8.21786584531143	-0.100984257357974	613.565	763.014	24.3574845370906
FR001042	1095.675	926.59	-15.4320396102859	8.1227241615332	8.29833401779603	0.175609856262833	609.685	829.935	36.1252121997425
FR001072	863.465	811.3535	-6.03516066082586	10.9162217659138	10.7777344284736	-0.138487337440109	707.22	873.347	23.4901445094878
FR001129	812.385	746.46	-8.11499473771672	11.4345653661875	11.5729377138946	0.138372347707049	732.235	906.304	23.772286219588
FR001143	871.62	809.1895	-7.16258231798261	10.994250513347	10.9000930869268	-0.09415742642026	707.1	861.862	21.8868618300099
FR001166	808.17	756.911	-6.34260118539416	11.4651471594798	11.5638822724162	0.0987351129363443	729.165	891.1295	22.212325056743
FR001178	1383.54	1287.782	-6.92123104500051	8.36754277891855	8.78003969883641	0.412496919917864	610.655	772.571	26.5151353874119
FR001188	1163.395	1128.1205	-3.03203125335763	10.6544147843943	10.7527474332649	0.0983326488706364	701.62	828.495	18.0831504233061
FR001197	1056.61	945.6435	-10.5021247196222	11.4180561259411	11.6088596851472	0.190803559206023	732.975	860.5635	17.4069374808145
FR001198	1049.64	1020.2665	-2.79843565412902	11.4261875427789	11.6244599589322	0.198272416153319	734.2	877.4875	19.5161400163443
FR001212	900.955	867.2345	-3.7427507478176	11.6542094455852	12.1078740588638	0.453664613278578	734.67	932.26	26.8950685341718
FR001214	796.405	779.6775	-2.10037606494183	11.9380013689254	12.0396714579055	0.101670088980152	749.91	912.553	21.6883359336454
FR001228	1124.325	1005.8105	-10.5409467902964	9.2807665982204	9.30035592060233	0.019589322381929	646.275	837.14	29.5330934973502
FR001231	915.025	882.887	-3.51225376355836	10.5471321013005	10.5989281314168	0.0517960301163587	694.935	876.9775	26.1956154172692
FR001242	1052.135	1038.104	-1.33357411358808	10.7198904859685	10.6801190965092	-0.0397713894592737	701.96	830.844	18.3605903470283
FR001245	952.41	895.7465	-5.94948604067577	11.521916495551	11.6201423682409	0.0982258726899374	736.41	869.5605	18.0810282315558
FR001299	819.01	750.5255	-8.36186371350778	10.5814510609172	10.601492128679	0.0200410677618077	669.03	787.438	17.6984589629763
FR001300	819.82	747.4065	-8.83285355321901	10.8105133470226	10.7671471594798	-0.0433661875427784	682.1	800.4505	17.3509016273274
FR001307	901.85	811.5675	-10.0108111104951	10.7589869952088	10.8073990417522	0.0484120465434632	676.065	800.7925	18.449039663346
FR001309	795.555	745.257	-6.32237871674493	11.2266529774127	11.0493511293634	-0.177301848049282	699.26	819.9835	17.26446529188
FR001320	798.205	731.0205	-8.41694802713589	10.6953045859001	10.662340862423	-0.0329637234770708	680.14	816.4595	20.0428588231835
FR001325	747.745	706.503	-5.51551665340458	11.47446954141	11.3557029431896	-0.118766598220397	711.795	840.8265	18.1276210144775
FR001327	756.24	701.214	-7.27626150428435	11.5803696098563	11.5722436687201	-0.0081259411362069	718.65	848.863	18.1191122243095
FR001334	758.865	708.4775	-6.63985030275478	11.8409171800137	11.8690869267625	0.0281697467488033	725.6	853.242	17.5912348401323
FR001335	759.09	719.0935	-5.26900631018718	11.8040930869268	11.7879657768652	-0.0161273100616022	729.03	848.414	16.3757321372234
FR001350	669.43	633.331	-5.3924980953946	10.868720054757	10.8206105407255	-0.048109514031486	690.745	839.4655	21.5304490079552
FR001355	749.165	704.044	-6.02283876048667	11.1720328542094	11.0092142368241	-0.162818617385353	704.375	828.0635	17.5600354924578
FR001363	725.165	686.398	-5.34595574800219	11.5190006844627	11.594302532512	0.075301848049282	721.315	865.7595	20.0251623770475
FR001373	963.105	887.031	-7.89882723067578	10.357029431896	10.4623422313484	0.105312799452429	653.635	772.865	18.24106726231
FR001380	891.535	827.134	-7.22360871979228	11.0319644079398	11.0324353182752	0.00047091033538571	687.585	796.247	15.8034279398184
FR001385	786.255	743.8375	-5.3948782519666	11.591909650924	11.7021560574949	0.110246406570841	713.435	847.031	18.7257423591497
FR001387	769.005	732.597	-4.73442955507442	11.6689938398357	11.8414360027379	0.172442162902122	719.11	859.6185	19.5392220939773
FR001388	737.815	712.939	-3.37157688580469	11.8758932238193	11.993864476386	0.117971252566734	726.385	866.349	19.2685696978875
FR001405	745.795	716.6365	-3.9097204996011	12.0155099247091	12.0477618069815	0.0322518822724156	738.775	860.3675	16.4586646813983
FR001413	774.785	753.798	-2.70875146008248	11.9955099247091	12.0888090349076	0.0932991101984939	737.1	854.9105	15.9829738163071
FR001425	817.89	818.819	0.113584956412228	11.7101437371663	11.843819301848	0.133675564681724	729	840.749	15.3290809327846
FR001426	919.58	846.8695	-7.90692490049804	11.7197125256674	11.8062217659138	0.0865092402464072	730.925	849.6315	16.2405855593939
FR001435	912.535	828.689	-9.18825031368661	11.9535112936345	12.0678480492813	0.114336755646818	735.335	862.3515	17.2732836054315
FR001442	833.085	849.958	2.02536355834038	12.261273100616	12.2209377138946	-0.0403353867214236	746.515	881.1235	18.0315867732062
FR001453	945.935	868.3695	-8.19987631285448	11.9577686516085	12.0431649555099	0.0853963039014367	740.61	839.552	13.3595279566844
FR001454	918.425	855.147	-6.88983858235567	12.0796440793977	12.2332881587953	0.153644079397672	743.855	864.695	16.2451015318846
FR001499	1668.435	1182.0915	-29.1496821871994	5.60143737166324	5.74725393566051	0.145816563997262	511.49	685.7975	34.0783788539366
FR001502	1709.705	1443.795	-15.5529755133195	2.2647227926078	3.23358247775496	0.96885968514716	376.76	581.149915380571	54.2493670720275
FR001526	847.125	787.8305	-6.99949830308396	11.7525941136208	11.9619247091034	0.209330595482546	769.79	963.712	25.1915457462425
FR001544	1074.485	904.017	-15.865088856522	10.4465297741273	10.7233620807666	0.276832306639289	715.88	919.214	28.4033636922389
FR001547	980.195	855.7625	-12.6946678977142	11.6314168377823	11.8860041067762	0.25458726899384	760.73	945.776	24.324793290655
FR001577	973.255	848.551	-12.8130859846597	11.6392470910335	11.5395058179329	-0.0997412731006158	764.06	909.009	18.970892338298
FR001619	1580.29	1346.8215	-14.7737756993969	7.40390143737166	8.20358110882957	0.799679671457906	587.875	731.824419751944	24.4863992773878
FR001622	1159.915	1141.2515	-1.60904031760949	8.75366187542779	9.27326351813826	0.519601642710471	644.275	825.5185	28.1313879942571
FR001627	1154.24	1122.8615	-2.71854207097311	8.78906228610541	9.239446954141	0.450384668035593	644.385	830.9095	28.9461269272252
FR001659	945.845	827.649	-12.4963392522031	9.93367556468172	10.2296153319644	0.295939767282684	688.925	842.16	22.2426243785608
FR001681	1019.745	946.2265	-7.20949845304465	10.6462012320329	11.1310965092402	0.484895277207391	722.08	886.277	22.7394471526701
FR001685	1100.67	966.625	-12.1784912825824	10.6083230663929	11.0019958932238	0.393672826830938	720	856.89	19.0125
FR001711	1180.035	1004.4385	-14.8806179477727	10.4411635865845	11.0950143737166	0.6538507871321	719.665	838.6055	16.5272036294665
FR001728	1002.97	904.0125	-9.86644665343928	9.73853524982888	10.0120657084189	0.273530458590008	682.785	884.9725	29.6121766002475
FR001732	1056.16	927.3415	-12.1968735797606	9.99856262833675	10.2271622176591	0.228599589322382	694.425	911.264	31.2256903193289
FR001733	1002.82	912.4215	-9.01442930934764	9.97952087611225	10.148810403833	0.169289527720739	692.71	889.2905	28.3784700668389
FR001737	976.525	900.3635	-7.79923709070428	10.347871321013	10.4752073921971	0.127336071184121	707.24	889.192	25.7270516373508
FR001740	924.305	873.2395	-5.52474561968181	11.3958795345654	11.5776892539357	0.181809719370294	747.335	936.887	25.363725772244
FR001745	916.795	849.5335	-7.33659105906993	11.4088980150582	11.6823326488706	0.273434633812457	747.63	933.3785	24.8449767933336
FR001748	993.09	948.6685	-4.47305883656063	9.19433264887064	9.46180971937029	0.267477070499657	656.415	796.1545	21.2882856119985
FR001753	931.175	863.795	-7.23601900824226	10.8135523613963	11.1774976043806	0.363945242984256	725.875	879.6015	21.1780954021009
FR001767	807.275	733.111	-9.18695611780372	12.7398357289528	12.7702313483915	0.0303956194387407	811.035	986.174	21.5945057858169
FR001773	777.225	725.393	-6.66885393547557	12.9991923340178	13.0687871321013	0.0695947980835054	820.05	1011.379	23.3313822327907
FR001777	783.16	698.5225	-10.8071786097349	13.0626283367556	13.0746557152635	0.0120273785078702	816.715	970.632	18.8458642243622
FR001789	931.6	984.934	5.7249892657793	6.88702258726899	7.66969883641342	0.782676249144422	569.225	770.565	35.370899029382
FR001790	1177.19	1033.0445	-12.2448797560292	8.19681040383299	8.16509787816564	-0.0317125256673521	618.84	782.384	26.4275095339668
FR001791	1053.71	1014.8335	-3.68948761993339	7.79073237508556	7.97785215605749	0.187119780971937	601.93	776.923	29.0719851145482
FR001793	957.445	887.135	-7.34350275994966	8.357659137577	8.67620944558522	0.318550308008213	625.22	840.781	34.4776238763955
FR001809	985.03	936.41	-4.93589027745347	7.789787816564	7.76636413415469	-0.0234236824093088	597.31	810.9445	35.7661013544056
FR001810	915.08	956.3675	4.51190059885475	7.15056810403833	7.04917590691307	-0.101392197125256	578.16	765.86	32.4650615746506
FR001831	1535.26	1286.661	-16.192631866915	8.63894592744695	8.26603969883641	-0.372906228610541	630.91	804.662	27.5399026802555
FR001833	1028.525	876.2615	-14.8040640723366	11.251485284052	11.125780971937	-0.125704312114991	742.09	938.2915	26.4390437817516
FR001835	1065.815	979.1035	-8.13569897214808	11.7443805612594	11.8492813141684	0.104900752908966	760.485	932.9595	22.6795400303753
FR001839	898.695	818.679	-8.90357685310367	12.4810951403149	12.7362792607803	0.255184120465435	788.72	988.467	25.3254640430064
FR001861	1099.68	1044.878	-4.98344973083076	8.87964407939767	8.9799151266256	0.100271047227926	633.7	809.084	27.6761874704119
FR001862	1410.095	1638.538	16.2005396799506	7.12650239561944	7.10153456536619	-0.0249678302532512	555.34	689.728	24.1992293009688
FR001863	1347.095	1406.249	4.39122704783256	7.86970568104038	7.81479260780287	-0.0549130732375085	596.375	736.1675	23.4403688954098
FR001866	1539.315	1612.6345	4.76312515631952	7.11253935660507	7.01332648870637	-0.0992128678987001	562.395	691.8305	23.0150516985393
FR001870	1288.115	1430.9845	11.091362184277	6.93140314852841	7.0463613963039	0.114958247775497	561.92	733.177	30.4771141799545
FR001880	1348.285	1298.064	-3.72480595719749	9.21826146475017	9.61724709103354	0.398985626283368	649.155	836.1075	28.7993622478453
FR001893	1571.745	1408.2995	-10.3989832956364	8.47201916495551	8.4127665982204	-0.0592525667351129	623.465	785.9595	26.0631310498585
FR001923	1394.835	1360.653	-2.45061243803031	8.29841204654346	8.81719780971937	0.518785763175908	606.455	770.416	27.0359713416494
FR001928	1141.465	1048.291	-8.16266815014039	11.4047912388775	11.6927323750856	0.287941136208078	737.05	882.066	19.6751916423581
FR001930	1080.595	998.132	-7.63125870469511	11.6172210814511	11.9317905544148	0.314569472963722	747.38	912.654	22.1137841526399
FR001932	1416.73	1351.2315	-4.62321684442342	9.11352498288843	9.65487474332649	0.541349760438056	644.64	801.2065	24.2874317448498
FR001934	1422.59	1335.366	-6.13135197070132	9.75605749486653	10.1120889801506	0.356031485284051	675.305	835.0445	23.654422816357
FR001935	1307.135	1243.743	-4.84969035333	10.5324845995893	10.7027857631759	0.170301163586585	703.36	877.2635	24.7246786851683
FR001937	1276.735	1191.5025	-6.6758176128954	10.5290622861054	10.8659137577002	0.336851471594798	703.785	880.151	25.0596417940138
FR001938	1271.795	1188.518	-6.54798925927528	10.5504722792608	10.8811786447639	0.33070636550308	704.95	881.3715	25.0261011419249
FR001943	919.11	891.7115	-2.98098160176693	12.419151266256	12.3799151266256	-0.0392361396303897	784.37	942.638	20.1777222484287
FR001954	802.975	773.143	-3.71518415890906	13.1501163586585	13.3575852156057	0.207468856947296	813.46	978.3735	20.273092715069
FR001958	1069.53	1028.638	-3.82336166353445	11.6268309377139	11.7448377823409	0.118006844626969	744.765	881.956	18.420709888354
FR001959	1072.76	1031.7895	-3.81916738133412	11.6051197809719	11.7246666666667	0.11954688569473	744.53	880.3755	18.2458060790029
FR001960	1041.83	994.0125	-4.58976032558094	11.822765229295	11.8960506502396	0.0732854209445595	754.06	899.088	19.232952284964
FR001967	1079.765	1083.2155	0.319560274689414	11.4285831622177	11.5486529774127	0.120069815195071	736.77	861.0685	16.8707330645927
FR001988	1254.21	1078.969	-13.9722215577934	11.8070910335387	11.7445612594114	-0.0625297741273094	764.855	914.1655	19.5214125553209
FR002065	1631.23	1273.5815	-21.9250810737909	12.4122929500342	12.4601232032854	0.0478302532511989	781.8	926.5645	18.5168201586084
FR002069	1846.725	1302.1265	-29.4899619596854	10.9451334702259	11.0599356605065	0.11480219028063	720.275	866.9105	20.3582659400923
FR002080	1058.235	1066.9705	0.825478272784379	11.3657084188912	11.5707186858316	0.205010266940452	731.73	877.5395	19.9266806062345
FR002151	1010.44	882.7705	-12.6350401805154	12.8765229295003	13.1863504449008	0.309827515400411	803.12	995.264	23.9246936945911
FR002168	1105.455	1039.0595	-6.00616940535798	9.76558521560575	9.79864476386037	0.0330595482546201	667.165	810.882	21.5414477677936
FR002170	1554.54	1560.8455	0.405618382286718	9.32199863107461	9.46232991101985	0.140331279945244	649.575	777.53	19.6982642497017
FR002173	1287.405	1199.3645	-6.83860168323098	9.62062970568104	9.61576043805613	-0.00486926762491358	659.315	800.817	21.4619718950729
FR002177	1048.985	979.0935	-6.66277401488107	10.5101848049281	10.613704312115	0.103519507186858	701.67	830.3965	18.345732324312
FR002180	970.5	905.8095	-6.66568778979908	10.1377686516085	10.648605065024	0.510836413415468	683.565	851.169	24.519102060521
FR002182	952.945	847.759	-11.0379927487945	9.91284052019165	10.0565160848734	0.143675564681725	673.245	840.745	24.8795015187636
FR002183	1769.305	1837.0635	3.82966758133843	8.83745379876797	9.20874606433949	0.371292265571526	628.335	737.1575	17.3191848297485
FR002194	841.39	778.95	-7.42105325711025	10.9168788501027	10.7199082819986	-0.196970568104039	718.84	883.08	22.8479216515497
FR002210	1660.37	1551.5975	-6.55110005601161	6.63251197809719	6.21518001368925	-0.417331964407939	547.495	740.9425	35.3331993899488
FR002216	1642.92	1519.421	-7.51704282618754	6.71559206023272	6.54726488706365	-0.168327173169063	551.5	750.0365	35.9993653671804
FR002233	1507.635	1356.155	-10.0475247656097	7.96054757015743	8.10048459958932	0.139937029431896	599.185	768.155	28.1999716281282
FR002237	1236.895	1593.3	28.814491124954	9.69028062970568	9.58322245037645	-0.107058179329227	669.91	769.683	14.893493155797
FR002301	1270.265	1176.9045	-7.34968687636043	11.024681724846	11.0850869267625	0.0604052019164953	728.395	854.6565	17.334207401204
FR002320	801.495	725.842	-9.43898589510852	11.9328268309377	11.6809555099247	-0.251871321013004	773.145	923.4335	19.4385917260022
FR002321	1030.635	823.5325	-20.094650385442	10.9117590691307	10.4076577686516	-0.504101300479125	727.975	839.8455	15.3673546481679
FR002322	982.32	790.437	-19.5336550207672	10.8575222450376	10.5840684462697	-0.273453798767967	723	848.598	17.3717842323651
FR002350	1494.385	1309.1135	-12.3978425907648	8.45494866529774	8.85162902121834	0.396680355920601	626.4	815.038	30.1146232439336
FR002354	1827.73	1554.136	-14.9690599815071	6.59537303216975	6.95589869952088	0.36052566735113	548.13	725.6555	32.3874810720085
FR002355	1652.72	1507.613	-8.7798901205286	7.702765229295	7.84706228610541	0.144297056810403	598.12	782.912	30.8954724804387
FR002365	1691.22	1451.778	-14.1579451520204	7.10640657084189	7.31705544147844	0.21064887063655	573.045	755.2265	31.7918313570488
FR002387	1417.75	1297.6025	-8.47451948509963	9.58535249828884	9.81834360027378	0.232991101984942	681.305	863.0245	26.6722686608788
FR002411	1626.835	1430.401	-12.07461113143	7.90910335386721	8.38370978781656	0.474606433949349	607.555	791.0895	30.2087053846977
FR002418	1623.835	1311.7255	-19.2205180945108	8.67496235455168	9.36549486652977	0.690532511978097	639.365	827.0055	29.3479467909566
FR002419	1428.825	1231.283	-13.8254859762392	9.47423682409309	10.2553237508556	0.781086926762493	674.065	873.185	29.5401778760209
FR002425	1788.015	1396.553	-21.8936642030408	7.03206023271732	7.45231074606434	0.420250513347023	570.22	766.0465	34.3422714040195
FR002437	1040.15	970.207	-6.7243186078931	11.3276249144422	11.431620807666	0.10399589322382	750.01	893.3805	19.1158117891761
FR002488	1104.615	988.2945	-10.5304110481933	9.97472963723477	10.0726913073238	0.0979616700889796	692.545	816.8525	17.9493751308579
FR002495	1405.48	1203.908	-14.3418618550246	9.7564681724846	10.1917932922656	0.435325119780973	681.17	817.5515	20.0216539189923
FR002513	1902.18	1442.1495	-24.1843831814024	8.58962354551677	9.12272005475702	0.533096509240247	632.145	779.4525	23.3028023633818
FR002523	1930.295	1310.932	-32.0864427457979	8.11071868583162	8.46118959616701	0.350470910335385	614.36	768.938787671233	25.1609459716181
FR002572	1503.875	1342.9715	-10.6992602443687	10.6418206707734	10.1838028747433	-0.458017796030116	721.455	859.423	19.123576661053
FR002579	1508.735	1419.6415	-5.90517884187746	12.164681724846	12.3292977412731	0.164616016427104	784.29	975.657	24.4000306009257
FR002666	1178.98	1031.525	-12.5069975741743	3.81368925393566	4.50487063655031	0.691181382614647	443.885	627.143	41.285017515798
FR002667	1491.51	1081.4045	-27.4959939926651	5.50398357289528	5.97544010951403	0.471456536618755	509.05	704.4165	38.3786464983793
FR002668	1217.105	1177.295	-3.27087638289219	1.28554414784394	1.6467022587269	0.361158110882957	341.905	504.362560810811	47.5154094882528
FR002688	1136.57	951.2735	-16.3031313513466	2.50246406570842	2.85508145106092	0.352617385352498	391.4	586.855	49.9374041900869
FR002707	1012.465	996.53	-1.57388156627636	2.64811772758385	2.92384531143053	0.275727583846681	397.17	617.102594988728	55.3749263511161
FR002708	1003.825	967.3685	-3.63175852364706	3.3798083504449	3.66803422313484	0.288225872689938	427.49	652.253783783784	52.5775535764074
FR002737	1070.505	910.957	-14.9039939094166	6.64209445585216	7.35745379876797	0.715359342915811	564.625	841.4035	49.0198804516272
FR002740	1038.97	961.601	-7.44670202219506	9.34035592060233	9.65449418206708	0.31413826146475	672.345	899.3995	33.7705344726294
FR002785	980.605	858.147	-12.4880048541462	11.9242299794661	12.3469431895962	0.422713210130048	777.525	913.81	17.5280537603293
FR002817	942.145	835.239	-11.3470856396839	10.8202600958248	11.3165201916496	0.496260095824779	730.29	896.6065	22.7740349724082
FR002846	714.43	671.9625	-5.94424926164916	13.7417932922656	13.5036550308008	-0.23813826146475	856.165	947.469	10.6642995217044
FR002852	999.225	883.2615	-11.6053441417098	11.8652156057495	12.4473223819302	0.582106776180698	772.265	884.365	14.5157426531048
FR002866	912.96	820.9105	-10.0825337364178	12.0172758384668	12.119523613963	0.102247775496236	781.61	898.0895	14.9025089238879
FR002914	951.03	923.883	-2.85448408567552	13.9539082819986	14.1242436687201	0.170335386721424	863.71	1120.5245	29.7338805849185
FR002975	974.24	830.9125	-14.7117240105108	14.1007255304586	14.1550239561944	0.0542984257357979	871.17	1109.3725	27.3428263140374
FR002986	901.45	789.0305	-12.4709634477786	13.5483915126626	13.4363559206023	-0.112035592060233	850.005	1092.7135	28.5537732130988
FR002989	929.18	808.7065	-12.9655717944855	13.6846269678303	13.7250746064339	0.0404476386036965	854.57	1105.584	29.3731350269726
FR002995	933.46	877.7535	-5.96774366335997	12.0134291581109	12.3026009582478	0.289171800136893	783.37	1009.8605	28.9123275080741
FR003003	898.88	855.6555	-4.80870639017442	14.5637097878166	14.7674113620808	0.203701574264203	886.68	1043.3465	17.6688884377679
FR003047	1146.415	1094.9295	-4.49100020498685	10.7530869267625	11.2116536618754	0.458566735112935	724.98	836.9895	15.4500124141356
FR003099	1157.995	965.176	-16.6511081654066	7.66496919917864	7.07599315537303	-0.588976043805612	593.71	727.224286547678	22.4881316716373
FR003127	1291.49	1087.3175	-15.8090654979907	11.5304996577687	11.9560246406571	0.425524982888433	769.145	873.927	13.6231789844568
FR003138	1220.1	1096.6465	-10.1183099745922	9.07850787132101	10.547241615332	1.46873374401095	661.94	822.483	24.253406653171
FR003149	1129.495	940.824	-16.704013740654	13.4063244353183	13.5200670773443	0.113742642026009	847.835	927.9015	9.44364174633035
FR003160	1016.36	923.2875	-9.15743437364713	9.85753593429158	9.99296372347707	0.135427789185488	677.12	809.379	19.5325791587902
FR003162	980.96	846.1485	-13.7428131626162	10.0891991786448	10.2815537303217	0.192354551676933	691.155	836.125	20.9750345436263
FR003169	991.885	914.673	-7.78437016387988	10.0092950034223	10.1466379192334	0.137342915811089	682.95	824.66	20.7496888498426
FR003180	1674.235	1770.6605	5.75937667053909	7.31051334702259	7.51711430527036	0.206600958247776	564.85	640.222729757686	13.3438487665195
FR003201	1511.895	1179.9765	-21.9538063159148	7.94162902121834	8.41246680355921	0.470837782340862	587.35	665.90545890411	13.3745567215646
FR003206	1181.445	947.289	-19.8194583751254	8.98845995893224	9.18304722792608	0.194587268993841	632.315	765.684	21.0921771585365
FR003207	1338.84	986.1935	-26.339704520331	8.88885694729637	9.07671594798084	0.187859000684464	629.04	725.489	15.3327292382043
FR003214	1216.89	957.3055	-21.3317966291119	8.69498973305955	9.1293607118412	0.434370978781656	618.475	767.3805	24.0762359028255
FR003218	1246.295	1089.4315	-12.586386048247	8.39993155373032	8.68994934976044	0.290017796030115	609.785	721.3065	18.2886591175578
FR003223	824.075	838.399	1.73819130540302	10.055099247091	10.2142135523614	0.159114305270363	678.205	799.635	17.904615860986
FR003233	816.295	857.944	5.1021995724585	10.4853388090349	10.7108733744011	0.225534565366187	693.675	828.6725	19.4612030129383
FR003234	1627.175	1634.9615	0.478528738457752	8.52205338809035	8.60379876796715	0.0817453798767964	608.995	705.9375	15.9184393960542
FR003236	1568.22	1411.0785	-10.0203734169951	8.76750171115674	8.75755646817248	-0.00994524298425681	622.88	723.796	16.2015155407141
FR003237	1523.03	1535.3375	0.808093077615025	8.7641067761807	8.842765229295	0.078658453114306	623.685	727.871	16.7049071245901
FR003246	938.305	859.0865	-8.44272384778936	9.8239151266256	10.0876235455168	0.263708418891172	664.61	814.4255	22.5418666586419
FR003251	1522.895	1120.9245	-26.395155279911	9.1158932238193	9.16121834360027	0.045325119780971	636.46	744.2875	16.9417559626685
FR003261	1152.825	963.829	-16.394162166851	9.92131416837782	9.79156057494867	-0.129753593429157	669.17	817.046	22.0984204312806
FR003275	882.72	816.568	-7.49410911727389	10.0679671457906	10.1780438056126	0.11007665982204	665.91	815.4225	22.4523584268144
FR003300	874.765	826.979	-5.46272427451944	9.92854209445585	10.0444065708419	0.115864476386038	669.075	791.5225	18.3010125920114
FR003303	897.815	858.542	-4.37428646213306	9.71206023271732	9.83247775496235	0.120417522245038	657.86	792.113	20.4075335177697
FR003307	842.97	744.3745	-11.696205084404	9.95791923340178	10.2050047912389	0.247085557837098	665.7	803.731	20.734715337239
FR003310	950.89	894.048	-5.97776819611101	9.74752908966461	9.70170978781656	-0.0458193018480504	664.08	820.247	23.5162932176846
FR003324	856.195	903.04	5.47130034629961	9.61578370978782	9.79075017111567	0.174966461327857	644.035	799.4685	24.134324997865
FR003325	914	992.454	8.58358862144421	9.70439425051335	9.72207118412047	0.0176769336071185	647.995	785.0505	21.1507033233281
FR003328	894.505	893.8865	-0.0691443871191247	10.0217385352498	10.0570910335387	0.0353524982888427	662.12	792.7055	19.7223312994623
FR003329	899.04	935.0435	4.00466052678413	9.79995893223819	9.87835455167693	0.0783956194387407	652.235	793.088	21.5954372273797
FR003333	1006.535	1002.4465	-0.40619551232695	9.70785763175907	9.68381656399726	-0.0240410677618073	642.155	785.2755	22.2875318264282
FR003336	1041.585	1128.2665	8.32207645079376	9.05681040383299	9.13343189596167	0.0766214921286803	616.235	746.0565	21.0668819525019
FR003342	882.265	872.4425	-1.1133276283203	9.88112251882272	9.72167008898015	-0.159452429842574	639.645	731.6305	14.3807111757303
FR003352	766.29	739.6345	-3.47851335656213	10.3465434633812	10.2425954825462	-0.103947980835043	656.025	750.2285	14.3597423878663
FR003362	781.06	712.766	-8.74375848206285	10.9259958932238	10.9190184804928	-0.00697741273100583	672.065	745.228	10.8862982003229
FR003386	1026.515	926.524	-9.74082210196635	10.0880355920602	10.2092032854209	0.121167693360711	628.375	670.7115	6.73745772826736
FR003398	1022.99	842.17	-17.675637103002	10.5038603696099	10.8016988364134	0.297838466803558	642.86	634.341	-1.32517188812494
FR003399	1058.005	907.561	-14.2195925350069	10.2696372347707	10.4333292265572	0.163691991786447	639.44	645.017	0.872169398223463
FR003400	997.255	882.261	-11.5310527397707	10.2646132785763	10.2416413415469	-0.0229719370294319	640.515	705.248	10.10639875725
FR003401	990.89	883.5945	-10.8281948551302	10.2166735112936	10.184431211499	-0.0322422997946621	638.405	707.0325	10.7498374856087
FR003410	770.96	743.97	-3.50083013385909	10.3012320328542	10.3357727583847	0.0345407255304586	648.69	743.716	14.6489077987945
FR003419	790.61	785.2445	-0.678653191839212	10.330417522245	10.3324859685147	0.0020684462696785	648.36	731.7235	12.8575945462397
FR003434	831.13	789.985	-4.95048909316231	10.6452977412731	10.8636824093087	0.218384668035592	689.945	848.858	23.0327055055113
FR003435	805.165	768.6055	-4.54062210851191	10.7673100616016	10.9516125941136	0.184302532511978	694.865	853.926	22.8909212580861
FR003449	683.655	650.4555	-4.85617745792833	10.8498015058179	11.1301848049281	0.280383299110198	685.82	819.131	19.4381907789216
FR003461	964.07	795.7915	-17.455008453743	10.3918001368925	10.4810143737166	0.0892142368240929	644.02	694.334	7.81249029533246
FR003470	988.385	835.555	-15.4625980766604	10.7012046543463	10.6991225188227	-0.00208213552361336	657.35	687.036	4.51601125732105
FR003474	946.89	869.0945	-8.21589624982839	10.1153045859001	9.99320054757016	-0.12210403832991	679.125	828.841	22.0454260997607
FR003477	908.255	831.7635	-8.42180885324054	10.4920739219713	10.5505708418891	0.0584969199178644	689.675	851.4325	23.4541631928082
FR003479	953.47	898.6305	-5.75157057904287	9.78146475017112	9.63781930184805	-0.143645448323067	668.035	830.399	24.3047145733382
FR003481	932.06	873.4355	-6.28977748213636	10.1713483915127	10.018598220397	-0.152750171115674	677.6	845.8325	24.8277007083825
FR003486	810.25	749.3835	-7.51206417772292	10.8609171800137	11.0508158795346	0.189898699520876	700.445	855.866	22.188894202971
FR003491	940.545	891.0065	-5.26699945244512	10.0511430527036	10.0351362080767	-0.0160068446269683	672.685	851.788	26.6250919821313
FR003503	1318.29	1147.289	-12.9714251037329	9.87585215605749	9.96467761806982	0.0888254620123217	666.73	773.877	16.0705233002865
FR003504	1316.21	1153.21	-12.3840420601576	9.80258726899384	9.84676796714579	0.0441806981519512	668.9	752.702	12.5283300941845
FR003517	970.75	888.1165	-8.5123358228174	10.1214784394251	10.3217741273101	0.20029568788501	680.525	833.1265	22.4240843466441
FR003529	804.49	755.01	-6.15048042859452	10.8928952772074	10.81446954141	-0.0784257357973992	702.04	862.4385	22.8474873226597
FR003534	654.125	620.4055	-5.15490158608827	10.8710746064339	10.9897221081451	0.118647501711157	685.315	828.1125	20.8367684933206
FR003542	817.62	691.226	-15.4587705780191	10.5768651608487	10.6122094455852	0.0353442847364818	664.285	800.5365	20.5110005494629
FR003545	976.705	766.106	-21.5621912450535	10.3832032854209	10.3866379192334	0.0034346338124589	647.94	738.567	13.9869432354848
FR003546	973.045	769.8935	-20.8779141766311	10.3287748117728	10.4540041067762	0.125229295003422	646.68	747.365	15.5695243397043
FR003549	716.245	652.862	-8.84934624325476	11.2484325804244	11.2511389459274	0.00270636550308012	712.47	893.324	25.3840863474953
FR003562	708.075	652.7205	-7.81760406736575	10.5507049965777	10.5098891170431	-0.0408158795345646	671.71	821.8375	22.3500468952375
FR003569	699.65	660.026	-5.66340313013648	10.626379192334	10.5977180013689	-0.0286611909650922	672.075	800.1685	19.0594055722948
FR003579	970.71	898.605	-7.42806811509103	9.63912388774812	9.60834907597536	-0.0307748117727584	657.775	825.1385	25.4438827866672
FR003592	1036.24	930.785	-10.1766965181811	9.96989733059548	10.1646735112936	0.194776180698151	662.015	812.371	22.7118720874905
FR003600	869.255	781.363	-10.1111871660215	10.8793018480493	11.014257357974	0.13495550992471	696.29	843.1155	21.0868316362435
FR003603	745.13	697.9075	-6.33748473420745	10.5974127310062	10.5381013004791	-0.0593114305270372	680.345	801.6375	17.8280872204543
FR003607	729.21	672.4065	-7.78973135310817	10.6248459958932	10.5893018480493	-0.0355441478439431	676.615	803.42	18.7410861420453
FR003608	830.49	760.4955	-8.42809666582379	10.090212183436	10.2030102669405	0.112798083504448	650.39	763.2755	17.356586048371
FR003612	942.195	849.133	-9.87714857327836	10.2024229979466	10.2914962354552	0.0890732375085541	666.305	814.9085	22.3026241736142
FR003617	832.45	762.9195	-8.35251366448436	10.088514715948	10.2058631074606	0.117348391512664	648.77	756.5485	16.6127441157883
FR003623	991.685	902.1005	-9.03356408536987	10.0320465434634	10.105363449692	0.0733169062286105	660.575	801.148	21.2803996518185
FR003632	957.145	882.651	-7.78293779939299	10.1819301848049	10.1618357289528	-0.0200944558521563	658.87	803.0885	21.8887640961039
FR003638	730.47	737.9465	1.02351910413843	10.4968377823409	10.4575017111567	-0.0393360711841204	676.425	835.369	23.4976531027091
FR003644	719.87	720.303	0.0601497492602821	10.6283367556468	10.4915783709788	-0.136758384668035	681.715	843.3635	23.7120350879767
FR003646	705.99	692.166	-1.95810138953811	10.4302395619439	10.5096728268309	0.0794332648870633	670.42	806.474	20.2938456489961
FR003649	749.425	664.3215	-11.3558394769323	10.5089664613279	10.743575633128	0.234609171800138	671.79	811.5015	20.7969008172197
FR003658	834.115	770.043	-7.68143481414433	10.3863655030801	10.3780547570157	-0.00831074606433901	663.1	782.1695	17.9564922334489
FR003668	710.135	638.7335	-10.0546374985038	10.8137303216975	10.71528678987	-0.0984435318275168	680.475	797.6355	17.2174583930343
FR003683	838.505	709.69	-15.3624605697044	10.1139904175222	10.2965407255305	0.182550308008214	645.445	776.0675	20.2375880206679
FR003687	876.73	780.3845	-10.9891870929476	10.3665708418891	10.5347761806982	0.168205338809035	652.7	773.396	18.4918032786885
FR003692	753.79	693.4585	-8.00375436129426	10.6683504449008	10.7377713894593	0.0694209445585212	667.1	797.7155	19.5795982611303
FR003716	890.675	814.1625	-8.59039492519717	10.984681724846	11.0036577686516	0.0189760438056119	668.49	724.6545	8.40169636045415
FR003722	952.1	938.1285	-1.4674403949165	10.5538809034908	10.5670075290897	0.0131266255989058	655.73	734.0645	11.9461516172815
FR003723	951.19	973.265	2.32077713180333	10.5699657768652	10.5644093086927	-0.00555646817248423	656.07	743.9975	13.4021522093679
FR003725	876.005	821.337	-6.24060364952252	11.069787816564	11.1105407255305	0.0407529089664624	670.18	718.039	7.14121579277208
FR003726	936.445	885.7385	-5.41478677338231	10.9420533880903	10.9455331964408	0.00347980835044481	667.345	725.9515	8.78203927503765
FR003731	851.095	896.7105	5.35962495373606	11.5602464065708	11.4426078028747	-0.117638603696099	667.315	617.62	-7.44700778492915
FR003741	1034.705	1026.055	-0.835987068778066	10.9289253935661	11.0335674195756	0.104642026009582	665.675	725.8965	9.04668193938485
FR003751	854.875	811.1095	-5.11952039771896	11.1312936344969	11.0220971937029	-0.109196440793976	671.085	736.4825	9.74503974906307
FR003754	1301.235	1083.7545	-16.7133915088358	10.4731416837782	10.7534031485284	0.280261464750172	641.39	711.871	10.98878997178
FR003756	1199.99	1134.7025	-5.4406703389195	10.9512114989733	11.113613963039	0.162402464065709	662.245	714.305	7.861139004447
FR003761	1202.78	1009.014	-16.1098455245348	11.0323750855578	11.1861752224504	0.15380013689254	675.805	749.7735	10.9452430804744
FR003762	1133.55	1050.863	-7.29451722464824	10.3815195071869	10.4077563312799	0.0262368240930861	644.765	696.393	8.00725845850815
FR003767	791.305	751.1895	-5.06953703060135	11.3228610540726	11.5146173853525	0.191756331279946	689.04	795.229	15.4111517473587
FR003769	781.785	741.128	-5.20053467385536	11.6699383983573	11.716264202601	0.0463258042436685	711.64	838.868	17.8781406329043
FR003774	841.475	786.1095	-6.57957752755578	11.2210266940452	11.3134127310062	0.0923860369609848	688.125	798.4245	16.0289918256131
FR003775	845.465	781.979	-7.50900392091924	11.3131416837782	11.532076659822	0.218934976043807	693.935	820.458	18.2326874995497
FR003794	1048.49	997.959	-4.81940695667102	8.22435318275154	8.7135112936345	0.489158110882956	612.335	803.396	31.2020381000596
FR003797	1004.875	971.592	-3.31215325289215	8.79633127994524	9.31409719370294	0.517765913757701	633.82	806.6765	27.272175065476
FR003814	1021	922.4415	-9.65313418217433	10.294688569473	10.0195468856947	-0.275141683778234	695.555	828.6415	19.1338571356686
FR003816	1114.865	1043.75	-6.37879922681222	10.6373442847365	10.5026173853525	-0.134726899383983	702.265	832.8105	18.5892077776907
FR003818	933.96	902.8405	-3.33199494625038	10.631279945243	10.7781437371663	0.146863791923341	694.77	879.104	26.531657958749
FR003821	1115.34	1064.539	-4.55475460397726	7.10981519507187	7.50942094455852	0.399605749486653	576.62	754.486890410959	30.8464656812041
FR003828	849.94	896.59	5.48862272631009	7.26710472279261	7.15860506502396	-0.108499657768651	580.11	788.3195	35.8913826688042
FR003830	811.155	855.4275	5.45795809678792	7.75285420944559	7.76730458590007	0.0144503764544828	595.79	823.906	38.287987378103
FR003837	1278.645	1248.951	-2.32230212451462	6.80622861054073	6.95963039014374	0.153401779603012	547.385	735.2325	34.3172538524073
FR003843	1447.66	1213.3565	-16.1849812801348	7.73511293634497	7.92048733744011	0.18537440109514	588.855	757.7015	28.6736972599367
FR003855	1076.145	886.852	-17.5899158570639	8.03477070499658	7.8725968514716	-0.162173853524983	604.05	818.801	35.5518582898767
FR003857	1055.68	902.2945	-14.5295449378599	8.81379876796715	9.05271184120465	0.238913073237509	637.095	842.4395	32.2313783658638
FR003861	790.69	722.345	-8.64371624783416	10.9549623545517	11.1358247775496	0.180862422997947	720.11	898.139	24.7224729555207
FR003863	1136.055	1096.7485	-3.45991171202096	8.36639288158795	8.31908145106092	-0.0473114305270368	614.03	754.2885	22.8422878360992
FR003867	816.15	763.0825	-6.5021748453103	10.6811498973306	10.8085639972621	0.127414099931555	707.99	868.8995	22.7276515205017
FR003929	748.165	721.682	-3.53972719921407	11.6524161533196	11.6006954140999	-0.0517207392197125	734.32	876.1835	19.3190298507463
FR003930	693.785	678.957	-2.13726154356178	11.7856810403833	11.826720054757	0.0410390143737178	737.665	896.77	21.5687337748165
FR003955	1303.585	1102.3645	-15.4359324478266	8.92346338124572	9.22235455167693	0.29889117043121	634.745	813.756	28.2020338876242
FR003959	906.73	888.6905	-1.98951176204602	10.3026009582478	10.4738904859685	0.171289527720738	685.61	874.386	27.5340207989965
FR003961	841.475	784.5835	-6.76092575537004	11.4789185489391	11.5247570157426	0.0458384668035592	729.285	896.593	22.941374085577
FR003965	1126.165	1057.909	-6.06092357691811	10.8240246406571	10.774038329911	-0.0499863107460641	707.665	825.7675	16.689040718419
FR003967	971.535	971.2705	-0.0272249584420646	11.2074332648871	11.4012553045859	0.193822039698837	719.15	852.419	18.531460752277
FR003969	1084.49	956.5825	-11.7942535200878	11.2886926762491	11.5033579739904	0.214665297741274	726.05	852.379	17.3994903932236
FR003974	958.44	938.491	-2.08140311339259	11.2827104722793	11.4008336755647	0.118123203285421	722.47	851.888	17.9132697551455
FR004017	772.13	737.913	-4.43150764767591	11.589568788501	11.6316988364134	0.0421300479123889	715.13	858.748	20.0827821514969
FR004018	762.25	725.9935	-4.75651033125614	11.5885968514716	11.7084613278576	0.119864476386038	715.945	872.6125	21.882616681449
FR004030	744.25	693.244	-6.85334229089689	11.2471321013005	11.0896906228611	-0.157441478439425	706.835	831.924	17.6970580121245
FR004040	913.43	865.101	-5.29093636075013	10.7302669404517	10.765273100616	0.0350061601642704	673.175	780.7795	15.9846250974858
FR004043	865.675	810.332	-6.39304588904612	11.014250513347	10.9199041752225	-0.0943463381245717	685.78	801.0785	16.8127533611362
FR004047	843.98	779.211	-7.67423398658735	11.2942778918549	11.3845941136208	0.0903162217659137	700.85	819.145	16.8787900406649
FR004048	792.29	749.7275	-5.37208597861894	11.5558658453114	11.5561587953457	0.000292950034223693	712.44	845.6655	18.6998905170962
FR004050	820.115	767.5005	-6.41550270388909	11.3943874058864	11.4917905544148	0.0974031485284055	704.25	828.195	17.5995740149095
FR004062	750.455	717.6825	-4.36701734281203	11.7809445585216	11.9986803559206	0.21773579739904	723.715	865.8935	19.645647803348
FR004072	833.975	860.325	3.15956713330736	12.2378507871321	12.1979794661191	-0.0398713210130044	745.995	881.8785	18.2150684656063
FR004074	892.73	861.2485	-3.52643016365529	12.0372621492129	12.1115140314853	0.0742518822724154	739.335	867.142	17.2867509315804
FR004091	1263.05	1004.497	-20.4705276909069	9.00425735797399	9.07832580424367	0.0740684462696777	655.675	842.764	28.5338010447249
FR004104	1530.83	1020.4505	-33.340050822103	8.68208076659822	8.93752635181383	0.255445585215606	642.96	830.0475	29.0978443449048
FR004114	1102.63	897.617	-18.5930910640922	11.0282135523614	11.1849404517454	0.156726899383983	737.9	911.754	23.5606450738583
FR004132	1196.385	957.9645	-19.928409333116	9.13937029431896	9.20962491444216	0.0702546201232028	658.83	828.189	25.7060243158326
FR004136	1197.995	997.1415	-16.7658045317384	8.98180698151951	8.60074880219028	-0.381058179329226	651.49	801.7575	23.0652043776574
FR004137	1131.455	955.8425	-15.5209442708725	9.68681724845996	9.44285010266941	-0.243967145790554	680.79	832.996	22.3572614168833
FR004140	752.235	713.2635	-5.18076133123293	13.0456673511294	12.9452375085558	-0.100429842573581	822.665	925.317	12.4779831401603
FR004154	678.24	605.777	-10.6839761736259	13.366173853525	13.4253880903491	0.0592142368240935	834.65	970.647	16.2938956448811
FR004167	1522.775	1271.074	-16.5290998341843	7.66047912388775	8.31046269678303	0.649983572895277	593.365	752.074	26.7472803417795
FR004168	957.555	1308.605	36.6610795202364	8.62305270362765	9.13301984941821	0.509967145790554	636.895	818.448	28.5059546707071
FR004173	1463.875	1317.698	-9.98562035692939	9.37629021218344	9.84713894592745	0.470848733744011	664.36	834.3185	25.5822897224396
FR004178	983.36	1353.479	37.6381996420436	8.02050650239562	8.26490485968515	0.244398357289528	615.74	786.6165	27.7514048137201
FR004179	996.59	1285.0055	28.9402362054606	8.202340862423	8.42757563312799	0.225234770704995	616.14	799.336	29.732852923037
FR004193	1655.39	1266.2365	-23.508266934076	8.90691307323751	9.36930047912389	0.46238740588638	642.31	741.3775	15.423627220501
FR004225	952.51	881.0205	-7.50538052093942	10.7721697467488	10.9299028062971	0.157733059548255	724.2	910.7325	25.7570422535211
FR004233	793.985	751.955	-5.29355088572202	12.7774948665298	12.8377850787132	0.0602902121834354	807.735	1006.567	24.6159941069782
FR004274	1168.91	1171.0925	0.18671240728541	7.13081451060917	7.02431074606434	-0.106503764544832	576.505	701.533232969271	21.6872764276582
FR004283	1021.835	1051.4675	2.89993002784206	7.57582477754962	7.39826146475017	-0.177563312799452	590.77	774.6555	31.1264112937353
FR004285	800.335	895.5485	11.8967057544653	7.70213552361396	7.68301437371663	-0.0191211498973303	597.415	839.006	40.4393930517312
FR004286	1018.145	1280.5245	25.7703470527282	7.08072553045859	7.17734565366188	0.0966201232032855	572.925	742.773	29.6457651525069
FR004294	1039.415	869.7435	-16.3237494167392	11.9144832306639	11.9573675564682	0.0428843258042431	768.255	968.3695	26.0479267951396
FR004306	876.62	799.919	-8.74962925783123	12.63446954141	12.8458001368925	0.211330595482545	791.735	954.6765	20.5803078050105
FR004333	1246.035	1163.1345	-6.65314377204494	8.73327857631759	8.94860643394935	0.215327857631758	626.555	827.5965	32.0868080216421
FR004335	1369.495	1406.164	2.67755632550684	8.38839151266256	8.41580698151951	0.0274154688569475	620.315	777.533	25.344865108856
FR004340	1673.59	1492.002	-10.8502082349919	7.97626283367556	7.97173990417522	-0.00452292950034217	605.32	751.444	24.1399590299346
FR004346	1377.715	1335.403	-3.0711721945395	8.44104038329911	8.96616563997262	0.52512525667351	619.61	775.575	25.1714788334598
FR004350	1037.585	963.213	-7.1677983008621	11.7732375085558	12.086462696783	0.313225188227241	755.84	928.634	22.8611875529213
FR004364	1074.91	1047.23	-2.57509931063997	11.569568788501	11.6561451060917	0.0865763175906906	742.36	874.7215	17.8298264992726
FR004379	962.16	889.3765	-7.56459424627922	12.2354004106776	12.6857166324435	0.450316221765913	768.51	920.052	19.7189366436351
FR004380	940.06	896.6885	-4.61369487054019	12.2814099931554	12.6022902121834	0.320880219028062	771.4	924.74	19.8781436349494
FR004386	1459.605	1146.3065	-21.4646085756078	9.91638603696099	10.0243915126626	0.108005475701573	679.925	846.2865	24.4676251057102
FR004393	1222.875	1113.9595	-8.90651129510376	10.2192607802875	10.3749787816564	0.155718001368927	700.78	866.538	23.6533576871486
FR004396	1342.04	1077.1515	-19.7377499925487	10.7270773442847	10.8763394934976	0.149262149212868	718.8	893.5365	24.3094741235392
FR004398	1294.365	1061.3585	-18.0016069655777	11.620205338809	11.7921875427789	0.171982203969884	757.835	920.37	21.4472807405306
FR004477	1011.44	922.0955	-8.83339595032824	12.8522245037645	13.1090800821355	0.256855578370979	802.95	999.7325	24.5074413101688
FR004479	1168.18	1132.1645	-3.08304370901742	9.62605065023956	9.55703353867214	-0.069017111567419	662.565	793.407	19.7477983292205
FR004493	958.915	875.6605	-8.68215639550951	10.1947433264887	10.4093921971253	0.21464887063655	684.895	843.654	23.1800494966382
FR004494	995.695	951.2705	-4.4616574352588	10.7056810403833	10.9700657084189	0.264384668035593	708.85	861.6565	21.5569584538337
FR004496	930.16	835.668	-10.1586823772254	10.1967419575633	10.2708145106092	0.074072553045859	685.73	852.0335	24.2520379741297
FR004500	1218.825	1165.4155	-4.38204828420815	9.99856262833675	10.1696413415469	0.171078713210131	677.965	840.614	23.9907664849955
FR004504	949.45	874.5215	-7.89177945126125	9.88034223134839	9.62981245722108	-0.25052977412731	672.63	828.669	23.1983408411757
FR004512	948.875	868.7435	-8.44489527071533	9.95835728952772	9.72081998631075	-0.237537303216975	675.35	832.169	23.2204042348412
FR004518	936.065	849.2935	-9.26981566451047	10.0916358658453	9.92558384668036	-0.166052019164956	680.65	833.3545	22.4350988026152
FR004519	932.365	846.1665	-9.24514540979123	10.1286242299795	9.96630527036277	-0.162318959616702	682.2	835.358	22.4506009967751
FR004522	843.245	775.528	-8.03052493640639	10.7487748117728	10.6981793292266	-0.0505954825462016	712.345	868.037	21.8562634678421
FR004543	1639.885	1513.05	-7.73438381349911	6.73014373716632	6.63149212867899	-0.0986516084873372	552.225	750.7685	35.953370455883
FR004553	1269.935	1156.744	-8.91313334934464	9.18856947296372	9.38290759753593	0.194338124572212	646.795	771.344	19.2563331503799
FR004559	1144.97	1090.2755	-4.77693738700578	9.77982203969884	9.92257768651609	0.14275564681725	673.39	797.236	18.3914225040467
FR004561	2032.095	1844.2485	-9.24398219571427	8.68343600273785	9.27061464750171	0.58717864476386	623.225	731.887	17.4354366400577
FR004567	1122.32	1145.425	2.05868201582434	10.0788774811773	10.1759438740589	0.0970663928815885	686.15	829.8105	20.9371857465569
FR004581	1092.475	1040.9935	-4.7123732808531	11.1785352498289	11.344379192334	0.165843942505132	730.635	872.4385	19.408254463583
FR004585	1438.55	1412.391	-1.81842827847484	8.81248459958932	8.97352498288843	0.161040383299111	634.34	818.588	29.0456222215216
FR004598	978.21	952.235	-2.65536030095787	10.5056125941136	10.3919657768652	-0.11364681724846	703.71	860.355	22.259879780023
FR004606	1143.76	1110.5115	-2.90694726166328	10.9065160848734	10.8824380561259	-0.0240780287474323	729.04	898.943	23.3050312740042
FR004612	1024.825	1056.306	3.07184153392042	11.1809445585216	11.2491471594798	0.0682026009582479	739.22	905.201	22.4535321014042
FR004617	1049.365	931.6935	-11.2135910765082	10.7325119780972	10.1610746064339	-0.571437371663244	711.36	820.285	15.3122188484031
FR004619	986.95	838.5735	-15.0338416333148	10.9660917180014	10.5122683093771	-0.453823408624229	726.875	844.4475	16.1750644883921
FR004620	856.1	763.4795	-10.8188879803761	10.9081177275838	10.7817221081451	-0.126395619438741	727.15	849.9955	16.8941071305783
FR004621	930.14	797.0215	-14.3116627604447	11.0131143052704	10.7181820670773	-0.294932238193018	729.63	853.983	17.0432959171087
FR004641	1777.74	1392.3565	-21.678282538504	6.73540041067762	7.99656947296372	1.2611690622861	559.91	796.853	42.3180511153578
FR004642	1652.285	1377.8115	-16.611752815041	7.7844900752909	8.15793292265572	0.373442847364819	605.955	807.933	33.3321781320395
FR004643	1436.06	1416.411	-1.36825759369385	8.28984257357974	8.28267351129363	-0.00716906228610625	624.11	791.2345	26.7780519459711
FR004659	1623.895	1514.9755	-6.70729942514756	8.17863107460643	8.49547707049966	0.316845995893223	608.825	842.129	38.3203712068328
FR004681	829.42	755.757	-8.88126642714187	11.1731690622861	11.3407214236824	0.167552361396304	739.515	876.28	18.4938777441972
FR004688	1010.075	828.9975	-17.9271341237037	11.7281451060917	12.0928213552361	0.364676249144422	762.495	899.735	17.9988065495511
FR004689	916.145	792.7925	-13.4642987736657	10.0195482546201	10.8236810403833	0.804132785763176	691.26	816.706	18.147440905014
FR004692	1082.225	983.425	-9.12934001709441	10.8184941820671	10.8392895277207	0.0207953456536618	728.355	900.8055	23.6767098461602
FR004699	1004.37	954.5695	-4.95838187122277	11.1949212867899	11.2587460643395	0.063824777549625	746.41	915.7375	22.6855883495666
FR004707	1104.655	1023.165	-7.37696384844137	8.6180424366872	8.71917316906229	0.101130732375085	640.82	911.187	42.1907868044069
FR004708	1386.615	1122.1085	-19.0756987339673	7.22053388090349	7.79989048596851	0.579356605065024	579.2	805.881	39.1369129834254
FR004709	1186.755	1053.953	-11.1903467859836	8.7666803559206	8.92956057494867	0.162880219028063	646.505	884.248	36.7735748370082
FR004713	1033.77	960.9665	-7.04252396567901	10.1113894592745	10.4919507186858	0.380561259411362	704.53	940.7745	33.5322129646715
FR004716	954.165	913.469	-4.2650904193719	10.892553045859	11.5587898699521	0.666236824093087	740.415	957.6335	29.3373986210436
FR004723	1427.625	1236.4895	-13.3883547850451	7.50696783025325	8.02678576317591	0.519817932922655	588.9	734.527	24.7286466293089
FR004780	1372.005	1095.628	-20.1440227987507	7.16977412731006	7.19921149897331	0.0294373716632448	575.945	811.2005	40.8468690586775
FR004795	1424.945	1265.4415	-11.1936601061795	7.07556468172485	7.3938726899384	0.318308008213552	573.39	794.146554054054	38.5002448689468
FR004806	968.81	855.4415	-11.7018300802015	8.61071868583162	8.95692265571526	0.346203969883641	645.045	936.9455	45.2527343053586
FR004853	910.195	811.2075	-10.8754168062888	11.7246543463381	11.830758384668	0.10610403832991	765.985	911.4225	18.9869906068657
FR004857	864.725	826.069	-4.47032293503714	11.8582340862423	12.2080889801506	0.349854893908281	775.085	901.469	16.3058245224717
FR004929	974.93	810.6285	-16.8526458309827	13.2193292265572	13.3951170431212	0.175787816563998	834.94	1005.937	20.4801542625818
FR004930	801.675	715.515	-10.7474974272617	12.9716221765914	13.0993169062286	0.127694729637234	827.16	1098.0025	32.7436650708448
FR004935	957.965	842.0165	-12.1036259153518	14.3030527036277	14.4075975359343	0.104544832306638	880.63	1143.5365	29.8543656246097
FR004940	977.785	931.596	-4.72384010799922	14.1723613963039	14.4219589322382	0.24959753593429	867.77	1107.499	27.6258686057365
FR004954	1087.315	996.555	-8.34716710428902	10.4656947296372	11.018302532512	0.552607802874743	717.065	888.0075	23.8391917050756
FR004964	1101.525	1009.2275	-8.3790653866231	10.634045174538	10.9104599589322	0.27641478439425	727.51	878.3595	20.7350414427293
GB000001	884.564	808.044	-8.6505894429346	8.29769199178645	8.55908281998631	0.261390828199863	462.933	520.248702702703	12.380993081656
GB000002	892.233	833.1335	-6.62377428317491	8.16422587268994	8.40150718685832	0.237281314168378	457.549	533.494	16.5982222669047
GB000003	1015.128	843.1805	-16.938504306846	8.02933333333333	8.09272553045859	0.0633921971252569	424.827	479.914533783784	12.9670510075357
GB000004	859.7255	744.4095	-13.4131184895644	10.6854565366188	11.0240876112252	0.338631074606432	540.062	648.752	20.1254670760024
GB000005	863.1075	735.898	-14.7385464730639	10.5080273785079	11.1208131416838	0.612785763175907	538.306	648.752	20.5173265763339
GB000009	946.8625	871.127	-7.9985742386038	7.25114031485284	7.49078302532512	0.23964271047228	432.0235	539.458	24.8677444629748
GB000010	1024.34	921.1975	-10.0691664876896	6.37488432580424	6.64412183436003	0.269237508555784	412.229	534.2245	29.5941090995539
GB000011	949.944	842.111	-11.3515112469788	7.5531909650924	7.80261327857632	0.249422313483915	435.5685	539.32	23.819789539418
GB000015	1057.648	979.1065	-7.42605290228884	5.51894455852156	6.14067488021903	0.621730321697467	399.938	533.017486486486	33.2750292511555
GB000016	1388.5445	1238.9245	-10.7753118463254	4.80667214236824	5.22472963723477	0.41805749486653	380.6345	498.262871855589	30.9032344297715
GB000017	1237.643	866.207	-30.0115623002756	6.91850239561944	7.32168514715948	0.403182751540041	424.298	541.838	27.7022281509694
GB000018	1352.4765	897.6325	-33.6304549469067	6.40001368925394	6.96216016427105	0.562146475017111	432.8	532.7015	23.082601663586
GB000019	954.6385	760.2795	-20.359434487505	8.0425954825462	8.17520739219712	0.132611909650924	464.1925	552.755121621622	19.0788566427983
GB000020	1323.1615	946.288	-28.4828042532979	6.37348802190281	6.64994387405886	0.276455852156057	414.5325	549.4115	32.5376176777454
GB000021	871.524	722.5405	-17.0945952148191	8.42495961670089	8.57014647501711	0.145186858316221	461.7905	580.253	25.6528663972083
GB000022	1179.4015	855.1545	-27.4925036130614	7.07081314168378	7.33075975359343	0.259946611909651	432.646	548.8965	26.8696578727181
GB000023	1205.157	894.579	-25.7707502010111	6.9105325119781	7.07976180698152	0.169229295003422	423.8605	554.94	30.9251510815469
GB000024	882.6745	789.9705	-10.5026258263947	8.47870910335387	8.66205065023956	0.183341546885694	459.2145	584.294155405405	27.2377408390644
GB000025	898.177	782.9235	-12.8319362441924	8.17171389459275	8.34587405886379	0.174160164271047	460.319	582.727	26.5919938129862
GB000026	793.3205	752.3845	-5.16008347193852	8.61673237508556	8.83389596167009	0.217163586584531	468.4425	588.194	25.5637564909247
GB000029	1207.577	934.4155	-22.6206279185509	6.81312114989733	7.03758521560575	0.224464065708418	423.614	562.2065	32.7166949156543
GB000032	1553.715	1247.181	-19.7291008968826	6.65311978097194	7.28533196440794	0.632212183436002	424.8305	562.491	32.4036292121211
GB000033	1275.1875	1148.2595	-9.95367347939029	5.92177823408624	6.15927036276523	0.237492128678987	401.9505	537.068684931507	33.6156280267114
GB000036	1482.9305	1216.3575	-17.9760953058825	6.61641889117043	7.14493223819302	0.528513347022587	415.5855	561.8795	35.2019018950373
GB000037	2730.0595	2106.158	-22.8530367195294	6.51619301848049	7.03492265571526	0.51872963723477	398.835	531.753	33.3265636165331
GB000038	1252.725	1070.924	-14.5124428745335	6.26863381245722	6.45123750855578	0.182603696098563	406.043	547.485	34.8342416936137
GB000039	905.4475	773.962	-14.5216039582637	8.25456262833676	8.33118685831622	0.0766242299794673	448.074	586.008	30.7837544691279
GB000040	1402.606	1237.4775	-11.7729782989664	4.89930732375086	5.59886516084873	0.699557837097878	383.391	513.443417571681	33.9216146366715
GB000045	1276.403	1050.082	-17.7311554422859	8.62076249144422	8.66726214921287	0.0464996577686527	457.6565	605.1465	32.2272271889507
GB000046	982.6605	817.4285	-16.8147595227446	8.44732922655715	8.7455742642026	0.298245037645447	463.712	587.351695945946	26.6630356656601
GB000048	1349.889	967.6845	-28.3137724657361	7.67963312799452	7.99415605749487	0.314522929500343	457.0865	581.393	27.1953995578517
GB000049	1102.0985	868.8705	-21.16217379844	8.14762902121834	8.36490212183436	0.217273100616017	450.9075	585.584986486487	29.8680963360526
GB000050	1555.4625	1206.5255	-22.4330062601959	7.70699794661191	8.12524298425736	0.418245037645448	437.412	586.168	34.0082119374869
GB000051	1487.203	1029.641	-30.7666135692303	7.47748528405202	8.18108281998631	0.703597535934291	444.7645	589.013	32.4325570048868
GB000056	1467.3785	1183.731	-19.3302205259243	8.17188501026694	8.37956741957563	0.207682409308692	449.702	592.2855	31.7062187848842
GB000059	1010.34	906.0575	-10.3215254270839	8.24526625598905	8.40704859685147	0.161782340862423	455.955	599.696	31.5252601682183
GB000060	964.9845	957.5605	-0.769338782125514	7.92262970568104	8.09260643394935	0.169976728268309	446.9045	581.3615	30.0862936041145
GB000062	858.4175	864.361	0.692378708495598	8.61205201916496	8.68006023271732	0.0680082135523605	456.725	595.1025	30.2977721823854
GB000063	1146.7825	941.726	-17.8810280066185	8.06076249144422	8.34994387405886	0.289181382614649	454.247	605.244	33.2411661496939
GB000065	778.451	888.969	14.1971684794547	8.11690485968515	8.39377823408624	0.276873374401095	458.3995	573.556452610144	25.1215266618189
GB000066	837.515	919.959	9.84388339313327	7.94321423682409	8.04424914442163	0.101034907597536	443.3575	550.32289420585	24.1262173766881
GB000069	1268.526	1282.358	1.09039940844728	7.27693771389459	7.19616016427105	-0.0807775496235452	435.187	563.4725	29.4782472822028
GB000071	1039.0215	1139.3425	9.6553343698855	8.02376317590691	7.98245722108145	-0.0413059548254617	460.6255	591.175	28.3417874173271
GB000074	1320.192	1345.3355	1.90453358299398	7.78774948665298	7.66815742642026	-0.119592060232717	457.7575	585.138006756757	27.8270714858319
GB000075	986.325	1046.241	6.07467112767089	7.30591786447639	7.67396440793977	0.368046543463381	451.5865	569.034868474639	26.0079449838822
GB000077	813.6375	734.688	-9.70327695073052	8.38474880219028	8.92365229295003	0.538903490759754	492.7605	552.266564235468	12.0760621509777
GB000079	1054.4495	1105.666	4.85717903038503	7.53935934291581	7.56341820670773	0.0240588637919226	448.0525	575.189	28.3753577984723
GB000080	887.912	841.021	-5.28104136445955	7.89224914442163	8.37573305954825	0.483483915126626	477.263	562.23497972973	17.8040157585502
GB000081	731.243	759.135	3.81432711150738	8.81778918548939	9.04388501026694	0.22609582477755	488.8225	590.442743243243	20.788781867292
GB000082	960.192	1142.691	19.0065111977604	7.94354140999316	7.74889938398357	-0.194642026009583	455.485	588.974905405405	29.3072012042999
GB000084	831.1605	834.4015	0.38993672100635	8.1560629705681	8.51102532511978	0.354962354551677	480.9695	572.946756756757	19.1233034021402
GB000085	926.3365	861.776	-6.96944360931475	8.1246379192334	8.26964134154689	0.145003422313483	485.5	576.603756756757	18.7649344504133
GB000086	748.81	734.063	-1.96939143440927	8.87095414099931	9.00265160848734	0.131697467488022	500.5515	603.594439189189	20.5858816104215
GB000087	830.526	791.603	-4.68654804304743	8.43488706365503	8.64333607118412	0.208449007529088	494.3705	591.371581081081	19.6211305247949
GB000088	995.7785	929.029	-6.70324776042061	7.76567282683094	7.88165366187543	0.11598083504449	477.461	571.296344594595	19.6529862322985
GB000090	1183.5245	1139.4785	-3.72159596189179	7.55728542094456	7.55645722108145	-0.00082819986310767	462.1765	581.5125	25.8204387284944
GB000091	1374.6635	1240.6075	-9.75191383200325	7.10786858316222	7.15671047227926	0.0488418891170426	453.7065	566.604	24.8833772493892
GB000093	1023.2145	991.87	-3.06333618219835	7.80005065023956	7.8742984257358	0.074247775496235	473.823	584.789716216216	23.419444859413
GB000094	1365.335	1302.3325	-4.61443528511318	7.0668501026694	7.286553045859	0.219702943189596	461.618	582.134484727879	26.1074058480992
GB000095	717.899	689.695	-3.92868634724384	9.14396030116359	9.31134291581109	0.167382614647503	505.2215	609.996256756757	20.7383804443708
GB000097	1317.007	1154.985	-12.3022884464547	6.87557289527721	6.99330869267625	0.117735797399042	460.311	550.764974546464	19.6506219808921
GB000098	982.4395	910.1005	-7.36320149993971	7.82010951403149	8.13550308008214	0.315393566050651	487.9955	586.315493243243	20.1477253874766
GB000099	800.272	734.5535	-8.21202041305957	8.48168514715948	8.88855989048597	0.406874743326489	494.082	611.614277027027	23.7880102952601
GB000102	1150.3765	1158.4385	0.700814037838927	7.38176454483231	7.5292128678987	0.147448323066393	477.838	561.258837837838	17.4579748445787
GB000103	1588.126	1275.492	-19.6857176319763	6.5058083504449	6.64917453798768	0.143366187542779	458.2545	539.343799518697	17.695254387834
GB000104	707.1695	660.1355	-6.65102213825681	9.03481724845996	9.32296646132786	0.288149212867898	510.5315	627.795878470937	22.9690780041852
GB000105	718.8675	650.095	-9.56678386489861	9.00816016427105	9.36938124572211	0.361221081451061	512.412	628.34337171418	22.6246402727063
GB000107	740.4275	659.859	-10.8813489504374	9.39647227926078	9.75259137577002	0.356119096509239	524.637	637.60177027027	21.5319869300622
GB000108	774.8075	676.267	-12.7180622283599	9.19564955509925	9.53744421629021	0.341794661190963	520.107	627.268466216216	20.6037346577178
GB000110	720.266	666.9395	-7.40372306897728	9.50172210814511	9.8794674880219	0.377745379876796	526.423	666.110230099963	26.5351685051685
GB000111	775.879	692.293	-10.7730715743048	9.26375633127994	9.50384394250513	0.240087611225189	520.4335	640.345682432432	23.0408270091054
GB000119	790.7875	816.169	3.2096486097719	9.24904038329911	9.70653798767967	0.457497604380562	510.7285	636.790439004073	24.6827696132236
GB000120	770.8845	778.254	0.955979786855231	9.45205749486653	9.91914305270363	0.467085557837098	515.5025	654.381134168415	26.940438536848
GB000121	820.7485	818.5525	-0.267560647384677	9.28163997262149	9.75305817932923	0.471418206707733	513.059	644.838082549666	25.684976298957
GB000123	712.5425	761.766	6.9081493384605	9.50772210814511	9.9467227926078	0.439000684462696	513.7245	651.539352369493	26.8266069400024
GB000124	1501.4595	1272.2075	-15.2686103088362	7.24395482546201	7.68557700205339	0.441622176591376	494.0365	552.888076406886	11.9123944094994
GB000125	1407.41	1236.7075	-12.1288394995062	7.68824093086927	7.82687337440109	0.138632443531828	473.0865	563.7405	19.1622462276983
GB000126	1182.729	1213.866	2.63264027516026	8.62334154688569	8.75020396988364	0.126862422997947	490.5825	585.613170399852	19.3709866128229
GB000128	818.8495	692.696	-15.4061888051467	9.05768377823409	9.25608350444901	0.198399726214921	510.5215	626.83975	22.784202036545
GB000129	969.598	729.713	-24.740665719195	8.46853388090349	8.74144010951403	0.272906228610539	501.183	606.790648648649	21.0716741486939
GB000130	1478.1295	1284.141	-13.12391776228	7.8039575633128	8.01978370978782	0.215826146475017	480.1815	563.0385	17.25535032066
GB000131	1884.196	1481.99	-21.3462930608068	7.27009445585216	7.36457768651608	0.0944832306639283	441.322	544.444567160832	23.3667406476071
GB000132	902.389	711.629	-21.1394420809651	8.48088432580424	8.91825325119781	0.437368925393566	504.487	617.727344594595	22.44663283585
GB000133	868.427	764.0045	-12.0243267424896	8.93069404517454	9.56516769336071	0.634473648186173	518.459	636.821091301061	22.829595262318
GB000135	626.865	668.7365	6.67950834709227	9.80440930869268	10.1314934976044	0.327084188911703	526.443	672.769510551647	27.7953188762406
GB000136	1253.0115	1056.9215	-15.6494972312704	8.48928268309377	8.72519917864476	0.235916495550994	483.0915	593.6175	22.8788956129429
GB000139	961.1065	902.419	-6.1062431686811	8.90625735797399	9.3787665982204	0.472509240246406	504.4905	614.377810440578	21.7818393885668
GB000142	1095.2275	1162.5555	6.14739859983428	8.47502806297057	8.72054346338125	0.245515400410678	492.893	585.202555257312	18.7281124417089
GB000143	795.961	692.689	-12.9745050322817	9.19196167008898	9.36168377823409	0.169722108145105	513.001	620.272722972973	20.9106264847384
GB000145	1189.1315	1072.5285	-9.80572796196216	7.67836276522929	8.03090075290897	0.352537987679671	479.7505	577.1265	20.2972169909151
GB000147	775.57	752.527	-2.97110512268395	9.69274332648871	9.83442710472279	0.141683778234086	524.749	670.344929748241	27.7458231932298
GB000148	1042.9985	956.4495	-8.29809438843873	8.72591101984942	9.06552224503764	0.339611225188227	511.8315	620.255260921881	21.1834873238323
GB000152	960.3105	892.7835	-7.03178815601829	9.06980150581793	9.323318275154	0.253516769336072	512.9275	630.964882265828	23.0124885614102
GB000154	1207.649	1177.3315	-2.51045626668013	8.23504859685147	8.5060205338809	0.270971937029431	503.1715	595.344067127916	18.3183203197947
GB000155	657.365	628.2995	-4.42151620484815	9.73723613963039	10.0484613278576	0.311225188227242	527.07	698.077794335431	32.4449872569927
GB000156	689.9905	685.0395	-0.717546111142097	9.87014236824093	10.0574332648871	0.187290896646132	526.541	688.343812291744	30.7293852314908
GB000157	1106.0315	1004.7775	-9.15471213975372	8.49022587268994	8.82044079397673	0.330214921286789	509.295	610.578443261755	19.8869895172258
GB000158	1342.8405	1253.0335	-6.68783820565436	7.84393429158111	8.0688090349076	0.224874743326488	513.6445	581.578871703896	13.2259513542724
GB000159	816.6845	758.003	-7.18533289171034	9.5815318275154	9.85240109514032	0.270869267624915	526.3555	676.20938541281	28.4700901601313
GB000160	893.173	828.609	-7.22861080664104	9.2656386036961	9.59548802190281	0.329849418206708	511.8165	636.106028137727	24.2840018127057
GB000161	1186.2705	1073.397	-9.5149883605805	8.2306803559206	8.73289664613279	0.502216290212184	496.385	599.029691040355	20.678443353517
GB000162	694.286	704.8235	1.5177462889933	9.59438603696099	9.93826009582478	0.343874058863792	524.431	670.812911542536	27.9125207210359
GB000163	1113.8005	1041.8915	-6.45618313153923	8.42379739904175	8.82018343600274	0.396386036960985	505.9285	609.936062014069	20.5577590537139
GB000164	831.7985	770.3055	-7.39277601486418	9.35911430527036	9.81160848733744	0.452494182067076	521.0905	651.91358611345	25.1056363747661
GB000165	623.9285	650.9905	4.33735596306308	9.94058316221766	10.2038480492813	0.263264887063654	526.2815	684.239118474639	30.0139029159564
GB000166	789.599	747.551	-5.32523470774404	9.69008898015058	9.77965503080082	0.0895660506502391	519.1815	652.843439559422	25.7447423607009
GB000167	886.8315	789.717	-10.9507273929715	9.34897467488022	9.75118001368925	0.402205338809035	519.364	648.505477714015	24.8653117493733
GB000168	714.602	670.4265	-6.1818326844873	9.79843942505133	10.0175359342916	0.219096509240247	528.6345	696.222981488338	31.7021460930638
GB000169	707.78	640.868	-9.45378507445815	9.79340725530459	10.1331498973306	0.339742642026009	533.8035	681.792985928566	27.7235885355877
GB000170	770.5775	716.21	-7.05542271867527	9.82114715947981	9.98804380561259	0.166896646132786	526.7945	672.96167104776	27.7465256466725
GB000172	677.851	627.793	-7.38480875590653	9.8949568788501	10.1539575633128	0.259000684462697	529.4225	687.639805257312	29.884884993991
GB000174	763.004	728.4775	-4.52507457365886	9.77568377823409	9.93521149897331	0.15952772073922	525.4635	674.21859977786	28.3093116416002
GB000175	767.6485	757.4	-1.33505113342891	9.65458453114305	9.78727310061602	0.132688569472963	525.082	669.383425768234	27.4816934818246
GB000176	669.5705	656.8225	-1.90390705683719	9.91149486652977	10.1299630390144	0.2184681724846	529.177	703.174944835246	32.8808593032664
GB000178	659.1705	670.71	1.75060928849214	9.78028336755647	10.1313593429158	0.351075975359343	525.797	680.232884672344	29.3717698412778
GB000180	739.7105	712.0555	-3.73862477279961	9.46737029431896	9.82469815195072	0.357327857631759	523.493	663.385172121813	26.7228352856319
GB000181	703.09	665.8	-5.30373067459357	9.67738535249829	9.98402327173169	0.306637919233401	528.7775	677.018503332099	28.0346654939175
GB000182	1128.5565	1050.0755	-6.95410464606781	8.43400821355236	8.84578234086242	0.411774127310061	500.193	606.436916512403	21.2405844368879
GB000183	725.889	625.292	-13.8584549428356	9.76070088980151	9.96286926762491	0.202168377823408	538.7145	631.009182710107	17.1323925214761
GB000184	736.33	632.883	-14.0489997691253	9.60156741957563	9.94257768651608	0.341010266940451	536.1775	637.95146436505	18.9813941027085
GB000185	673.579	629.0795	-6.6064262692275	9.84842162902122	10.0430047912389	0.194583162217658	524.5245	661.927067567568	26.1956434003688
GB000186	629.9115	611.955	-2.85063854208089	9.97707049965777	10.1880999315537	0.211029431895961	534.294	678.005817567568	26.8975166420674
GB000187	643.637	601.3895	-6.56387062894146	9.85427515400411	10.1525516769336	0.2982765229295	532.7685	695.430569048501	30.5314726843836
GB000188	722.58	622.2845	-13.8801931966011	9.80204654346338	9.97517590691307	0.173129363449691	537.0705	636.456617456498	18.5052274247976
GB000189	674.3585	604.6985	-10.3298171521528	9.67740041067762	10.1466926762491	0.469292265571525	536.113	698.932394853758	30.370350066825
GB000190	738.521	634.1055	-14.1384605177104	9.49491033538672	9.95285420944558	0.457943874058863	532.58	646.37847972973	21.3673963967347
GB000191	676.7265	619.3225	-8.48259969130808	9.8241273100616	10.0488747433265	0.224747433264886	529.8655	656.497715568308	23.8989357805534
GB000192	629.4595	591.032	-6.10484074034948	10.1159575633128	10.262984257358	0.147026694045175	545.096	697.555856164384	27.9693588220027
GB000193	681.195	610.311	-10.4058309294695	9.62050239561944	10.0870814510609	0.466579055441478	536.1265	694.915473435765	29.6178184506389
GB000195	647.3435	594.3435	-8.18730704795831	9.98533470225873	10.2392005475702	0.253865845311429	539.922	702.304017030729	30.075088073968
GB000197	681.2395	617.9485	-9.29056521238125	9.80416700889801	10.0786652977413	0.274498288843258	533.521	704.291559792669	32.0082170697441
GB000198	676.634	636.9935	-5.85848479384719	9.83729089664613	10.0562368240931	0.218945927446955	528.056	707.329728526472	33.9497569436711
GB000199	674.082	598.272	-11.2464062235752	9.74714715947981	10.1608377823409	0.413690622861054	540.4465	696.727204553869	28.9169611707854
GB000200	707.3415	638.258	-9.76664030033583	9.58814373716632	9.90392060232717	0.315776865160847	536.077	696.648485098112	29.9530636640094
GB000201	662.107	598.177	-9.65553905939674	10.0115099247091	10.3065817932923	0.295071868583161	536.5065	720.06193530174	34.213086943353
GB000202	674.639	611.0365	-9.42763463126206	9.92078439425051	10.2483107460643	0.327526351813827	533.316	718.303849407627	34.6863490702748
GB000203	674.812	657.591	-2.55197003017137	9.880128678987	10.1013196440794	0.221190965092402	529.7935	712.461832562014	34.4791569851299
GB000204	675.545	660.086	-2.28837457164215	9.83118001368925	10.0385284052019	0.207348391512662	530.146	709.420081173639	33.8159829883918
GB000205	699.394	638.5555	-8.69874491345364	10.2078439425051	10.2608692676249	0.0530253251197799	552.4725	682.626	23.5583671585463
GB000206	716.5595	657.985	-8.17440840572207	10.0715208761123	10.1528802190281	0.0813593429158104	549.238	666.419621621622	21.3353084858698
GB000207	610.568	578.385	-5.27099356664614	10.2451293634497	10.4361163586585	0.19098699520876	540.8915	727.558452332469	34.5109790655741
GB000208	617.8615	597.029	-3.37171032666706	10.3078822724162	10.3611882272416	0.0533059548254631	548.7495	706.0565	28.666449809977
GB000209	638.678	591.98	-7.31166565937765	10.2688240930869	10.352559890486	0.0837357973990418	547.315	714.839554054054	30.6084346407561
GB000210	701.1045	667.5735	-4.78259660293153	9.87567967145791	10.2125106091718	0.336830937713895	531.7355	717.348714550167	34.9070570895053
GB000211	663.9355	617.3175	-7.02146518750691	10.2989226557153	10.3522149212868	0.0532922655715264	553.6375	686.6205	24.0198685963288
GB000213	589.9435	589.2605	-0.115773798677349	10.3884038329911	10.4878302532512	0.0994264202600963	536.2255	728.662705479452	35.8873655727771
GB000214	607.5325	610.0665	0.417097027731025	10.2674414784394	10.4433867214237	0.175945242984257	532.79	723.679	35.828187465981
GB000215	624.287	585.94	-6.14252739525252	10.2423641341547	10.3405160848734	0.0981519507186857	544.8365	720.933601351351	32.3210910706884
GB000216	622.246	591.426	-4.95302500940142	10.2171841204654	10.4362409308693	0.219056810403833	538.687	725.767184931507	34.7289214203251
GB000218	621.0475	621.17	0.0197247392510147	10.1768295687885	10.3983969883641	0.221567419575633	534.464	722.639616438356	35.2082865147804
GB000219	678.2345	645.077	-4.88879583683815	10.3097618069815	10.3298535249829	0.0200917180013693	548.667	689.84047972973	25.7302662142483
GB000220	656.5815	624.424	-4.8977164297197	10.1232019164956	10.4165790554415	0.293377138945926	532.139	725.169198630137	36.2743942146952
GB000221	697.5755	645.9985	-7.39375164408729	10.0003531827515	10.193961670089	0.193608487337439	549.1395	648.560396519807	18.1048525046564
GB000222	622.434	622.111	-0.051893052114759	10.2065051334702	10.4267446954141	0.220239561943876	528.542	719.902130136986	36.2052836173826
GB000223	643.1745	607.367	-5.56730716158679	10.3163189596167	10.3697590691307	0.05344010951403	551.5035	696.409	26.2746292634589
GB000226	606.337	583.843	-3.70981813743841	10.2401396303901	10.4209733059548	0.180833675564681	540.268	729.012136986301	34.9352797104958
GB000227	703.0885	651.304	-7.36528900700269	10.0660821355236	10.1979808350445	0.131898699520876	545.839	662.122939189189	21.3037066221338
GB000228	654.3515	662.994	1.32077331525945	10.0637782340862	10.3487392197125	0.284960985626283	529.3165	719.430363013699	35.9168593863404
GB000229	655.122	610.302	-6.84147380182623	10.2592922655715	10.4753744010951	0.216082135523614	560.288	669.133209459459	19.4266536958599
GB000230	726.461	623.9495	-14.1110809802591	10.0279082819986	10.3074209445585	0.27951266255989	553.981	633.885844594595	14.4237518244479
GB000231	722.234	635.2385	-12.0453343376246	10.0843299110199	10.2943682409309	0.210038329911018	551.41	654.7205	18.7356957617743
GB000232	705.9175	624.38	-11.5505707111667	10.1580013689254	10.3735509924709	0.215549623545517	559.056	665.104952702703	18.9692897854066
GB000233	627.065	604.8495	-3.5427746724821	10.3253429158111	10.3848076659822	0.0594647501711165	556.644	684.4155	22.9538987216246
GB000234	617.5735	602.319	-2.47007036409432	10.3200438056126	10.3693538672142	0.0493100616016431	555.7735	691.0795	24.3455292488757
GB000236	633.0565	607.2185	-4.08146824177618	10.3284818617385	10.3863230663929	0.0578412046543466	556.028	682.559	22.7562281036207
GB000237	731.064	648.828	-11.2488099537113	9.99049828884326	10.19293908282	0.202440793976729	549.5355	653.468310810811	18.912847452223
GB000238	700.6635	629.227	-10.1955503604797	10.0295523613963	10.3121957563313	0.282643394934976	547.098	652.710844594595	19.3041913139135
GB000239	633.9205	598.7025	-5.55558622887254	10.4089883641342	10.5329418206708	0.123953456536618	564.4995	667.728	18.2867301033925
GB000240	611.604	600.288	-1.85021680695352	10.2854236824093	10.3187830253251	0.0333593429158103	552.4575	703.1955	27.2849947733536
GB000241	605.3905	588.4775	-2.79373396179821	10.3646228610541	10.3142108145106	-0.0504120465434639	550.795	727.5605	32.0927931444548
GB000242	618.141	580.8765	-6.02847893927112	10.2543531827515	10.3202039698836	0.065850787132101	547.8855	727.8305	32.8435412143596
GB000243	640.0485	595.485	-6.96251924658834	10.1488240930869	10.2437782340862	0.0949541409993166	552.5135	713.013952702703	29.0491458946619
GB000244	617.3895	579.8655	-6.07784874864247	10.1291608487337	10.3421232032854	0.212962354551678	546.593	727.758466216216	33.1444907300708
GB000245	628.517	580.887	-7.57815619943456	10.1067843942505	10.3446023271732	0.237817932922654	546.2305	727.0925	33.1109302757718
GB000246	643.2735	581.6825	-9.57462105931614	10.0917056810404	10.3250143737166	0.23330869267625	548.4385	724.813	32.1593943532411
GB000247	621.178	601.0315	-3.24327326466811	10.409241615332	10.6287214236824	0.219479808350444	540.258	731.0535	35.3156269782215
GB000248	597.17	571.149	-4.35738566907245	10.4325489390828	10.4391238877481	0.00657494866529795	547.04	742.481	35.7270035097982
GB000249	612.015	577.9	-5.57420978243997	10.3496153319644	10.3442943189596	-0.00532101300479049	548.9155	735.742	34.0355664942965
GB000250	621.405	585.5825	-5.76475889315342	10.3042108145106	10.4035975359343	0.0993867214236825	543.306	732.841	34.8854973072265
GB000251	611.8215	572.1925	-6.47721598538136	10.3895523613963	10.4304202600958	0.0408678986995223	545.2245	741.0235	35.9116290628906
GB000252	613.9955	575.2745	-6.30639801106034	10.354598220397	10.4158494182067	0.0612511978097192	545.152	738.334	35.4363553651092
GB000253	638.135	590.224	-7.50797245097042	10.1827310061602	10.3936687200548	0.210937713894593	544.2545	726.541	33.4928787910803
GB000254	612.6155	605.3455	-1.18671499496829	10.4795277207392	10.6676016427105	0.188073921971252	537.926	736.6455	36.9417912500976
GB000255	608.976	603.666	-0.87195554504612	10.6087091033539	10.8533880903491	0.24467898699521	535.3915	739.0035	38.0304879700182
GB000256	631.793	587.8665	-6.95267278998027	10.237485284052	10.3890924024641	0.151607118412047	544.0935	728.852	33.9571231782773
GB000257	593.6145	591.9655	-0.277789710325453	10.6361026694045	10.5725694729637	-0.0635331964407939	539.0605	743.3585	37.8989000307016
GB000258	581.6075	557.0585	-4.22088779804249	10.5961697467488	10.7848911704312	0.188721423682409	549.052	750.414	36.6744862053139
GB000260	653.835	642.848	-1.68039337141635	10.0343230663929	10.4058206707734	0.371497604380561	539.0375	715.508219178082	32.7381154702747
GB000261	649.9975	617.245	-5.03886553409822	10.0669938398357	10.374128678987	0.307134839151267	539.416	716.088	32.7524582140686
GB000262	637.151	604.6755	-5.09698642864878	10.3533661875428	10.6592717316906	0.305905544147844	535.885	726.4705	35.5646267389459
GB000263	638.9135	624.402	-2.27127772382333	10.1279822039699	10.496392881588	0.368410677618069	533.409	719.574095890411	34.9010038995238
GB000264	668.785	631.8545	-5.52202875363533	10.4496180698152	10.9883080082136	0.538689938398358	537.3745	726.131479452055	35.1257790334403
GB000265	662.479	640.937	-3.25172571507927	9.91196167008898	10.3347597535934	0.42279808350445	541.9905	715.023691780822	31.9255027128376
GB000266	663.3895	652.715	-1.60908485889513	10.0829144421629	10.4196303901437	0.336715947980835	533.2975	714.672753424658	34.0101450737454
GB000267	670.5075	626.845	-6.51185855490057	10.346180698152	10.873871321013	0.527690622861053	544.1355	725.304	33.2947400050171
GB000268	618.5295	598.251	-3.27850167211103	10.2918001368925	10.4860725530459	0.194272416153321	541.12	723.7405	33.7486139858072
GB000269	648.638	616.6665	-4.9290205014199	10.0252292950034	10.3383107460643	0.313081451060917	539.6935	715.698616438356	32.6120504394357
GB000270	639.3625	621.816	-2.74437427906703	10.1268514715948	10.4632991101985	0.336447638603698	537.308	718.349	33.6940823512771
GB000273	817.18	747.971	-8.46924790131918	10.045832991102	10.8032895277207	0.757456536618754	520.488	720.868	38.4984860361814
GB000274	658.9845	665.2105	0.944787016993554	10.6506913073238	11.1675975359343	0.516906228610541	525.7445	736.9445	40.1716042678525
GB000275	812.494	727.851	-10.4176769305373	9.69786995208761	10.1659425051335	0.468072553045859	530.349	703.659835616438	32.6786390879286
GB000279	927.421	841.1435	-9.30294871476924	10.1697508555784	10.2834661190965	0.113715263518138	525.7505	733.516	39.5178891888833
GB000280	707.858	687.3145	-2.90220637472486	10.477440109514	11.0443093771389	0.566869267624915	524.8525	736.481	40.3215189029299
GB000281	719.879	677.3365	-5.90967370905388	9.96476796714579	10.3522108145106	0.387442847364818	536.901	711.078363013699	32.4412439190276
GB000282	844.3285	777.1605	-7.95519753271387	10.1457672826831	10.2640082135524	0.118240930869268	522.5885	743.391	42.2516951674214
GB000283	814.3355	744.216	-8.61064020910299	9.9858521560575	10.2597618069815	0.273909650924024	528.036	713.194	35.0654122067435
GB000284	655.131	651.9945	-0.478759209990074	10.2168993839836	10.6507008898015	0.433801505817932	528.0915	732.764318955942	38.7570750439919
GB000285	768.418	732.201	-4.71318995650804	9.88954277891855	10.2960342231348	0.406491444216289	531.873	713.488	34.1463093633255
GB000286	884.486	745.934	-15.6646911313464	9.59547707049966	10.1260479123888	0.530570841889116	528.692	699.875452054795	32.3786726590897
GB000287	711.9065	684.4765	-3.85303407118771	9.89811635865845	10.251158110883	0.353041752224502	530.1445	716.853539337282	35.2185185996049
GB000288	778.8865	740.8665	-4.88132738210253	10.3526461327858	10.3871676933607	0.0345215605749498	522.689	740.124	41.5993066622791
GB000289	793.617	722.9025	-8.91040640510474	9.93006844626968	10.4208268309377	0.490758384668036	535.8945	722.262	34.7769010504866
GB000290	836.8145	744.429	-11.0401409153403	10.1801765913758	10.3509267624914	0.170750171115673	522.2505	726.4735	39.1044144524515
GB000291	737.237	692.283	-6.09763210473701	10.1468268309377	10.4771882272416	0.330361396303902	534.3365	729.0565	36.4414558990449
GB000292	852.831	764.5855	-10.3473607314931	9.95882546201232	10.1569979466119	0.198172484599588	524.779	707.478	34.81446475564
GB000293	853.1045	735.95	-13.732725592234	10.1449760438056	10.6561300479124	0.511154004106775	520.657	737.8995	41.7246863097971
GB000294	746.326	704.3625	-5.6226769535029	9.90081451060917	10.3328473648186	0.432032854209446	528.1625	713.255404109589	35.0446887292432
GB000295	887.7295	753.6765	-15.1006584776106	9.67297056810404	10.147537303217	0.474566735112937	531.4775	698.4555	31.4176987737016
GB000296	862.2135	748.9535	-13.1359576253445	10.112219028063	10.6282600958248	0.516041067761808	516.7095	733.3015	41.9175571573582
GB000297	874.132	762.6065	-12.7584277889381	9.77684052019165	10.1123504449008	0.335509924709104	527.085	696.756	32.1904436665813
GB000298	790.5635	717.453	-9.24789722773692	9.93525119780972	10.326128678987	0.390877481177275	530.9165	707.176630136986	33.1992187353353
GB000299	692.045	651.266	-5.89253589000715	10.3637481177276	11.0029240246407	0.639175906913074	538.992	724.086	34.3407694362811
GB000300	694.8845	662.829	-4.6130687905688	10.4367323750856	10.826083504449	0.389351129363449	534.197	752.384	40.843920875632
GB000302	731.624	704.297	-3.73511530512941	10.2743463381246	10.8199192334018	0.545572895277209	523.161	721.237	37.8613849273933
GB000304	716.865	656.7685	-8.38323812712296	9.96280492813142	10.5169377138946	0.554132785763176	519.408	726.487322195483	39.8683351422164
GB000305	836.477	799.2975	-4.44477254006985	10.4600123203285	10.8761492128679	0.416136892539358	519.341	716.565	37.9758193556834
GB000307	943.9	836.376	-11.3914609598474	10.0332361396304	10.2046160164271	0.171379876796715	528.8285	727.477	37.563879405138
GB000308	660.159	689.4465	4.4364312233871	10.3041163586585	10.6190088980151	0.314892539356606	524.944	721.804209459459	37.5011828803567
GB000309	761.985	732.832	-3.82592833192255	10.2029596167009	10.300688569473	0.0977289527720746	527.9435	702.2975	33.0251248476399
GB000310	774.733	707.324	-8.70093309566005	9.88840520191649	10.4445133470226	0.556108145106093	536.472	716.6215	33.5804105340074
GB000311	650.47	649.57	-0.138361492459313	10.5244325804244	10.9581149897331	0.433682409308693	527.1035	731.2805	38.7356562800285
GB000312	843.8035	743.781	-11.8537669018912	9.86013141683778	10.1901451060917	0.330013689253935	539.0995	699.755561643836	29.8008181502367
GB000313	843.2395	746.6855	-11.4503649319084	9.74291854893908	10.2058220396988	0.462903490759754	534.413	706.2665	32.1574325474867
GB000314	658.4785	672.3585	2.10788962737585	10.1943394934976	10.5612703627652	0.366930869267625	526.0135	727.673753424658	38.3374672750143
GB000315	928.276	758.165	-18.3254764746692	9.48019849418207	10.096674880219	0.616476386036961	528.4265	697.639356164384	32.0220231506905
GB000316	749.9915	701.36	-6.48427348843286	10.00306091718	10.4100095824778	0.406948665297742	533.943	722.252756756757	35.2677639292503
GB000317	1001.335	838.616	-16.2502059750233	9.94811225188227	10.2294551676934	0.28134291581109	528.5625	716.7225	35.5984391628237
GB000318	733.736	686.538	-6.43255884950445	9.81659822039699	10.1410335386721	0.324435318275153	539.705	705.338643835616	30.689662655639
GB000319	798.6695	723.765	-9.37866038455206	9.76707597535934	10.3675838466804	0.600507871321012	532.8575	717.672	34.6836630806548
GB000321	875.856	756.9545	-13.5754621764308	9.39465297741273	9.89814099931554	0.503488021902806	528.9705	693.226089041096	31.0519374976669
GB000322	825.334	737.705	-10.6173985319883	9.48937577002053	10.0034250513347	0.514049281314168	530.4905	699.152184931507	31.7935354038398
GB000323	690.913	692.5075	0.230781588998894	9.78119780971937	10.1737015742642	0.392503764544832	534.6565	715.114944835246	33.7522212551884
GB000325	918.7495	798.262	-13.1142928513159	10.4692320328542	10.8057002053388	0.336468172484599	519.692	680.0625	30.8587586493538
GB000326	733.784	710.531	-3.16891619332119	10.6718179329227	10.7621177275838	0.0902997946611919	521.626	707.185	35.5731884530296
GB000327	739.0175	716.704	-3.01934663252225	10.3380396988364	10.6139466119097	0.275906913073237	527.0595	717.919574324324	36.2122444096585
GB000328	886.101	790.4555	-10.7939726961148	10.3005242984257	10.7704394250513	0.469915126625599	520.618	697.932	34.0583690921174
GB000330	793.39	777.225	-2.03745950919472	10.4399863107461	10.7387570157426	0.298770704996578	522.487	710.243760273973	35.9352022679938
GB000331	793.549	717.121	-9.63116329300396	10.4318631074606	10.597749486653	0.165886379192335	522.7575	684.1635	30.8758841336566
GB000332	752.004	718.3655	-4.47318099371812	10.21446954141	10.6115249828884	0.39705544147844	522.1475	716.189	37.1622003361119
GB000333	795.6765	743.655	-6.53802141950907	10.1113511293634	10.5964421629021	0.485091033538673	521.7625	711.503657534247	36.3654263260097
GB000334	713.4405	677.418	-5.04912462917369	10.3134633812457	10.8155400410678	0.502076659822039	525.79	726.481	38.1694212518306
GB000335	958.2615	816.0075	-14.8450083823674	10.2864394250513	10.8550198494182	0.568580424366873	521.1715	665.769418918919	27.7447862975851
GB000336	785.727	735.5565	-6.38523303895629	10.1447597535934	10.6059917864476	0.461232032854209	522.573	712.947643835616	36.430248756751
GB000338	915.648	799.938	-12.6369521912351	10.2303490759754	10.7129171800137	0.482568104038329	514.2015	688.094337837838	33.8180339493055
GB000339	833.5655	773.4055	-7.21718929106351	10.5625653661875	10.7406379192334	0.178072553045858	527.7125	695.869668918919	31.8652995558981
GB000341	909.6655	700.536	-22.9897143510444	10.2124845995893	10.6701957563313	0.457711156741958	524.4245	651.6255	24.2553503888548
GB000342	1454.611	1367.6365	-5.97922743606366	6.38335112936345	6.99675427789185	0.613403148528405	398.9065	503.903404109589	26.32118155748
GB000343	2210.968	1978.9585	-10.49357114169	6.1239780971937	6.96864476386037	0.844666666666667	385.3815	508.401623102555	31.9216472774522
GB000344	2274.4735	2086.131	-8.28070760112174	6.79630527036277	7.1767871321013	0.380481861738535	394.308	511.225247963717	29.6512492680131
GB000345	872.494	808.6315	-7.31953457559594	10.6696358658453	11.01281724846	0.343181382614647	519.675	660.576168918919	27.1133244660449
GB000346	882.967	810.8045	-8.17272899213674	10.6545160848734	10.9735427789185	0.319026694045174	519.1545	658.573628378378	26.8550360978049
GB000348	887.9105	801.557	-9.72547345706577	10.5055167693361	10.8938288843258	0.388312114989734	525.6355	695.4665	32.3096518404864
GB000349	873.649	802.604	-8.13198435527311	10.5273730321697	10.8663723477071	0.338999315537304	517.635	677.480817567568	30.8800250306814
GB000350	989.7275	815.3305	-17.6207087304334	10.5179452429843	10.5972265571526	0.0792813141683784	523.7535	705.096	34.6236349733224
GB000351	1002.7295	828.2315	-17.4023004210009	10.4249514031485	10.5109965776865	0.086045174537988	524.374	709.391	35.2834045929051
GB000352	875.527	789.964	-9.77274258817832	10.6789897330595	11.0017508555784	0.322761122518822	519.24	691.649	33.2041060010785
GB000353	879.2175	816.2005	-7.16739600838245	10.6060643394935	10.8608542094456	0.254789869952088	526.603	665.3505	26.3476470889836
GB000354	863.4025	766.2375	-11.253731602584	10.5903901437372	10.8404928131417	0.250102669404518	524.7635	723.854	37.9390906570293
GB000355	924.402	811.17	-12.249216250073	10.4301026694045	10.8773785078713	0.447275838466803	528.16	666.598560810811	26.2114815227981
GB000356	854.8805	778.405	-8.94575323685591	10.4876536618754	10.8411430527036	0.3534893908282	524.775	718.238	36.8658949073413
GB000357	958.569	777.784	-18.8598838476938	10.6595099247091	11.1430499657769	0.483540041067762	512.151	689.3535	34.5996590849183
GB000358	947.066	817.448	-13.6862689611917	10.4775003422313	10.5085653661875	0.0310650239561951	524.5115	716.9445	36.6880421115648
GB000359	1040.5425	797.1255	-23.3932780256453	10.2710417522245	10.7961587953457	0.525117043121151	535.6225	684.718	27.8359292225401
GB000360	880.2735	761.7	-13.4700749255771	10.539054072553	10.7201957563313	0.181141683778234	525.4285	734.107	39.7158699994386
GB000361	979.185	833.991	-14.82804577276	10.3098453114305	10.4440109514031	0.134165639972622	525.239	718.865	36.864360795752
GB000362	899.112	780.3535	-13.2084211978041	10.7191403148528	11.0467214236824	0.32758110882957	510.998	692.895	35.596421121022
GB000363	883.86	806.645	-8.7361120539452	10.5929568788501	10.9228186173854	0.32986173853525	524.611	667.988689189189	27.3302864768732
GB000364	926.513	774.0555	-16.4549768864549	10.5889924709103	10.8675414099932	0.278548939082819	532.345	682.6605	28.2364819806704
GB000365	939.4765	777.681	-17.2218783545943	10.7361505817933	10.6459849418207	-0.0901656399726214	540.76	723.479	33.7892965456025
GB000366	848.209	779.149	-8.14186126296704	10.3058685831622	10.4119972621492	0.106128678986995	531.348	723.8255	36.2243764914896
GB000367	997.2455	794.2745	-20.3531627868965	10.3115044490075	10.5992046543463	0.287700205338808	526.619	696.8475	32.3247926869331
GB000368	961.095	809.7595	-15.746154126283	10.2500465434634	10.4011663244353	0.151119780971936	521.1165	710.0315	36.251970528663
GB000369	892.294	798.83	-10.4745745236436	10.3151498973306	10.4239411362081	0.108791238877481	526.6655	718.5985	36.4430554118316
GB000370	924.486	758.4755	-17.9570593821864	10.536893908282	10.7918179329227	0.254924024640658	532.871	707.3165	32.7369100589073
GB000371	914.2715	805.9885	-11.843637256548	10.224514715948	10.3417152635181	0.117200547570157	524.587	716.279	36.5415078909695
GB000372	852.8795	755.674	-11.3973310414895	10.7797713894593	11.1882559890486	0.408484599589324	529.387	668.4525	26.2691565905472
GB000373	852.4065	781.56	-8.31135145027636	10.1680095824778	10.3453018480493	0.177292265571527	530.344	722.662	36.2628784336205
GB000376	810.354	765.1065	-5.58367084015135	10.1201451060917	10.140340862423	0.0201957563312796	528.95	706.0315	33.4779279705076
GB000377	939.9265	801.682	-14.7080117434714	10.1541108829569	10.0682833675565	-0.0858275154004104	533.407	703.852	31.9540238504557
GB000378	928.6105	790.4585	-14.8772817020699	10.4705735797399	10.3651348391513	-0.105438740588637	536.439	701.9855	30.8602655660755
GB000379	897.7015	782.9035	-12.7879924451502	10.095582477755	10.0960971937029	0.000514715947980804	532.333	704.5885	32.3585988469624
GB000380	912.287	778.5525	-14.659257448588	10.4107748117728	10.2696783025325	-0.141096509240247	532.6355	700.086	31.4381035436053
GB000381	834.7045	767.0165	-8.10921709419323	10.0462026009582	10.1046543463381	0.0584517453798767	525.317	702.9785	33.8198649577303
GB000382	808.9315	767.769	-5.08850254935058	10.0915126625599	10.1007214236824	0.00920876112251889	527.6735	700.3685	32.7276241842731
GB000383	930.3295	807.0905	-13.2468120166027	10.4866036960986	10.3528281998631	-0.133775496235454	539.8025	711.6145	31.8286780813353
GB000384	883.378	781.3715	-11.5473217580696	10.2494099931554	10.2184490075291	-0.0309609856262831	532.699	712.7495	33.7996692315923
GB000385	1077.422	785.869	-27.060241947909	10.3716153319644	10.4816673511294	0.110052019164955	543.5805	672.026	23.6295268134159
GB000386	1045.857	784.238	-25.0147964779124	10.4177535934292	10.5134277891855	0.095674195756331	547.4825	680.964	24.3809619485555
GB000387	1185.335	794.902	-32.9386207274737	9.92130595482546	10.1981409993155	0.276835044490076	541.734	681.754972972973	25.8468128219704
GB000389	1009.089	794.6855	-21.2472338911632	10.465832991102	10.4191266255989	-0.0467063655030806	533.2815	674.833	26.5434859450403
GB000390	1348.5115	1159.011	-14.0525683318237	9.59428062970568	9.84729363449692	0.253013004791239	532.151	624.2945	17.3152920881479
GB000391	1033.8655	978.816	-5.32462878391823	10.149620807666	10.3403600273785	0.190739219712524	533.524	649.6635	21.7683740562749
GB000392	1111.015	878.4875	-20.9292853831856	10.2370759753593	10.2693086926762	0.0322327173169068	537.564	665.903	23.8741805626865
GB000393	1046.8945	950.443	-9.2131060006524	10.2188514715948	10.3682313483915	0.149379876796715	536.7865	652.6295	21.5808333480816
GB000394	1503.4275	1230.1235	-18.1787282725638	9.19091854893908	9.55439151266256	0.363472963723478	528.434	612.83275	15.9714836668345
GB000395	932.957	1040.882	11.5680572630893	10.3655989048597	10.4588774811773	0.0932785763175907	539.868	634.0245	17.4406521594167
GB000398	1712.218	1149.117	-32.8872258088631	9.97235592060233	10.4538672142368	0.481511293634497	537.5795	625.173243243243	16.294100359713
GB000400	1275.326	1111.966	-12.8092738640944	10.270264202601	10.4602067077344	0.189942505133471	531.503	595.435	12.0285304128105
GB000401	1528.7335	1194.4645	-21.8657470383163	10.1833004791239	10.4840082135524	0.300707734428473	531.851	588.235	10.6014654480296
GB000402	1275.7085	1126.301	-11.7117272480351	10.3318685831622	10.4981232032854	0.166254620123203	535.0705	590.3495	10.3311619683761
GB000404	1407.1755	1114.114	-20.8262224576821	10.5923983572895	10.8865653661875	0.294167008898016	546.037	604.743815068493	10.7514353548373
GB000406	1802.2415	1313.5835	-27.1139023266305	9.29292128678987	9.58231211498973	0.289390828199863	514.939	578.1825	12.2817459932147
GB000407	1174.494	1111.81	-5.33710687325778	10.1719219712526	10.3550362765229	0.183114305270362	526.6115	602.093675675676	14.3335600676544
GB000408	1255.885	1095.1105	-12.8016896451506	10.5971211498973	10.9592758384668	0.362154688569472	530.5695	573.241335616438	8.04264768638952
GB000409	1498.566	1327.549	-11.4120432466772	9.96414236824093	10.2841204654346	0.319978097193705	528.9775	567.184600796001	7.22282153702217
GB000411	1508.9875	1280.716	-15.127461294411	10.0936837782341	10.4561560574949	0.36247227926078	529.1935	575.377569418734	8.72725561042108
GB000412	1382.0805	1252.5275	-9.37376657871955	10.2441423682409	10.4919986310746	0.247856262833675	524.7835	569.547619677897	8.53001660263652
GB000414	1044.326	1019.881	-2.34074417375418	10.9041163586585	11.1734729637235	0.269356605065024	529.3995	573.761857922991	8.37975062745459
GB000415	1202.8955	1114.0995	-7.38185486602951	10.0088569472964	10.1249295003422	0.116072553045859	530.983	615.039	15.8302619857886
GB000416	1248.159	1071.092	-14.1862535141757	10.1875208761123	10.3243353867214	0.136814510609172	530.8745	603.053	13.5961512560878
GB000417	1378.889	1162.4775	-15.6946280665086	9.81790417522245	9.90734702258727	0.0894428473648183	528.5535	610.365	15.4783763611441
GB000418	1285.7425	1153.678	-10.2714579318954	9.73311156741958	9.97433675564682	0.241225188227242	521.842	602.0715	15.3742895359132
GB000419	1260.3085	1101.6265	-12.590726794273	10.1050691307324	10.3063750855578	0.201305954825463	524.598	602.191486486486	14.791037420365
GB000420	1563.351	1237.1635	-20.864636284494	9.24757700205339	9.66847775496236	0.420900752908967	506.7935	585.684828767123	15.5667601828207
GB000422	1008.1425	1024.4375	1.61633896001806	10.1510581793292	10.1682395619439	0.0171813826146483	523.175	653.7745	24.9628709322884
GB000423	978.8275	844.8815	-13.6843315088716	10.4787967145791	10.4099958932238	-0.0688008213552358	533.956	679.907	27.3339001715497
GB000424	1045.662	1014.217	-3.00718587841961	10.174553045859	10.1495770020534	-0.0249760438056139	536.945	644.064	19.9497155202116
GB000425	940.508	777.361	-17.3466892360299	10.4564531143053	10.2806105407255	-0.17584257357974	535.2475	695.2915	29.9009336802134
GB000426	961.2555	802.0765	-16.5594891264601	10.5988788501027	10.301446954141	-0.297431895961671	530.254	686.3995	29.4473026134645
GB000427	1040.125	827.3435	-20.4573008051917	10.1233127994524	10.0398494182067	-0.0834633812457213	533.173	692.627	29.9066156763377
GB000428	921.546	791.9615	-14.0616420667009	10.3605270362765	10.1039685147159	-0.256558521560574	534.0535	700.519	31.170191750452
GB000429	783.4835	761.868	-2.75889664555795	10.7806995208761	10.3780095824778	-0.402689938398357	538.3645	711.9265	32.2387527409404
GB000430	995.4035	857.426	-13.8614642202886	10.3537056810404	10.4184900752909	0.0647843942505144	534.831	687.64	28.5714552821358
GB000432	1008.8275	808.8355	-19.8242018580977	10.1894510609172	10.1491704312115	-0.0402806297056824	530.3975	697.8005	31.5618003478523
GB000433	874.16	810.2935	-7.3060423721058	10.4429103353867	10.3579425051335	-0.0849678302532499	532.89	700.792	31.5078158719436
GB000434	1009.802	801.547	-20.6233499240445	10.0981451060917	10.0715838466804	-0.0265612594113609	531.356	698.1875	31.3973117834371
GB000435	859.8645	770.3245	-10.4132686022042	10.1513004791239	10.2649103353867	0.113609856262833	535.384	699.1335	30.5854302706095
GB000436	1046.1665	815.948	-22.0059139725847	10.1333237508556	10.0460082135524	-0.0873155373032155	529.2645	694.468	31.2137881909707
GB000437	802.7825	750.616	-6.49821091017804	10.2318891170431	10.2776002737851	0.0457111567419588	526.275	699.471342465753	32.9098555823008
GB000438	894.3765	809.1885	-9.52484775706875	10.2320588637919	10.2440191649555	0.0119603011635867	528.2875	698.583	32.2353831957031
GB000439	876.7865	771.1365	-12.0496837029311	10.257446954141	10.2572032854209	-0.000243668720054657	531.227	702.6255	32.2646439281136
GB000440	877.8695	772.274	-12.0286101749748	10.2538850102669	10.2534702258727	-0.000414784394250134	531.1815	702.447	32.2423691337142
GB000441	902.095	795.652	-11.7995333085761	10.0427310061602	10.1635961670089	0.120865160848734	537.6615	695.5665	29.3688501036433
GB000442	936.0915	788.9755	-15.7159850292413	10.0686694045175	10.2023080082136	0.133638603696099	536.178	698.969	30.361372529272
GB000446	697.5475	672.127	-3.64426795307846	9.95881177275838	10.1442984257358	0.185486652977414	530.37	698.335426786375	31.6694810766777
GB000448	733.4535	690.041	-5.91891646846051	10.0198453114305	10.1696865160849	0.149841204654345	531.3635	698.830432154757	31.5164538314652
GB000449	890.6035	884.573	-0.677125117967756	9.2506379192334	9.35025872689938	0.0996208076659819	511.6175	665.6235	30.1017850249454
GB000450	723.2605	711.326	-1.65009702589868	10.14353045859	10.2411019849418	0.097571526351814	526.3865	702.630588208071	33.4818784691612
GB000451	719.2305	693.5075	-3.57646123183042	9.92218617385353	9.83449144421629	-0.087694729637235	521.2165	673.7595	29.266725055711
GB000452	699.304	690.2535	-1.29421539130334	10.293665982204	10.3956331279945	0.101967145790553	532.4465	710.791002406516	33.4952905891045
GB000453	720.4675	689.757	-4.2625795056682	9.9410417522245	9.77292676249144	-0.168114989733059	523.139	677.104	29.4309925277985
GB000454	745.4005	731.421	-1.87543474950713	10.3010800821355	10.4317973990418	0.130717316906228	531.2705	711.531390410959	33.9301524197107
GB000455	798.0655	848.013	6.25857150822833	9.46248733744011	9.35822450376454	-0.104262833675564	509.778	665.926534246575	30.6306930166809
GB000456	680.624	652.735	-4.09756341239804	9.86487748117728	10.0658042436687	0.200926762491445	527.6475	706.982822473158	33.9877138569136
GB000457	770.72	751.5745	-2.48410577122692	9.87648733744011	9.74160985626283	-0.134877481177275	519.1245	675.443	30.1119480972291
GB000459	720.895	699.281	-2.99821749353233	9.96679123887748	9.97810266940452	0.0113114305270354	524.3985	683.923130136986	30.4204970336464
GB000460	1317.7925	1449.972	10.0303727635421	8.62749075975359	8.82617385352498	0.19868309377139	486.057	619.8005	27.516011496594
GB000461	911.9065	775.2345	-14.9875014598536	9.74543326488706	10.1675058179329	0.42207255304586	527.421	698.327	32.404094641662
GB000462	1410.725	1306.7155	-7.37276932073933	8.79943052703628	8.7754674880219	-0.0239630390143741	499.961	627.9445	25.5986966983425
GB000463	872.375	849.394	-2.63430290872618	9.36250787132101	9.47382340862423	0.111315537303218	514.3845	671.441	30.5328990278673
GB000465	763.338	713.5365	-6.52417408801868	9.86285284052019	10.0694332648871	0.206580424366871	525.7145	697.423760273973	32.6620742387689
GB000466	740.77	718.157	-3.05263442094038	9.9756810403833	10.2557262149213	0.280045174537989	514.4265	708.458856164384	37.7181883445708
GB000467	1359.108	1250.6745	-7.97828428645846	8.58667077344285	8.53682272416153	-0.049848049281314	495.8725	622.645	25.5655435621052
GB000468	775.057	731.6715	-5.59771732917708	9.68783436002738	9.74532238193019	0.057488021902806	518.5425	657.177278693077	26.7354708038544
GB000469	648.616	669.548	3.2271791013481	10.0790485968515	10.2248829568789	0.145834360027379	527.669	721.039094224361	36.6460971223175
GB000470	663.2575	653.443	-1.47974203081005	10.0336837782341	10.1800424366872	0.146358658453114	526.112	714.431059977786	35.7944810188298
GB000471	740.8825	685.4115	-7.48715214625801	9.90530458590007	9.87791649555099	-0.027388090349076	521.7755	673.546736486486	29.0874593549307
GB000474	759.217	750.483	-1.15039573666027	9.76178507871321	9.9154264202601	0.153641341546885	517.937	684.194142817475	32.0998775560493
GB000475	1699.754	1524.0915	-10.3345837103487	8.57066255989049	8.76817659137577	0.197514031485284	493.69	612.3395	24.0331989710142
GB000477	708.9755	704.313	-0.657639086258978	10.2262026009582	10.319099247091	0.092896646132786	528.844	706.501277674935	33.593512959386
GB000481	1055.545	1051.853	-0.34977191877182	8.91092539356605	9.2845735797399	0.373648186173853	510.825	649.9975	27.2446532569863
GB000482	1083.5325	1067.3585	-1.49271018635807	8.90213552361396	9.0749144421629	0.172778918548939	507.3785	645.7755	27.2768751533618
GB000483	1155.4365	1297.1765	12.2672254165417	8.75263244353183	8.82845448323066	0.0758220396988349	498.2245	627.556	25.9584785573572
GB000484	774.157	724.1715	-6.45676522979188	9.87699657768652	10.1158754277892	0.238878850102671	531.1115	699.160438356164	31.6409903299334
GB000485	954.469	929.6155	-2.60390856067614	9.29609171800137	9.4817029431896	0.185611225188227	515.357	665.6625	29.1653164699422
GB000487	1041.398	1153.0385	10.7202529676454	9.37042984257358	9.36877070499658	-0.00165913757700231	495.903	637.981	28.6503610585135
GB000488	1720.6415	1577.071	-8.3440100683379	8.36756057494867	8.49917453798768	0.131613963039014	494.3385	602.403	21.8604255990581
GB000489	1038.669	927.28	-10.7242056901669	9.40720876112252	9.6502559890486	0.243047227926079	512.8425	665.289	29.7257930066248
GB000491	1451.652	1253.072	-13.6795871186758	8.94521834360027	9.08625051334702	0.141032169746749	500.697	620.698	23.9667902943297
GB000492	1566.86	1143.472	-27.0214313978275	8.97284325804244	9.33297193702943	0.360128678986996	508.4125	630.3715	23.9881985592408
GB000494	1318.169	1172.795	-11.0284796562505	8.22808350444901	8.77193429158111	0.543850787132103	505.2395	621.8025	23.0708406607163
GB000495	1356.9835	1387.3115	2.23495716786536	8.70751676933607	8.9308090349076	0.223292265571526	507.7285	611.609	20.4598520666065
GB000499	1857.8595	1305.986	-29.7048027582279	8.66757973990418	8.85506228610541	0.187482546201233	502.003	602.552	20.0295615763252
GB000500	1540.483	1107.65	-28.0972266490445	9.5459794661191	9.74125804243669	0.195278576317591	521.955	637.9695	22.226916113458
GB000501	1510.6705	1052.9125	-30.3016442036831	10.3120889801506	10.240925393566	-0.0711635865845324	533.796	638.359	19.5885694160316
GB000506	1459.6255	1077.4085	-26.1859634543244	10.4351731690623	10.1596796714579	-0.275493497604382	537.411	627.721	16.8046430013528
GB000510	1629.3105	1271	-21.9915418209114	9.45514031485284	9.54716769336071	0.0920273785078702	511.1585	589.316	15.29026710893
GB000511	1500.4655	1076.021	-28.28752143918	10.1909541409993	10.3376112251882	0.146657084188913	529.2905	563.9375	6.54593271558814
GB000512	1568.968	1371.923	-12.5588922145002	9.30196303901437	9.37534702258727	0.073383983572894	500.7345	612.186	22.2576035803405
GB000514	1618.838	1314.562	-18.7959511699132	9.43612867898699	9.46554414784394	0.0294154688569481	505.692	598.036	18.260917712758
GB000515	1604.351	1405.5355	-12.3922695220684	8.97799726214921	9.15084599589322	0.172848733744011	499.682	587.606	17.595991050308
GB000517	1381.6675	1584.9995	14.7164205570443	6.8220643394935	7.42304722792608	0.600982888432581	400.5825	533.441038411699	33.1663361259414
GB000518	1325.538	1033.769	-22.0113644422114	10.3156276522929	10.6104654346338	0.294837782340863	530.5105	567.09222972973	6.89557129024398
GB000519	1545.846	1085.1525	-29.8020307326862	10.0416249144422	10.2883134839151	0.246688569472964	529.993	563.494344594595	6.32109190019388
GB000520	1434.1735	1218.1185	-15.0647742410524	9.57268583162218	9.65299247091034	0.0803066392881586	506.8585	581.2135	14.6697747004342
GB000521	1536.5545	1494.7435	-2.72108799264848	9.13686242299795	9.11271731690623	-0.0241451060917175	491.055	595.6945	21.3091201596562
GB000523	1927.482	1564.9285	-18.8096957585077	8.92216153319644	8.83862696783025	-0.0835345653661879	489.525	604.9185	23.5725448138502
GB000525	1588.8325	1475.668	-7.12249403256793	9.12989596167009	9.14371937029432	0.0138234086242299	481.4515	590.531219178082	22.6564293969553
GB000530	2084.797	1581.8325	-24.1253464965654	8.93521013004791	9.44908692676249	0.51387679671458	499.1305	568.01998630137	13.8018987622215
GB000532	954.268	1002.9455	5.10103031852687	9.17000821355236	9.06995208761123	-0.100056125941135	492.924	626.410003054424	27.0804430407983
GB000533	893.7665	883.6655	-1.13016095367189	9.12844353182752	9.34718412046544	0.218740588637919	507.0595	623.549739540911	22.973682485174
GB000534	1183.0035	1370.7675	15.8718042676966	8.70594661190965	8.83997125256674	0.134024640657085	495.902	596.626667623103	20.3114058066115
GB000535	2183.0345	1927.8415	-11.6898289972055	8.41720465434634	8.4130636550308	-0.00414099931553835	485.686	579.667650684931	19.3502902461532
GB000537	1291.2365	1117.81	-13.4310407117519	8.17071321013005	8.63656262833676	0.465849418206709	495.931	627.312131155128	26.4918166347995
GB000539	955.2815	949.1465	-0.642219073644783	9.00227378507871	8.99407939767283	-0.00819438740588652	505.2295	633.006195945946	25.2908224769032
GB000540	2182.2675	1884.167	-13.6601264510423	7.94620807665982	7.83863244353183	-0.107575633127994	482.7015	567.015154490107	17.4670380121269
GB000542	2171.0695	1773.204	-18.3257836748202	8.21209993155373	8.2350431211499	0.022943189596166	493.3305	582.839575342466	18.1438356927994
GB000543	893.7615	839.874	-6.02929304965586	9.43841615331964	9.40653661875428	-0.0318795345653662	514.5045	653.91027027027	27.0951508238063
GB000545	746.3355	723.9875	-2.99436379483489	9.91815605749487	9.95667898699521	0.038522929500342	518.045	662.444297297297	27.8738907425604
GB000546	864.12	857.3335	-0.785365458501152	9.47773990417522	9.62905407255305	0.151314168377823	505.9895	638.7475	26.2373033432512
GB000547	757.4095	752.421	-0.658626542180938	9.88815331964408	9.90673237508556	0.018579055441478	510.09	652.648384116994	27.9476923909494
GB000548	737.9105	708.2155	-4.02420076689516	9.88806023271732	9.87275838466804	-0.0153018480492815	521.383	667.174493243243	27.9624562448801
GB000549	737.119	739.1015	0.268952502920163	10.0515578370979	10.016212183436	-0.0353456536618744	515.1695	662.860222972973	28.6683747723755
GB000552	965.7645	1004.603	4.02152905806748	9.1901697467488	9.11674743326489	-0.0734223134839151	493.539	618.097732876712	25.237870335822
GB000557	921.4245	841.668	-8.65578243252703	9.94078302532512	10.1093045859001	0.168521560574948	520.1945	641.488797297297	23.3171049092786
GB000558	889.2305	809.269	-8.99221293016828	10.048733744011	10.1396837782341	0.0909500342231357	520.1205	636.976087837838	22.4670221300329
GB000559	1065.2795	1001.9065	-5.94895518030714	9.4963613963039	9.68465297741273	0.188291581108828	502.682	626.302212328767	24.5921302789372
GB000561	1283.8995	1235.7625	-3.749280999019	5.48853798767967	6.18548665297741	0.696948665297741	391.368	506.934831728989	29.5289425116487
GB000562	1135.77	1065.06	-6.22573232256531	6.15069130732375	6.75478165639973	0.604090349075975	399.0085	522.111876712329	30.8523193647074
GB000563	912.62	764.7835	-16.1991299774276	7.56018069815195	7.93455167693361	0.374370978781656	425.1865	545.037	28.1877481999076
GB000564	940.6445	855.659	-9.03481602241867	6.87068309377139	7.3490212183436	0.478338124572211	407.8175	543.32	33.2262592949052
GB000565	1050.099	845.8205	-19.4532610734797	6.65590965092402	7.24011635865845	0.584206707734428	416.1465	538.93295779341	29.5055846422858
GB000568	1378.3095	1323.0805	-4.00701003657015	8.58072142368241	8.64052292950034	0.0598015058179335	484.4135	583.4835	20.4515357230961
GB000569	1666.7295	1322.287	-20.665770900437	8.57524572210814	8.87087063655031	0.295624914442163	492.707	592.1675	20.1865408853538
GB000570	1228.552	1147.25	-6.61770930330992	9.15460095824777	9.41382477754962	0.259223819301848	499.129	612.310924657534	22.6758863254859
GB000571	1294.3315	1208.1205	-6.66065841710567	9.20696372347707	9.32661327857632	0.119649555099247	498.6185	605.536055442429	21.4427574272572
GB000572	1584.7755	1428.7645	-9.84435965851314	8.2800219028063	8.26806570841889	-0.0119561943874054	472.8955	581.571108108108	22.980892841676
GB000573	1805.3905	1504.029	-16.6923167037824	7.95679534565366	8.02658863791923	0.0697932922655724	469.7145	584.602358108108	24.4590827211227
GB000574	1413.536	1257.569	-11.0338187354266	8.91682819986311	9.11021081451061	0.193382614647501	497.869	599.765468530174	20.4665220228964
GB000575	1338.4265	1386.2815	3.57546716237313	8.59446406570842	8.48091307323751	-0.113550992470911	486.2	580.740310810811	19.4447369006193
GB000576	1244.231	1223.846	-1.63836136537347	9.25024914442163	9.40580971937029	0.155560574948666	487.0425	597.414527674935	22.6616830512605
GB000577	1786.826	1486.7645	-16.7929893565462	7.93789596167009	7.99885694729637	0.0609609856262834	468.506	584.374817567568	24.731554679677
GB000578	1849.1155	1577.627	-14.6820736725207	8.48197535934292	8.3435947980835	-0.138380561259412	476.151	597.212175675676	25.4249546206299
GB000579	2182.695	1689.7905	-22.5823809556535	7.87450513347023	7.8301711156742	-0.0443340177960305	471.8805	580.924236486487	23.1083370655254
GB000581	1722.651	1527.4895	-11.3291374747409	8.50303901437372	8.44245585215606	-0.0605831622176591	477.378	599.183243243243	25.5154706004975
GB000583	1155.291	1249.3835	8.14448480945493	9.42417111567419	9.45478302532512	0.0306119096509256	500.9325	619.206745006993	23.6108148317375
GB000590	1166.133	1329.0115	13.9674033750867	8.77384941820671	8.57701984941821	-0.196829568788502	476.3425	606.652986486486	27.3564686095586
GB000592	1219.6045	1218.6205	-0.0806818931874984	8.11358247775496	7.94615468856947	-0.167427789185489	462.481	583.383175675676	26.1420849020123
GB000594	1147.6405	1148.7615	0.0976786720231723	8.28313483915127	8.0982765229295	-0.184858316221765	477.4865	608.9785	27.5383701947594
GB000595	1381.3385	1145.1645	-17.0974746595422	7.76635044490075	7.87266255989049	0.106312114989733	488.9245	602.228716216216	23.1741743799332
GB000596	1607.1105	1311.756	-18.377983343398	7.48681724845996	7.58764134154689	0.100824093086927	447.9875	563.738209459459	25.8379328573809
GB000597	1651.404	1518.5745	-8.04342850083927	7.87761122518823	7.70127310061602	-0.176338124572211	464.421	583.9125	25.7291336955047
GB000598	1459.2085	1336.992	-8.37553372256261	7.95099383983573	7.72694045174538	-0.22405338809035	465.3735	597.0975	28.3050066237119
GB000599	1301.958	1341.2655	3.01910660712557	8.770765229295	8.39476249144422	-0.376002737850786	480.516	607.777	26.4842377777223
GB000600	1491.511	1507.4325	1.06747452750936	8.21421081451061	7.95527994524298	-0.258930869267625	462.6245	589.1085	27.3405321162195
GB000601	1618.7825	1536.306	-5.09497106621797	8.08824640657084	7.91781108829569	-0.170435318275155	463.146	587.541	26.8587011439157
GB000602	1760.0585	1625.69	-7.63432010924636	7.40277344284736	7.1755112936345	-0.227262149212867	440.083	561.8115	27.6603504338954
GB000603	1611.9875	1571.139	-2.5340457044487	7.79142778918549	7.60518138261465	-0.186246406570842	444.841	575.0115	29.2622532545336
GB000604	1674.185	1532.4555	-8.46558176067758	7.56761943874059	7.40065160848734	-0.166967830253251	437.2235	558.8165	27.8102617997432
GB000605	1836.893	1597.522	-13.0312979580193	7.66644900752909	7.7361492128679	0.0697002053388092	457.7975	583.5075	27.4597392952124
GB000606	1636.208	1552.013	-5.14573941699345	8.3258521560575	8.05179603011636	-0.274056125941136	463.058	595.513	28.6044080871079
GB000607	1638.5505	1574.8755	-3.88605660917989	7.5724476386037	7.39834633812457	-0.174101300479125	439.351	565.153	28.6335981936993
GB000608	1516.032	1480.8955	-2.31766216016547	8.73865845311431	8.44564407939767	-0.293014373716634	475.791	606.0495	27.3772517765153
GB000614	1151.268	1001.412	-13.0166043006494	5.65963723477071	6.114681724846	0.455044490075291	389.4865	522.774	34.2213401491451
GB000617	1059.5265	1070.9135	1.07472536080977	6.06478028747433	6.63490896646133	0.570128678986995	398.151	529.21352739726	32.9177943537151
GB000618	1049.6115	945.309	-9.93724821040928	6.12625188227242	6.31133059548255	0.18507871321013	386.914	526.810047297297	36.1568842940026
GB000619	1383.219	1259.8505	-8.91894197520422	5.20929226557153	5.62386721423682	0.414574948665298	375.6175	505.569541558682	34.5969081735228
GB000621	1630.8985	1191.918	-26.9164819269869	8.67375222450377	8.97430527036276	0.300553045858999	480.579	566.946616438356	17.971575212058
GB000624	2000.396	1456.541	-27.1873669013535	8.55255030800821	8.49445311430527	-0.0580971937029418	469.349	595.653417808219	26.9105543653484
GB000625	1461.5025	1226.8235	-16.0573793065698	8.4545954825462	8.57619301848049	0.121597535934292	456.1515	561.932756756757	23.1899394733453
GB000626	1658.4205	1222.03	-26.3136219071098	8.48097741273101	8.74819438740589	0.267216974674881	462.3825	562.4575	21.6433364151974
GB000627	1443.6005	1343.9985	-6.8995542741915	7.8024052019165	7.737659137577	-0.0647460643394933	445.4265	569.0275	27.7489103140473
GB000628	1379.5585	1354.89	-1.78814454044537	7.99240109514032	8.01750171115674	0.0251006160164264	447.246	574.4175	28.4343515649106
GB000629	1330.755	1278.5435	-3.9234494704134	8.19877891854894	8.2111485284052	0.0123696098562629	451.0585	573.7735	27.206005429451
GB000630	1435.6195	1187.3095	-17.2963657849451	8.8569787816564	9.17913210130048	0.322153319644078	458.594	574.4585	25.265158288159
GB000632	1458.9485	1264.7065	-13.3138352724582	8.06556331279945	8.17174811772758	0.10618480492813	450.9875	571.9495	26.8215859641342
GB000633	1324.9225	1196.549	-9.68913276059544	8.47177686516085	8.5694250513347	0.0976481861738545	452.674	576.097	27.2653167621732
GB000635	1361.839	1369.005	0.526200233654635	7.39392607802875	7.27906639288159	-0.114859685147159	440.9365	569.7895	29.2225751327005
GB000637	1341.678	1180.3485	-12.0244574331546	8.24032991101985	8.45091307323751	0.210583162217659	455.592	588.3995	29.1505338109537
GB000638	1320.666	1152.9305	-12.7008267041023	7.68216153319644	7.93899383983573	0.256832306639288	446.507	587.6935	31.6202209595819
GB000641	1394.2505	1205.8265	-13.514357714055	7.95375770020534	8.08278439425051	0.129026694045175	450.3505	582.4535	29.3333747825305
GB000642	1195.434	1072.648	-10.2712487682298	8.48508008213552	8.74750718685832	0.262427104722793	454.2715	605.7455	33.3443766558105
GB000644	1334.945	1332.736	-0.165474982115373	7.46946201232033	7.36451471594798	-0.104947296372348	441.48	572.5055	29.6786943915919
GB000645	1067.45	1031.8525	-3.3348166190454	8.43685694729637	8.65630800821355	0.21945106091718	457.0525	606.046	32.5987714759246
GB000646	1729.703	1321.4875	-23.6003232924959	7.68624914442163	8.56662559890486	0.880376454483231	448.2785	586.957	30.9357910316912
GB000647	1451.314	1497.267	3.16630308809811	7.43649144421629	7.26290212183436	-0.173589322381931	442.489	565.084575342466	27.7059035009832
GB000648	1629.9895	1377.797	-15.4720321818024	8.19652429842574	8.92139767282683	0.724873374401096	453.9095	587.127082654572	29.34893027235
GB000649	1508.302	1213.3525	-19.5550692102775	8.21696509240246	8.60849691991787	0.391531827515401	452.1075	582.9545	28.9415681005071
GB000651	1644.2585	1486.026	-9.6233347736989	8.14067488021903	8.47130047912389	0.330625598904861	438.1205	579.246	32.2115719305533
GB000652	3094.949	2314.8695	-25.2049226013094	6.54143189596167	7.1733196440794	0.631887748117728	400.3345	531.647089071949	32.8007176678374
GB000653	2622.4855	2117.8345	-19.2432331847021	7.21772484599589	8.08992881587954	0.872203969883642	423.3765	557.1485	31.5964631952884
GB000654	1890.0705	1467.59	-22.3526318198184	8.45336618754278	8.83287474332649	0.37950855578371	465.288	533.242810810811	14.6048921981248
GB000658	2806.6745	2129.1535	-24.1396357147934	7.38509514031485	8.19396303901437	0.808867898699521	426.812	540.5565	26.6497896029165
GB000660	979.385	832.0115	-15.0475553536148	7.29254346338125	7.58030937713895	0.2877659137577	428.982	537.8545	25.3792699926804
GB000661	962.65	796.6425	-17.2448449592271	7.47835865845311	7.7722559890486	0.293897330595483	433.727	541.631	24.8783220781736
GB000662	1019.388	860.023	-15.6333996476317	6.99443531827515	7.23681040383299	0.242375085557837	424.501	535.4685	26.1406922480748
GB000663	1097.3565	901.001	-17.8935013370769	6.15273921971253	6.69009719370294	0.537357973990417	406.364	531.094094594595	30.694179256675
GB000665	2680.4915	2200.4655	-17.9081336389241	6.81288569472964	7.1889568788501	0.376071184120466	392.8875	507.985360699741	29.2953735356154
GB000668	1153.528	988.135	-14.338013468247	7.50103627652293	7.69184257357974	0.19080629705681	408.729	486.075753424658	18.9237253595066
SE000014	845.669563458528	745.6875	-11.82282865303	6.69835897622765	6.61028610540726	-0.0880728708203966	830.500765307406	607.1065	-26.898742859643
SE000044	856.392579217056	886.8445	3.55583660133821	7.86748209780763	7.72043668720055	-0.147045410607087	848.167153406353	648.97	-23.4856009934304
SE000045	763.85770648099	710.049	-7.04433640250635	6.78397478973285	6.8718083504449	0.0878335607120464	835.058348983403	589.2945	-29.4307396941298
