id	ptq_camels/evap_camels	pt_q_camels/evap_estreams	p_t_estreams_q/evap_estreams	pt_q_camels/evap_camels	p_estreams_tq/evap_estreams
CH000010	0.865025417233548	0.84806096592715	0.852582823643775	0.849539016346796	0.853620478134647
CH000011	0.898633781405907	0.862239911567248	0.90620592252949	0.868377179773741	0.862239823231491
CH000013	0.933736701664564	0.87464268697825	0.930634936078604	0.888076882407379	0.877098995930957
CH000015	0.916430473538439	0.903032347621703	0.915777652793942	0.898679011922264	0.901525340703919
CH000019	0.906400800448531	0.799761957354674	0.905490556906935	0.807780687277471	0.803233217647293
CH000020	0.90615646625911	0.749760551487559	0.896585774926785	0.7558608059814	0.7628871527146
CH000024	-0.641471020973441	-0.688549322874581	-0.857384496772937	-0.517850925316938	-0.680738254991959
CH000025	0.88165378810675	0.846954141876177	0.880106225463148	0.845445870113741	0.846155421917531
CH000031	0.916974345241233	0.896663095030881	0.918580314543925	0.898029236355462	0.895944617062306
CH000032	0.943783548200304	0.79804701197725	0.944367838392367	0.798369028956361	0.793081619898804
CH000034	0.903363728870571	0.832020183454466	0.895458254180139	0.842680189032231	0.835453707602024
CH000039	0.762336901271016	0.832903328278474	0.752162030018799	0.820651446180231	0.834005585613707
CH000041	0.91095215991482	0.820724538285363	0.912033270965527	0.832399428308603	0.822941452265145
CH000043	0.92543337995789	0.848541494449754	0.922815288978358	0.854267048820868	0.852483192714064
CH000046	0.905481897349454	0.866089598635378	0.903390821494376	0.862589339760104	0.860708068298731
CH000048	0.889630261744852	0.875470936571228	0.888476175225569	0.875856760279525	0.881731342768803
CH000049	0.920327269699819	0.882344322895842	0.928360164701643	0.894405600919064	0.887148469918842
CH000051	0.026211249024587	0.723387865213276	0.31835976207013	0.535024838023949	0.728932880768598
CH000053	0.912882409749892	0.791928093532476	0.908457299674071	0.800595519922757	0.79267683437192
CH000054	0.913555688865885	0.894225364397772	0.911378251549935	0.895193792719185	0.896769164686922
CH000057	0.919337133407097	0.918356394180092	0.916030042941159	0.921209611402203	0.914761597119465
CH000060	0.885741430824265	0.815147775692499	0.881511061170423	0.816389571003831	0.820243144673954
CH000061	0.931592134112661	0.847294179775835	0.927623522952052	0.871128332898466	0.852062308962675
CH000062	0.921444335535501	0.900646168359129	0.92428211873946	0.897978387877425	0.897466802617213
CH000063	0.847164692076483	0.789716135903464	0.823462788405345	0.799620556901139	0.79397387885201
CH000064	0.927789804264567	0.94672327333111	0.940043011333381	0.945316496937044	0.935788361333964
CH000065	0.943754553387499	0.863570937355838	0.942589654025414	0.858798864370561	0.85929686361203
CH000066	0.921317984738788	0.85017531045376	0.917515707202151	0.851555149926091	0.854459440999641
CH000067	0.898460456349372	0.884149396634211	0.894810114322242	0.880027383746688	0.885157802876564
CH000074	0.863522158926628	0.804492976560389	0.868559708192374	0.807475230285677	0.799855668289395
CH000077	0.885130686908724	0.84810200168358	0.89599879200997	0.846644333633225	0.850946251091331
CH000080	0.652030642836684	0.703530859606207	0.724567874566748	0.71047072176257	0.697830172039189
CH000083	0.89579055811048	0.842437133191495	0.890339728178118	0.839134027210032	0.847352215406396
CH000088	0.89253374014205	0.860311801687574	0.892072734717481	0.86292277444281	0.861320139702538
CH000089	0.884247618284272	0.756887272349787	0.860937375318347	0.762453757125653	0.771570101831477
CH000090	0.870113953240839	0.680508202461928	0.858222051393617	0.723966334227122	0.688762900077112
CH000093	0.806697923801776	0.725552603383886	0.785946606261881	0.745679685762469	0.727976081281322
CH000095	0.894883649523012	0.624471029963899	0.884011436812165	0.640712257172411	0.632493000270263
CH000096	0.924712924603716	0.755685869705177	0.92059279901022	0.785172355610467	0.7550918060257
CH000097	0.907415773419969	0.844502103444202	0.90967051359191	0.849700732904704	0.859200373524625
CH000098	0.861037825000702	0.761167902232606	0.84913976169592	0.778704617038431	0.763687367235668
CH000099	0.909235472764952	0.877055700116533	0.905589853975174	0.877490555710146	0.87567649388068
CH000100	0.859823611396322	0.805847391229774	0.853688364000908	0.811341746028118	0.811935239413081
CH000102	0.902155031079437	0.84145291901614	0.902357652406581	0.852635136585249	0.83993206088465
CH000103	0.852491991784809	0.854892922689965	0.844263059543092	0.863736765291911	0.856341475631386
CH000104	0.934197976465155	0.908864167098543	0.883079952785746	0.907477683296766	0.906949567021721
CH000106	0.912221698629392	0.817958382687775	0.911524606695217	0.820004630128593	0.827908570979021
CH000107	0.834204779767942	0.80100722897512	0.855234084206145	0.795967512041207	0.801658966767744
CH000108	0.920449231207464	0.894663267935463	0.924159107974899	0.890668461104581	0.899313123732928
CH000110	0.887618256632655	0.838597642122543	0.835153826235743	0.839053714620894	0.837018525181601
CH000111	0.798029468308417	0.813279118751262	0.807742316719116	0.810996659368225	0.815648590727704
CH000113	0.931345651029809	0.893287266115599	0.930053341991977	0.888751971043401	0.889131950301763
CH000115	-0.353284027714705	-0.000626677600544134	-0.386408893008663	0.0720518937581149	-0.0195153339899428
CH000118	0.891692366245927	0.874361095119329	0.903171945159135	0.872007566759161	0.870716547008125
CH000120	0.368769131151702	0.620738022588949	0.281808773873663	0.648516182850588	0.617508510913771
CH000121	0.874618076903911	0.816144202116647	0.87038631034513	0.81844212834987	0.820668335546946
CH000122	0.902315591458303	0.781725468893948	0.895917507950892	0.804243696202324	0.782188928353916
CH000124	0.908966931499701	0.842436225790185	0.912746999584504	0.85378525608844	0.84598122554589
CH000128	0.880903109118095	0.700586839841048	0.878352352700262	0.729037838696878	0.683467855402963
CH000129	0.712098405633324	0.795572145616501	0.735593954999928	0.780758818755874	0.792693388949076
CH000130	0.869533621319897	0.786539011692756	0.864212733825113	0.804632539317904	0.786527457824611
CH000131	0.857388599787348	0.665867170513671	0.850359737275314	0.690318421758559	0.665738128414395
CH000132	0.91954280775795	0.905322898197636	0.929590589215138	0.905695593828631	0.906337081676686
CH000135	-2.93236529311935	-4.14567241783433	-2.98793648483216	-4.06670770945627	-4.1854656007775
CH000136	0.919930701705377	0.922536272797662	0.930921755055099	0.922558682044595	0.915735202562708
CH000137	0.927587674543463	0.91575203063636	0.928868303610268	0.913247781153809	0.917467134255047
CH000138	0.61302448962236	0.53603549131921	0.620417096220773	0.515851693614035	0.554770520508357
CH000140	0.94623492630116	0.919189347016922	0.950940295417171	0.914631526757736	0.916675165260668
CH000142	0.822030100406583	0.829600451049792	0.867958441109876	0.813378570923837	0.834077044753075
CH000143	0.772299082651098	0.713206136335751	0.757559546812013	0.727859868790014	0.710178658899406
CH000144	0.75375716600161	0.642049888499206	0.740093553033381	0.673647059371946	0.637381042117498
CH000147	0.766108017394935	0.813188683373478	0.876550469335135	0.706580129397155	0.814523031200133
CH000149	-0.438683517886379	-0.359936483111527	-0.388606757631564	-0.447094077681331	-0.331090123697696
CH000150	0.918589073270237	0.800400017411387	0.894179003713203	0.783817890736523	0.798428035417585
CH000152	0.785315731670893	0.792967240928054	0.736301557998114	0.790634360594644	0.794489808870128
CH000154	0.91305830885107	0.839742913519448	0.905382024924205	0.855921284450079	0.844106854833957
CH000155	0.93239271944069	0.856636469020009	0.933893493705918	0.86409404005167	0.850028828338643
CH000156	0.830903009336999	0.813929351973817	0.852103294675501	0.799730673795452	0.812304558121935
CH000158	0.90736654596136	0.868951136453751	0.900560139441077	0.870198635391531	0.877065249854405
CH000161	0.88790995466499	0.879671808663691	0.89307572396703	0.878960979190204	0.878286185012165
CH000162	0.918510516662906	0.913165252681698	0.918724480168952	0.91213958619311	0.911772270820593
CH000163	0.896965717675873	0.813436284859661	0.890998601288818	0.820099673645033	0.818679927434869
CH000164	0.930043200434693	0.931216303629606	0.934572928117533	0.928109689065913	0.928829802720737
CH000165	0.890129900353814	0.834157603395042	0.883726489577431	0.837822128860803	0.838433161956333
CH000166	0.901035632248477	0.810976208552169	0.897415490495798	0.832626076137242	0.81460294945205
CH000167	-0.311564181582315	0.529224949737039	-0.116024461178826	0.365302600484767	0.54296361880385
CH000168	0.902880756028124	0.887733630337103	0.902327651723878	0.896123015543604	0.883477056230964
CH000169	0.954151883735988	0.894139912973374	0.942986022285818	0.895755228014197	0.90168929116412
CH000170	0.360590676827189	0.553887030281119	0.292042806449472	0.575536456597693	0.564510850973385
CH000171	0.858962205130855	0.800762676496163	0.861572815706485	0.800955851323415	0.791176062832176
CH000172	0.554541702663627	0.792931142478127	0.814937389146413	0.630712690953813	0.796765316173228
CH000173	0.86861791732787	0.704368242212937	0.864358181861492	0.700465724009631	0.716737102298686
CH000174	0.764916276766994	0.807642916548931	0.82840533519692	0.785535560527007	0.803576078518718
CH000176	0.90049605771773	0.756056596190381	0.898587451211818	0.765013750247019	0.763267242495637
CH000177	0.880371392000683	0.724304254307454	0.881595964777523	0.750870605347755	0.735445804710481
CH000181	0.793988168341291	0.722637694887825	0.773349596987906	0.720535746009805	0.721902931659854
CH000182	0.885043405313073	0.571230688385228	0.87371821594394	0.586199477492201	0.579456837460646
CH000183	0.857109133367346	0.782786337137463	0.8486085679191	0.790763310685326	0.785164810843272
CH000187	0.930920123603911	0.871896958025136	0.929047095867394	0.865539058197859	0.880510877896648
CH000193	0.914599304918861	0.837272280100118	0.909774296893698	0.850249076211853	0.839731062139859
CH000194	0.876485857402497	0.696886124600588	0.866399133001337	0.688757279074321	0.700340011101429
CH000208	0.912043856085729	0.913630212678187	0.912792499534559	0.914193596395138	0.916099986818516
CH000230	0.893329548192678	0.926482817827702	0.894055296580639	0.921050767993088	0.920788113071015
CH000231	0.946536127384399	0.946761255560878	0.949214834710941	0.944202360170588	0.942082710088306
CH000232	0.879906455316917	0.863081398782829	0.882575210781142	0.863688689031471	0.8523820966094
CH000233	0.902953523847333	0.900815369599232	0.916895275102086	0.889215080783849	0.898210067119339
CH000234	0.900902101263812	0.892721941499082	0.899280400649822	0.894545549428028	0.897289905260767
CH000235	0.916409440439175	0.909483714656864	0.92729812170117	0.901521314673442	0.903348842235705
CH000236	0.612096175709679	0.798915218086798	0.756541893196771	0.680841103762374	0.796551107778604
CH000237	0.764933964037368	0.803781967425725	0.786799845957095	0.785759913489376	0.8035475845282
CH000238	0.728479031399788	0.796245213326386	0.794915942195318	0.746240308931984	0.798441897375145
CH000240	0.886511705446972	0.909774574935606	0.900475267635409	0.901799592642401	0.911181456058489
CH000241	0.843582682121425	0.877729217850634	0.864362489475143	0.86682529214511	0.875148695041793
CH000242	0.879450355168547	0.890175356721935	0.888496716137798	0.887299944792552	0.891213416218695
CH000243	0.912632775023713	0.919406341845478	0.917166231301923	0.918498633684997	0.920629396295444
CH000245	0.922826596620213	0.928768942668202	0.929954174737615	0.923630830481874	0.928800472228372
CH000249	0.920237485162704	0.931097578818293	0.928805074933278	0.923308620900355	0.923864024948843
CH000250	0.904882825820753	0.912121069456658	0.912258377443189	0.902715317340353	0.912628587633963
CH000251	0.871773943911099	0.874984331943017	0.875509056553954	0.866123892777341	0.871831263750267
CH000252	0.898144073325818	0.906761225235032	0.904185743229039	0.895935782175101	0.905824125949261
CH000254	0.896448490873983	0.908886292502374	0.909491265930021	0.884442726126919	0.907961506354589
CH000255	0.894833489851561	0.906517055490873	0.902303567183299	0.904991654076071	0.897678024765064
CH000256	0.79979453442004	0.881744187510587	0.848562748046099	0.876388134307293	0.877964646676808
CH000258	0.714976164266683	0.857356980333045	0.812250875221919	0.830878136652676	0.857732279982359
CH000260	0.871142318911405	0.876205204740238	0.877242928530236	0.878697051804932	0.865645346068418
CH000264	0.775143698526232	0.883506514707585	0.82592881095142	0.87126977457153	0.874170410220154
CH000267	0.843851634874101	0.910159354100497	0.879023175896457	0.901634464247876	0.905841578110233
CH000269	0.701070439213641	0.875112730949964	0.782184840010199	0.812052747683873	0.868938166442747
CH000270	0.89147511209508	0.849818884263413	0.89121288401748	0.849894874875428	0.850498346145078
CH000272	0.738500389133199	0.776314195197952	0.761116070643104	0.770338893327329	0.773558845657833
CH000274	0.713124885543821	0.854551106083341	0.811460324123697	0.835668819809519	0.851971849307934
CH000275	0.831450273320353	0.864983098286769	0.841929225160428	0.863602517023839	0.86059735823305
CH000281	0.903800885250376	0.90496230033781	0.912983531715905	0.907521735334293	0.891090601089283
CZ000095	0.839356524000217	0.864215078882232	0.865527049022452	0.825236271722148	0.86485062071464
CZ000098	0.565491159257486	0.61101483945411	0.590691215474051	0.580550596899822	0.605707499439403
CZ000099	0.897620777989477	0.871800416467283	0.894051271518306	0.863713304529235	0.872621644393707
CZ000100	0.906064044140766	0.904674517653275	0.912973369782688	0.889051844598258	0.905146028543515
CZ000101	0.867468397505024	0.884959112388228	0.861307839507161	0.884082401285984	0.890554775870657
CZ000104	0.830449171958909	0.706210866486431	0.836434751858018	0.630733020087585	0.707795997695021
CZ000105	0.889817364646805	0.811475360926869	0.892607737528652	0.792445261384739	0.814178567118189
CZ000106	0.944302585773286	0.89276799387181	0.947684709860491	0.883147583109431	0.89504728212754
CZ000107	0.934109117252391	0.878357757040932	0.936960901590102	0.877205707740225	0.880372326252958
CZ000108	0.941735612415696	0.890982576034471	0.943495674862876	0.885544999774599	0.892701708218028
CZ000109	0.903076213538957	0.856369384442554	0.922433724551796	0.840928462798612	0.856701240472651
CZ000110	0.857809630134565	0.848875554442737	0.879043142508099	0.846263297139822	0.849993256703481
CZ000120	0.884061511200506	0.898471043158672	0.902139650719128	0.892315649095028	0.906304267548342
CZ000126	0.846911649397114	0.843751130307377	0.852760187824083	0.847174497443564	0.845188121151035
CZ000128	0.809288779487762	0.808438726647107	0.779981719864155	0.838534082082746	0.804193513495318
CZ000129	0.838782769782376	0.852140974034199	0.847571999012317	0.853319036487048	0.843217671332898
CZ000130	0.88591511421098	0.878479437679505	0.891395912926752	0.873801091666288	0.876178919889255
CZ000131	0.888904619576122	0.885135083777158	0.890255468062563	0.884144636427267	0.88166348697893
CZ000132	0.903736180538696	0.900515516864428	0.904349111326244	0.892727664307827	0.901546397840001
CZ000133	0.902598860009001	0.806208431272473	0.913133350971653	0.790087575657876	0.807963208359583
CZ000135	0.899695117093428	0.808665034052084	0.910478294811011	0.807763030333436	0.804513590999467
CZ000136	0.889588033101892	0.83818798552013	0.896541942823238	0.840906031827443	0.84029175657816
CZ000137	0.896681610892608	0.835175437855947	0.915851729315211	0.818856731953578	0.837539961801871
CZ000139	0.896174820639173	0.777858426851701	0.902398373950877	0.761268289632066	0.788402384856545
CZ000140	0.904454665727882	0.8043702448431	0.90447365831958	0.79620019506454	0.803876831611537
CZ000141	0.892332581115204	0.789431531156638	0.896202692904913	0.77614692354055	0.787267761244783
CZ000142	0.898876883237596	0.812396559809786	0.910860351624457	0.774720551968651	0.817863067304177
CZ000147	0.907162116600771	0.839767365780473	0.903645996498298	0.843326240448107	0.83948608377352
CZ000148	0.914481772076578	0.878914332452653	0.91397112791733	0.875839278355297	0.874084807090925
CZ000151	0.866637014341134	0.815346843867814	0.874153703962859	0.82327827409171	0.820447941188089
CZ000152	0.804378894293686	0.78679650509894	0.806456492297102	0.787939699233511	0.779770194245331
CZ000154	0.84361741131402	0.832708873327787	0.860163365783715	0.82937958404002	0.840940948786306
CZ000156	0.853049166264588	0.863360900772596	0.876129456143186	0.849734678480316	0.865819981144439
CZ000159	0.885101963783631	0.886596583040105	0.891630261546494	0.882889859639174	0.893300172537641
CZ000160	0.821372908085314	0.8183267649729	0.845912663872309	0.809135777152478	0.816081707353849
CZ000161	0.870070494096036	0.874045002932448	0.885481508653481	0.856559085925577	0.87260858230222
CZ000162	0.82680870067598	0.829577804887467	0.85460324477807	0.811456169820709	0.836907636947107
CZ000163	0.854936071844604	0.864911592242046	0.866910979430213	0.850720244903533	0.871988884117066
CZ000164	0.888726974944933	0.88344952772971	0.90538945616071	0.874163511608739	0.886078981306465
CZ000165	0.858699969525791	0.868852140379361	0.878796929050457	0.849291645700494	0.868626479875557
CZ000168	0.816989114808755	0.838202301990196	0.827613471752635	0.82377244081873	0.838469819469974
CZ000169	0.798649194544141	0.806410783759659	0.829545093621289	0.790333545413974	0.799929326321349
CZ000170	0.853353935448192	0.863075091715029	0.857871055064622	0.858656902873218	0.858154666003637
CZ000173	0.864916394478128	0.819461424217836	0.856784520632333	0.828769642347893	0.819560376161018
CZ000179	0.812494632984478	0.814682150017343	0.805370345243963	0.815575343415645	0.815171331901629
CZ000180	0.82377435453711	0.861347505531486	0.83609776370198	0.842394232220501	0.865010521745065
CZ000181	0.808690766530219	0.812112216832374	0.832379553965557	0.794993099862486	0.813976074552525
CZ000182	0.833917435951501	0.845041899345817	0.857395521855075	0.819741358356997	0.842215324036517
CZ000184	0.902534575778108	0.920904776820064	0.920784014842362	0.909483172424664	0.92265292136975
CZ000188	0.846964944076978	0.874214252656387	0.884400598440613	0.84118556271163	0.876455499622116
CZ000189	0.841150402059411	0.865913968280853	0.879141838473763	0.817957178288029	0.856265500987565
CZ000190	0.84229381569781	0.862341572263717	0.880760474974323	0.824475403592378	0.856657763028194
CZ000192	0.893577780300814	0.856627437273508	0.907252682442389	0.839626124182515	0.858752558418085
CZ000193	0.83666041083477	0.804812940811038	0.850159300518235	0.787965419039691	0.804271305107254
CZ000194	0.893107824902769	0.872904176450469	0.909297336784663	0.849842344192071	0.872833784047578
CZ000196	0.86730595507637	0.844639057921967	0.877138821108877	0.839217520467021	0.847989684773517
CZ000203	0.837070932514034	0.851315805808338	0.853811184823262	0.843363188696716	0.84924448746693
CZ000208	0.842596859809292	0.816677241084665	0.861576419185631	0.801568926844707	0.819305975970954
CZ000209	0.785160137993485	0.771610415943411	0.80994080833294	0.743704534922685	0.772014923753438
CZ000210	0.618799755334019	0.497311904270291	0.617018926279753	0.525243228824595	0.506489085974649
CZ000212	0.798916275687316	0.750214190869808	0.798226056748457	0.765978804152954	0.739934165361058
CZ000213	0.865387849424904	0.888009804465351	0.892220213315417	0.893654717307458	0.889780444209753
CZ000214	0.870301431666162	0.861253393222876	0.873188478661754	0.862993729429072	0.862894813811878
CZ000223	0.765527642051276	0.72058564592674	0.772508402598789	0.733458683136542	0.7206914528982
CZ000228	0.670151836166551	0.635767905451596	0.659507302535332	0.648763379346848	0.632105131707018
CZ000235	0.667050869543163	0.616773068865814	0.696683282380818	0.592256231039081	0.619858537617308
CZ000238	0.333600063827514	0.313393796776875	0.33821889412422	0.317514443536875	0.345341900367117
CZ000240	0.854605836565391	0.903654680528881	0.854498579198406	0.899145631439284	0.901152451608071
CZ000243	0.752081183871391	0.778219678125871	0.770966107872676	0.757606460937437	0.779881081122452
CZ000245	0.875402939379705	0.876634601161962	0.880307125460375	0.876941518841549	0.872226880538279
CZ000248	0.874626030552391	0.913504740488305	0.872739938211093	0.908590013473154	0.903125460297001
CZ000251	0.88087750061483	0.897691036439341	0.884426269776408	0.891922401734331	0.886059307503087
CZ000253	0.79561735303602	0.783401972944388	0.792711015416789	0.795623454895342	0.783678708148169
CZ000254	0.882676619513524	0.891146756050374	0.880361715280638	0.892255114441895	0.888164661415707
CZ000257	0.915263771204767	0.901502162787217	0.916496452068774	0.90316024164547	0.895751285148945
CZ000258	0.92370147595643	0.905635333456332	0.923664070227854	0.908454082377087	0.899999093312516
CZ000266	0.876804957460727	0.876392500628668	0.874127737754273	0.88282435180389	0.887217468909092
CZ000273	0.710410896112673	0.712215987896925	0.711289865649087	0.714144323260512	0.707740335824711
CZ000275	0.832467023593235	0.852066339818154	0.863975164495341	0.81128297363204	0.857675693049915
CZ000276	0.820980762988633	0.827882171417077	0.8380068069556	0.816448300441686	0.827075042754846
CZ000278	0.763190948362322	0.746090760661936	0.769767437016864	0.738195924571478	0.753370253182242
CZ000280	0.828523175283589	0.826300569805135	0.842437429705452	0.818882914219586	0.82665340316366
CZ000281	0.73237761878236	0.743980723381759	0.754822116119967	0.717898645189728	0.748919994131988
CZ000283	0.755225935557691	0.769731309098331	0.777142050605208	0.760561428206267	0.773231030279894
CZ000288	0.878117980133964	0.869693715430488	0.880834642108943	0.872364077079102	0.871523286172948
CZ000289	0.791786918364521	0.816884254738682	0.815166281037734	0.794557110211142	0.8125183385953
CZ000290	0.88375344727663	0.871057677613178	0.885930302561601	0.87778432221579	0.879872884443737
CZ000293	0.626455993922623	0.69229619058297	0.668124969582305	0.544470920348495	0.698742423702383
CZ000295	0.871257177422907	0.860012346036233	0.879738665728882	0.866321354321331	0.863297801762338
CZ000296	0.910620915603102	0.898899511696922	0.909156721262111	0.9027101170528	0.89402663246864
CZ000299	0.909705276155464	0.855713524508844	0.919535929298532	0.851424631594421	0.853561966840047
CZ000300	0.916425085790047	0.91161378890611	0.920497589928849	0.913431388389911	0.911441875224334
CZ000301	0.942265295442608	0.879493780908146	0.941990051692952	0.868691377973675	0.882398392524752
CZ000302	0.944413393260273	0.836311130701428	0.942772793133999	0.85777838721317	0.836135419603093
CZ000304	0.915046602846536	0.839038602649647	0.914718588204643	0.836619382354945	0.845892665857455
CZ000306	0.919085624147493	0.899730888907448	0.929502980123743	0.896299810049318	0.900369712556703
CZ000307	0.937385657543364	0.916613500449846	0.943976690682994	0.915213666016566	0.912387256871411
CZ000309	0.954144411944454	0.931678327789729	0.960767827130392	0.930657263438653	0.927990154474525
CZ000310	0.91652130869992	0.908353323291388	0.933440004864881	0.901254271816057	0.904361202003223
CZ000312	0.952704641910006	0.937395394780792	0.957573971557956	0.93654884708892	0.936881201107218
CZ000314	0.891997007731666	0.776174748240754	0.880211334841212	0.784131413640726	0.777119741386283
CZ000315	0.928816366070335	0.809481117069414	0.920650441242443	0.816108564447536	0.81676076649313
CZ000316	0.92018550275924	0.808764374323707	0.914179087092578	0.820504626500899	0.817030302293803
CZ000317	0.826583192907442	0.714734639873382	0.823735478675402	0.683479294446405	0.710008279014029
CZ000318	0.910680567584524	0.814373051386269	0.910528446454857	0.788834068161511	0.820665666921633
CZ000322	0.801499089359195	0.805905382593259	0.808842219577147	0.801121906083071	0.795153728734917
CZ000324	0.910991989131539	0.890065533737624	0.909631673687802	0.888518653051	0.89489262978252
CZ000326	0.92474371805497	0.883472012067946	0.920062206094087	0.897201177027764	0.884630461704006
CZ000327	0.948971632581779	0.910745855372164	0.945257423720131	0.914662446486588	0.911491894191968
CZ000328	0.91419007683518	0.896889269580499	0.915351955550643	0.89964580490746	0.897140626028125
CZ000329	0.860410157333129	0.787599481040522	0.856897679111387	0.812845446573177	0.783851445117553
CZ000330	0.854186840305564	0.832085285024059	0.853508931682006	0.831965698300686	0.832440926610899
CZ000331	0.945374750491227	0.87719238819841	0.936567659233835	0.893979573137782	0.878423484837645
CZ000332	0.684794058701201	0.852890150037845	0.854211087239585	0.811254075009122	0.852406843055027
CZ000333	0.931454956562588	0.916302312942124	0.937302389493057	0.915511864697196	0.914093956169387
CZ000334	0.877430344040231	0.832961351700335	0.878667174693032	0.850116291893478	0.837528044016786
CZ000340	0.88169207613294	0.83265119430462	0.869866054469421	0.862351939705926	0.83254621445288
CZ000346	0.89363394032159	0.931789027949869	0.888068000938022	0.933995134209381	0.932421499751196
CZ000347	0.937178691697301	0.940366975985598	0.937580262551771	0.941061740178632	0.939176930671894
CZ000348	0.960469897038365	0.96200541478242	0.956403944896427	0.962935938820928	0.964456119007167
CZ000349	0.922688273266564	0.809611384965174	0.915840170785901	0.850308825749353	0.806100466839123
CZ000351	0.91970264086895	0.900063900773572	0.915048877093218	0.903319348468542	0.902024484906992
CZ000353	0.961335909468535	0.958390100520344	0.959735071279158	0.960352889759532	0.959893691016814
CZ000358	0.901527315489454	0.853123249255921	0.910458585306316	0.863294529369437	0.850574769852778
CZ000363	0.835648322372386	0.897362300801107	0.835193122928697	0.90641723204599	0.912001280743194
CZ000364	0.85894382699493	0.867079271119532	0.853527596248228	0.876755411913909	0.869083253166496
CZ000365	0.907813072584432	0.846081188548529	0.911870229662515	0.851270243552186	0.848174819440888
CZ000366	0.909224245948612	0.873434460391591	0.909221574055812	0.881428741823731	0.877555168910158
CZ000367	0.950464430823546	0.925785189078092	0.952147199606765	0.92927274919592	0.927865133678552
CZ000368	0.931049669553246	0.875323557854779	0.925910353723915	0.886534352477277	0.883915637408404
CZ000369	0.963030215515571	0.928058463563972	0.96154166127485	0.939535145470987	0.933008148472272
CZ000371	0.885011373441064	0.87289119037626	0.887463336892188	0.86861871524288	0.872752512404005
CZ000372	0.907935448417594	0.886652321199346	0.906859849696395	0.884313695269939	0.891429480564271
CZ000373	0.856825109740576	0.703704461224435	0.850501697345871	0.730156602755057	0.691399909269677
CZ000374	0.759976053511162	0.697690545186902	0.75644525532393	0.702788255234184	0.69885453400427
CZ000375	0.885001453935172	0.815333256032793	0.883923551865063	0.820880542272784	0.815120264050905
CZ000376	0.926033479779791	0.897052424146636	0.923461214065386	0.900181260539903	0.90416411307527
CZ000378	0.886746483408777	0.884623641499099	0.889283791264316	0.886437123343884	0.883946692395181
CZ000381	0.789147784362719	0.755529650320887	0.784841846272095	0.767034310128872	0.744268006981812
CZ000382	0.889618098324184	0.836412575124456	0.88956905394274	0.840600370427534	0.83623241734438
CZ000383	0.840507051162118	0.818676288371111	0.845719067119482	0.817474407299688	0.819503628197188
CZ000384	0.884372697027116	0.836844078945808	0.880762600213157	0.842308552366278	0.836241048275011
CZ000385	0.814636159218864	0.855301037321996	0.832213183326928	0.849567699257182	0.856421125823388
CZ000387	0.847093287874266	0.836992284752318	0.840941056582231	0.835834154033303	0.839712596724673
CZ000388	0.927050421906142	0.879388265155145	0.917532053872997	0.88267371494928	0.884779465420824
CZ000389	0.898770848004999	0.855225437534779	0.88358079303805	0.865666524980952	0.854359819956165
CZ000390	0.93759719374303	0.899302646563676	0.932197750178462	0.907592863980457	0.899682014087108
CZ000391	0.944028620687697	0.916580440105843	0.937223712801159	0.91646334287692	0.913831403611526
CZ000394	0.902308512160249	0.832815955538001	0.895464521506627	0.83075757202282	0.845071416627078
CZ000397	0.913750199535791	0.856840610757224	0.897063718786576	0.866125299634045	0.87125217224542
CZ000400	0.871801089519898	0.866515425819147	0.879308575041996	0.84964295078123	0.877151666647888
CZ000401	0.843060211626258	0.867223188511806	0.862468431732497	0.865832651988162	0.874392742028905
CZ000402	0.867734266221081	0.879243111218395	0.889049620336497	0.861025028083304	0.894312097561985
CZ000403	0.902443925386254	0.899624849653304	0.915737711769316	0.885836956423886	0.916774062289186
CZ000406	0.892238761148687	0.804651416875493	0.882620072065903	0.821466044636846	0.813874209578606
CZ000407	0.898697173873418	0.800241313078634	0.896334099020429	0.789694101559387	0.807041333806731
CZ000408	0.843648308713114	0.784997374988023	0.850321817944573	0.795739957509412	0.784872402998741
CZ000409	0.899577766946233	0.890885409984152	0.91596534139761	0.89247400696445	0.887560582313565
CZ000413	0.88218983257387	0.848884303832979	0.887063453763002	0.832705049826184	0.848301821527777
CZ000416	0.868897029154969	0.857974565573804	0.859673807458013	0.859740240001596	0.868279417984501
CZ000417	0.887292237724525	0.891139128051868	0.885426390029101	0.891738266920099	0.898120812463438
CZ000418	0.923735807218683	0.907404234263198	0.926446066964471	0.897035845160348	0.91088298738883
CZ000419	0.925129164497769	0.889640027656344	0.925714898796075	0.900061314539484	0.890954155375337
CZ000421	0.928931522915529	0.926723194025088	0.936832115305163	0.92131190448856	0.928463189355557
CZ000422	0.910664598660553	0.894847155644594	0.914604043086238	0.895443783106428	0.893447714887514
CZ000423	0.902820293954765	0.882238672641631	0.901033404794141	0.886176177556703	0.883478112508851
CZ000424	0.944341197520797	0.928013395631706	0.945393715551794	0.92811823614069	0.930050186638597
CZ000425	0.955074420578468	0.917613482507424	0.956000018385837	0.915938850070176	0.91846253827032
CZ000426	0.868012795353999	0.86556802572062	0.883296370212878	0.868149592086271	0.86521700898291
CZ000427	0.914977848118767	0.895201247934579	0.920540472734318	0.895622348800699	0.895709859189273
CZ000429	0.888924698697031	0.844258152112934	0.893346440452273	0.847326627382709	0.836693145950789
CZ000431	0.754318566217803	0.801786451016118	0.796888863911049	0.76492804593412	0.803319382882739
CZ000432	0.850009013165121	0.852094340565382	0.862101788237597	0.85288167007318	0.850769306380249
CZ000433	0.879382793502211	0.863875546646277	0.882869852686023	0.863363481240233	0.862064647430788
CZ000434	0.878209481824151	0.865549621542239	0.880755492632427	0.872095746261234	0.865915557743844
CZ000435	0.860231404786082	0.883477443924899	0.892188994495974	0.873147298544932	0.882077729843492
CZ000436	0.738774980149026	0.777215957599294	0.777366813640768	0.773455399746327	0.785647846285556
CZ000438	0.836284519028632	0.849122544286326	0.859809022931505	0.845836534334245	0.851840077253482
CZ000439	0.868554149463402	0.816355837083519	0.86319789717958	0.835407824973745	0.820359054689224
CZ000440	0.921359040532944	0.88727805269803	0.933416332424743	0.879039848938285	0.88858704825373
CZ000442	0.910240967599452	0.839220105193462	0.916364641015958	0.840972139934621	0.843284093128217
CZ000443	0.897295990236437	0.853321412207423	0.900811436384771	0.857128858878819	0.85811009427863
CZ000445	0.883990047950209	0.893236281174417	0.901481224945047	0.878959804983732	0.895101520735331
CZ000446	0.851576286547044	0.842717926440096	0.848046185650971	0.842732302693275	0.848592914106216
CZ000447	0.88195238257471	0.886567130367751	0.886620294461403	0.874874470799984	0.886621064348423
CZ000448	0.837393653208073	0.827769915174305	0.868782742954509	0.804537580955168	0.823875015088399
CZ000449	0.900636663352047	0.916996598576867	0.917300929454541	0.902546068336013	0.91707992910254
CZ000453	0.828730943353752	0.818890073863692	0.843312526795567	0.807089943001257	0.821076386926327
CZ000454	0.837997713242538	0.815406891833083	0.846540591899219	0.803041023665143	0.811512797454542
CZ000455	0.682255200209261	0.71699941076762	0.673696084213278	0.704359238058408	0.712584727255906
CZ000456	0.816232306597388	0.831179897194258	0.817883538648456	0.829903804628865	0.836599235511487
CZ000457	0.867033657893147	0.877156413375936	0.862386755824755	0.881142696401807	0.868765521898969
CZ000458	0.824957373196376	0.848045559017597	0.846564797988544	0.843036462940233	0.847623256813092
CZ000459	0.879868865250425	0.89358505798031	0.895335992725801	0.870890105233371	0.896791485506563
CZ000461	0.872377732839805	0.87084006413907	0.869346062285063	0.872301915062953	0.87112207668759
CZ000462	0.88468113777872	0.878378247799909	0.890950484641434	0.883767099995636	0.882482590067382
CZ000463	0.776101688877328	0.7659763438191	0.792244410211213	0.761307776423528	0.767731613467809
CZ000465	0.782547180990671	0.81997669512836	0.808644655544254	0.80856205881887	0.827470150917742
CZ000466	0.658740174919195	0.715560718392709	0.698375172708174	0.71601251855857	0.713980162846756
CZ000468	0.830591201520382	0.859950486521856	0.851202231986806	0.861056076896147	0.841081677254526
CZ000469	0.477839672852357	0.516382343834226	0.478189581370023	0.506419627237426	0.508268888036604
CZ000472	0.850194469487762	0.89769271645897	0.894358635134693	0.874108716198517	0.901356798532122
CZ000473	0.844939288709711	0.883123323526362	0.875908922332371	0.858725807142046	0.894668360421113
CZ000478	0.826215302371749	0.852108675720376	0.852117932641425	0.827302835144726	0.857849089211809
CZ000479	0.826598182328418	0.857717876377444	0.866521054225472	0.834649993440595	0.866617933813756
CZ000480	0.817244200187363	0.831883331631365	0.850607939889313	0.810811356766419	0.839481719887488
CZ000481	0.812162791012874	0.834374478098527	0.843489966852098	0.812044433129322	0.838690956948423
CZ000483	0.752267886462804	0.714298293571914	0.740351917891434	0.718551129294733	0.72242688908279
CZ000484	0.85632155649285	0.815053157363824	0.849006782108089	0.828492852226984	0.826953934954566
CZ000485	0.908377519995995	0.879542275027013	0.898424720432145	0.889059707013682	0.893323062017724
CZ000486	0.833275843793844	0.805016928745731	0.834814315206438	0.806262730884785	0.815222614195454
CZ000487	0.792684803685806	0.762664305513677	0.789461883018107	0.767402509018416	0.764493441197482
CZ000488	0.830245707575353	0.836073537133606	0.843075331588279	0.833383943525128	0.844021627938166
CZ000489	0.882473715056356	0.86560719136983	0.884632870388843	0.868133958372108	0.872897890050862
CZ000490	0.866101409482762	0.865374150126986	0.881088841710167	0.861193356323513	0.874082518878028
CZ000491	0.821374568465399	0.81695164685195	0.846378620534251	0.807678991396919	0.819127234193451
CZ000493	0.392831601376211	0.43548443529383	0.426156106121966	0.421463735064156	0.442136517511393
CZ000495	0.75197962968037	0.571456522322456	0.783877801707137	0.572276979599716	0.574788546754444
CZ000496	0.854785469313996	0.797631662674141	0.873853652627561	0.785867159638008	0.80186250878962
CZ000500	0.72325218809662	0.741462087038039	0.726264739535784	0.736465432700123	0.751399336225443
CZ000502	0.847893003608051	0.857230063462043	0.871483937189632	0.859309226306836	0.863933116456974
CZ000503	0.856862015112184	0.851383781400958	0.857068228338616	0.860415910602374	0.859620558914391
CZ000504	0.89484037453031	0.886930552876869	0.898111510230401	0.889222647698339	0.88536558370126
CZ000505	0.852460706298169	0.822033693357878	0.860776404186091	0.824521002658521	0.832074900685721
CZ000508	0.846072559743075	0.841662847609107	0.854366727144766	0.843350515297976	0.841774318822524
CZ000509	0.888703756186373	0.899179245904389	0.906763413668919	0.878855408004193	0.902545184113878
CZ000510	0.807396812224577	0.813886849580714	0.849471102228055	0.796734922680801	0.817526464304001
CZ000511	0.832741398896783	0.85116223693553	0.857853577307945	0.834202189724001	0.85218823262322
CZ000512	0.814356384609175	0.851561414492827	0.856118939749056	0.827720358498342	0.851324636806118
CZ000513	0.862987307718236	0.88129576196366	0.897702214632979	0.870400653660408	0.88851382655068
CZ000515	0.882802520440551	0.881360285457196	0.891860215535887	0.872025682282257	0.879950690597446
CZ000516	0.742141724945409	0.699109867840924	0.739716471622257	0.706354606584174	0.706533298215678
CZ000518	0.818680751173902	0.790857414510449	0.800187693630569	0.796861622076402	0.802465080076807
CZ000519	0.618577132603162	0.639463760001395	0.626531641356787	0.632415360795271	0.645529727155056
CZ000520	0.846968914633254	0.865864249985014	0.877965424683054	0.856696922001799	0.865902325395008
CZ000525	0.88228014183555	0.851435855056198	0.874452315229323	0.854783084233205	0.859077808073606
CZ000528	0.841282949398726	0.888782797994131	0.890040614093279	0.871317645460761	0.884445509538232
CZ000529	0.828490201256298	0.883723210405272	0.876071291818029	0.862356902297921	0.866696981118217
CZ000533	0.855323176590622	0.814186315679062	0.859285001353089	0.818880753821331	0.819209480065166
CZ000534	0.824866228269734	0.756718622715408	0.807551939772678	0.762322893430484	0.761916516183524
CZ000535	0.857196048032214	0.847489980338175	0.871015312988852	0.836984396131599	0.850129814193377
CZ000536	0.827104905274514	0.825376402928587	0.850352979934522	0.813141092864403	0.829947595032008
CZ000537	0.886464271562827	0.87244978617845	0.895864014016045	0.854179843707172	0.87198058881912
CZ000538	0.881469379909783	0.838957547952362	0.877256557502288	0.831756316758851	0.841038841655912
DEBB0004	0.915729988834484	0.852342245335981	0.85437416209517	0.910192749293573	0.851250111633768
DEBB0009	0.6473972120491	0.632681456591559	0.623267703571196	0.646895700424506	0.62540644303173
DEBB0027	0.784557175270306	0.755643341382862	0.762812621877214	0.776472058288261	0.752986707751147
DEBB0036	0.895502018713775	0.840429672814073	0.833500850496561	0.897959966696159	0.837532314331814
DEBB0039	0.919552031682276	0.873796889628276	0.869231610851399	0.916597963262276	0.872883795652226
DEBB0042	0.737939044363359	0.642671461547525	0.6531356279397	0.725180947336532	0.632875502430522
DEBB0044	0.739324512070452	0.659258894731503	0.648874800346606	0.719632637004678	0.648131618836125
DEBB0045	0.341253505460157	0.314630290613731	0.290690094279627	0.354386377667423	0.315797115266844
DEBB0052	0.758205586716558	0.658701811418515	0.66181979415862	0.734618547132452	0.66100353840555
DEBB0059	0.56555714930138	0.538029900475239	0.542710781612722	0.559831021768711	0.539417335345913
DEBB0074	0.446291343393471	0.338146429801137	0.355882618149771	0.443819956840009	0.336798618235089
DEBB0091	0.819040796426659	0.747528916993789	0.744437145166927	0.803792338648092	0.747385906394683
DEBB0093	0.793207740704758	0.713540853606885	0.714257501057489	0.791424296792522	0.722649236959078
DEBB0095	0.758442901623849	0.699240558029713	0.710397318980608	0.755204781022484	0.705112227213222
DEBB0096	0.822405179215131	0.777656635719698	0.783306455645839	0.820505922288583	0.785840790508949
DEBB0097	0.895629599293942	0.870892548016029	0.877645220543638	0.889434635817415	0.873119204390886
DEBB0098	0.885939919292445	0.860935312619821	0.847700155031729	0.887389739731601	0.860368673562906
DEBB0102	0.630847540714885	0.581214006918424	0.607432219521779	0.610492250306653	0.581323391524465
DEBB0103	0.717291035593946	0.654271749762212	0.638652293874697	0.693562877366261	0.641099676132283
DEBB0105	0.836139990825737	0.795035354835986	0.795781500753921	0.825776873474258	0.794640006249508
DEBB0132	0.538363159897304	0.485077025020932	0.511010224004724	0.520792495663819	0.498995111474691
DEBB0133	0.834067745724522	0.816050114888236	0.821121919018014	0.833433236871559	0.814028293754595
DEBB0136	0.56049212372863	0.55662134118812	0.549256391987699	0.590365735139069	0.558051140396882
DEBB0137	0.911161101292234	0.880591881001919	0.873102493698653	0.905069949164952	0.879598060596887
DEBB0138	0.790559976076581	0.767758849690707	0.750199398601515	0.793972171584842	0.761940040328636
DEBB0139	0.870729508936493	0.806178308439101	0.808388218481784	0.861994630693891	0.804875869286858
DEBB0140	0.914560447536801	0.885126941919307	0.885283078478363	0.909370083779974	0.890868280194342
DEBB0142	0.801336608835909	0.773842413776195	0.779132019186365	0.803839180726513	0.783185957793907
DEBB0144	0.77802648781618	0.725523989399185	0.725762033244584	0.77474597632817	0.721378681256998
DEBB0153	0.784943702683372	0.7295350420398	0.753108175840161	0.7467059002975	0.732505489406988
DEBW0167	0.8920500634777	0.91266233169164	0.910525247567148	0.896156124436372	0.910462492561322
DEBW0168	0.919827426375642	0.928986982714047	0.929933466790807	0.923173483812861	0.929615235105156
DEBW0169	0.86572695715852	0.877456343227576	0.877960835805974	0.863762763485893	0.876064337174393
DEBW0170	0.906358544796439	0.91253074635157	0.911272176082825	0.909662544593876	0.911469199678441
DEBW0171	0.921845312785599	0.930191844521655	0.928978871639303	0.923947992644456	0.928514040775448
DEBW0176	0.902698576857049	0.917103675563782	0.921877808108393	0.891803086051857	0.917280237434811
DEBW0177	0.87996583290709	0.878845986474595	0.89599063897164	0.861260727886661	0.880506633874202
DEBW0178	0.883158154679969	0.878852634999193	0.872103047857878	0.873053227187297	0.87891917462536
DEBW0179	0.914601753528445	0.91064897619559	0.907029085489085	0.906344018392147	0.90825658088295
DEBW0183	0.875069063029223	0.816727833851795	0.80467264099507	0.888509242802524	0.815578873460748
DEBW0187	0.886154747400422	0.863206382513361	0.887176297439235	0.855627600491371	0.865196777028342
DEBW0188	0.918805162731928	0.903779703333791	0.903417397141113	0.911645970548275	0.903753276312222
DEBW0191	0.908522443944451	0.891458818157124	0.900093577416087	0.889249674225063	0.899258586146884
DEBW0193	0.9255919399597	0.93043167090947	0.930646113764155	0.927793530577407	0.931485943848584
DEBW0194	0.952984772194131	0.949622925466755	0.954853868101069	0.941978483319445	0.951317168160344
DEBW0195	0.895139243541746	0.925525716704377	0.916866884902344	0.917943840184782	0.927518997064783
DEBW0197	0.859946189103512	0.836727137223353	0.862146455226478	0.835472305277116	0.841343064434232
DEBW0198	0.721662686026762	0.796852712404053	0.794850179418048	0.756002156971191	0.799453219930625
DEBW0199	0.917037834478566	0.916689030506053	0.920158612830729	0.913178657627111	0.919694330001833
DEBW0202	0.929519443313874	0.920947598294988	0.932289438132132	0.910529986458641	0.927649697820049
DEBW0205	0.896607993135432	0.884276337558974	0.895807493059004	0.893634652587307	0.883781592867687
DEBW0206	0.855511743121536	0.841924590686554	0.846008847203129	0.853035046027703	0.842780439710322
DEBW0207	0.911553358219717	0.910752039596095	0.911712554873093	0.910048265626137	0.909718252065497
DEBW0208	0.909791263298678	0.905920878466305	0.900474956812464	0.911474715047806	0.909388230651251
DEBW0209	0.916340291948043	0.918223603313385	0.922447428984758	0.912542036008667	0.92002747184372
DEBW0211	0.921799720565251	0.933263494289921	0.928228908974612	0.924192438229369	0.941383647423762
DEBW0212	0.937261372082319	0.937077333881108	0.939258210992905	0.934206432665183	0.939235668218197
DEBW0213	0.904519015214908	0.867277565428295	0.904069688038302	0.874104522524997	0.867841215721946
DEBW0215	0.947143488491491	0.939936909380793	0.946683958187671	0.94092962873315	0.94019109520431
DEBW0216	0.916722127675935	0.9115640494644	0.919137488864551	0.910413400448916	0.914341090097597
DEBW0217	0.516743311772775	0.530910780268101	0.586161034432064	0.465716955710999	0.524668188361101
DEBW0218	0.889307928728478	0.858798788899352	0.888549796905225	0.863777854009841	0.86507247731268
DEBW0219	0.780937595189324	0.836255882459193	0.794676806654702	0.843445000490534	0.839288199574457
DEBW0220	0.891305609732779	0.886937643206836	0.893383817798427	0.888356912451266	0.891640866654395
DEBW0221	0.874247948888227	0.851863340710801	0.873361352280395	0.854454404251582	0.852629035204973
DEBW0222	0.911550734472347	0.906134596621797	0.907490885956237	0.905555853804561	0.908989025050036
DEBW0223	0.883132758420111	0.869528105345484	0.882618548503027	0.874175230166631	0.8670031241247
DEBW0224	0.913685346203867	0.91550234886196	0.916080182737709	0.91155901548729	0.918266778873461
DEBW0225	0.850824975519825	0.868570652091751	0.869004745952032	0.870388187791162	0.873228077186883
DEBW0226	0.909828805024393	0.898649737581016	0.903747737948099	0.895866337967902	0.899216136540128
DEBW0227	0.899894228125464	0.890332462552485	0.894632355214888	0.894817612901272	0.887690959895351
DEBW0230	0.862874469405584	0.841377775313385	0.849280119280016	0.855120654609334	0.845071774340129
DEBW0231	0.843733190646016	0.823200118169991	0.830529192432959	0.840207764648343	0.824058985569882
DEBW0234	0.890803600506809	0.886392831169374	0.885482678413631	0.887285505648282	0.887123392526938
DEBW0235	0.898473630536935	0.89141043803199	0.891196391023836	0.89817169843588	0.893673413060894
DEBW0236	0.921531546602544	0.918315800389483	0.917992678984761	0.918889439458671	0.919043135678573
DEBW0238	0.854442566095199	0.865848383127066	0.872326298113925	0.853181542734283	0.868684001610653
DEBW0239	0.807381393944248	0.838416756186331	0.825122183771784	0.815451920657518	0.839713641476467
DEBW0240	0.920352010070554	0.903227835512292	0.903581322586837	0.915957707723968	0.901823890797465
DEBW0242	0.858120777749798	0.88603265971797	0.885806369592218	0.85532531902617	0.886363397778107
DEBW0244	0.834119430803962	0.856741122185817	0.854495419700324	0.833898609490332	0.857724704649619
DEBW0245	0.836531522157628	0.863061740369265	0.878450447497093	0.81759917318018	0.864396028654051
DEBW0247	0.85136710515492	0.87072091375945	0.886627393333592	0.83877773679708	0.874202153763459
DEBW0248	0.646662719211042	0.666512514542761	0.649927834293429	0.666119102432028	0.66584350819036
DEBW0249	0.751135722408976	0.729331315530242	0.753504590887809	0.727514426525713	0.728412078489811
DEBW0250	0.830160355892163	0.831508599805799	0.85186857879961	0.809861075684935	0.835437329096121
DEBW0251	0.795513171293419	0.785945726035201	0.817967330536941	0.766285622938181	0.78774171426756
DEBW0252	0.872035421009074	0.889572365615386	0.894518882370297	0.866804536850225	0.890786022435246
DEBW0255	0.862416907651923	0.853415820882575	0.892204598490095	0.826348427254283	0.852553955091994
DEBW0256	0.875167318766601	0.859933054189183	0.882943717949986	0.848768110740618	0.861427782016725
DEBW0257	0.888361951747723	0.889622227822793	0.914819112375752	0.867963996752371	0.890821100408417
DEBW0259	0.890642167432717	0.904680439505025	0.909083699217457	0.882842354652252	0.906284160227524
DEBW0261	0.914926385842459	0.923626703256057	0.932518673613948	0.908223038078112	0.922699054038382
DEBW0262	0.848603966427627	0.855385444431556	0.858985834887276	0.846731994553837	0.857493633007768
DEBW0266	0.913584347662022	0.91268745811574	0.916041770979205	0.912348001451561	0.914137022319784
DEBW0267	0.834336566399564	0.844140003021962	0.839210874424882	0.826620572900027	0.843998474728575
DEBW0268	0.923550847639176	0.919759924895324	0.920891146279791	0.921188484044665	0.918404076170115
DEBW0269	0.903179561045093	0.892206395611308	0.904265777633456	0.884452336539686	0.892306765828194
DEBW0270	0.887295372230233	0.881451535414808	0.882666327532169	0.879417146097413	0.87940611768124
DEBW0271	0.845357431050905	0.851510259040227	0.844653125251963	0.847744122640943	0.850379915716724
DEBW0272	0.9196177570811	0.914311456518005	0.917042146218435	0.913259193199243	0.915680967235996
DEBW0273	0.82800882444385	0.898089989198104	0.886908997153475	0.861911991855197	0.899949150743734
DEBW0274	0.909144996676567	0.892613653982258	0.896037024945095	0.908786148224429	0.891439637760815
DEBW0275	0.91846292229082	0.905772831582196	0.906462828245879	0.920879076249193	0.905609186788803
DEBW0276	0.944325698447559	0.944576144374096	0.937946348441659	0.950049326151094	0.942186977787391
DEBW0279	0.922268233047215	0.925928628805725	0.910006142292959	0.928691773634908	0.924232275074915
DEBW0280	0.901865873900152	0.884936021732798	0.88366678591186	0.904287313866841	0.886395746435816
DEBW0281	0.844710210572645	0.850563993804817	0.85610506200305	0.843488062860676	0.848227650103834
DEBW0282	0.881497404423467	0.890726654396042	0.889728855740288	0.886408213884035	0.888448948135682
DEBW0283	0.913377657422174	0.903527947992396	0.909123335699325	0.901723689385967	0.903975104727038
DEBW0286	0.93795526515346	0.933144353926738	0.933252101672396	0.925497418342429	0.935563126786547
DEBW0287	0.843040606229732	0.814929639656325	0.839753180334491	0.814080152487321	0.820642068114167
DEBW0288	0.851020611381516	0.824291849195439	0.844804673742809	0.819144518896959	0.830409780037976
DEBW0290	0.944690777542311	0.936555780358771	0.932609169181565	0.939632610754794	0.93707126065704
DEBW0291	0.942156810059841	0.936125801907816	0.935148919649447	0.937625603365138	0.936615027575198
DEBW0292	0.938101111877117	0.929294163447671	0.927707905927577	0.935458214582392	0.928475021055713
DEBW0293	0.834607926023235	0.825462308351437	0.83526330661282	0.827039062868009	0.830204490766231
DEBW0295	0.850036354872169	0.828631077607012	0.85568962836859	0.81092847551471	0.82766721133487
DEBW0296	0.885880617929927	0.8739750187521	0.880532436239716	0.876070678357035	0.874598712485708
DEBW0301	0.934439673163067	0.940851625616423	0.944374797559753	0.930687582646472	0.938883101262718
DEBW0302	0.878407859919053	0.873799554904509	0.884308432194009	0.858562831389305	0.879376475732272
DEBW0303	0.896181110145996	0.882312350420355	0.895184045345723	0.878182619187041	0.884169127322591
DEBW0304	0.921251262438327	0.921070059893407	0.925539488752892	0.911518511759917	0.92117762817926
DEBW0305	0.94061180881741	0.944022476775878	0.946117976688453	0.935486661584307	0.945348532714939
DEBW0309	0.934794297179454	0.941070955425598	0.941883090468646	0.930463769668166	0.941433744608929
DEBW0310	0.892260994049501	0.907986965836483	0.90524626439254	0.895098973154031	0.904314062631484
DEBW0311	0.872366118023541	0.875380766569538	0.883039411084653	0.864243091028202	0.876453502425365
DEBW0313	0.920480497188159	0.923151368650423	0.930755294156313	0.919018194203532	0.920967443329812
DEBW0314	0.942256004278853	0.945242441295032	0.94856748174777	0.938339723602176	0.946221340874791
DEBW0316	0.899887595044678	0.919757846368397	0.919682250020283	0.902903999755355	0.916805496142954
DEBW0317	0.91656865627951	0.92890384103898	0.92911326007502	0.916824518461173	0.929683032769299
DEBW0318	0.855912471389627	0.87604086239953	0.873082133578317	0.863715294898678	0.877055119248018
DEBW0319	0.915975949028128	0.935929874914509	0.933829599560897	0.914094848266426	0.935429710327588
DEBW0320	0.934448907972268	0.941641665143277	0.939625247053838	0.932379522540432	0.940730967470494
DEBW0321	0.880101011974916	0.88840544620002	0.890907994680486	0.875725730082737	0.887694149811502
DEBW0322	0.859844664710169	0.840251725325924	0.842066986478291	0.849538030834417	0.838565490686279
DEBW0323	0.940791687237512	0.939273590957444	0.942943888519514	0.937286116230518	0.938993581748255
DEBW0324	0.937028909549071	0.945635967243536	0.944267007741751	0.933559193730816	0.947315685734218
DEBW0325	0.955544136133749	0.954287324806464	0.953782526755041	0.954141059449449	0.954700299599206
DEBW0327	0.914671705847573	0.896021226058548	0.90291787855469	0.910919389077705	0.893057004699914
DEBW0328	0.933851338199959	0.938079891636002	0.936287660578619	0.929389841245473	0.939486975499184
DEBW0329	0.210191067726356	0.680318270626529	0.470043689290663	0.518086150120321	0.686573089921362
DEBW0330	0.819655889369334	0.903139553897886	0.871779099638649	0.879838897521123	0.905288379105357
DEBW0331	0.886440579117764	0.921628554647095	0.91033142768313	0.911759986737217	0.921666404294131
DEBW0335	0.880462074387588	0.840767475057351	0.879862947674862	0.838477182558378	0.842440953528185
DEBW0336	0.917781405674043	0.912925665483701	0.921093617512886	0.901225628062789	0.916784964621615
DEBW0337	0.913093114490758	0.920603972285329	0.917453088975805	0.915630798475339	0.925340556325024
DEBW0339	0.867669536143409	0.877704955415573	0.888315410149879	0.855713080846442	0.879622842075191
DEBW0340	0.867434560422307	0.885050151240044	0.879662880717325	0.866718539958312	0.884480124962626
DEBW0341	0.896106276971142	0.912776213142939	0.91447241680847	0.890809713650854	0.9105101280227
DEBW0342	0.910750129570788	0.918154904680809	0.915431292245364	0.913470938290352	0.918889192293057
DEBW0343	0.889045850085824	0.905907059435079	0.898123839727816	0.891748253565085	0.906375519879514
DEBW0344	0.907095005237794	0.911238515803503	0.906726555974438	0.910059679401883	0.915559907713831
DEBW0346	0.935172459250872	0.929709151012341	0.92863753417726	0.933891071484077	0.927635141069411
DEBW0347	0.866419955482685	0.829319084043413	0.829272375757776	0.860021762444592	0.83406501677759
DEBW0352	0.851437194505403	0.803841612761705	0.811904487639251	0.834727299270257	0.792258094481051
DEBW0354	0.530973917451207	0.780847598038924	0.711054230679695	0.663468746746316	0.780518146311452
DEBW0356	0.84565414964581	0.821210218633948	0.825912309459571	0.837772812734311	0.824822088813432
DEBW0358	0.84344348663841	0.844576155686972	0.844309840634911	0.84208696531127	0.844404498323942
DEBW0359	0.882109297681673	0.884495954814079	0.883826053139089	0.883814200293511	0.881626558397922
DEBW0360	0.863899921239155	0.842210369853185	0.841257294524875	0.858884615959381	0.850171651056769
DEBW0361	0.861600792440774	0.858667244708737	0.860686245738845	0.852955170778121	0.855856986498737
DEBW0362	0.878871236647109	0.868906752543078	0.870300735902526	0.875663131878533	0.875975906491837
DEBW0363	0.807523224126736	0.821210668142976	0.825213810916102	0.808797468348418	0.816587713826756
DEBW0364	0.807458071863991	0.800102745799696	0.807282923972294	0.806194713870992	0.803288365206864
DEBW0366	0.827736200546553	0.835793247801231	0.850022777275491	0.819314837762987	0.841771087498833
DEBW0368	0.859474932578824	0.866372286325141	0.866622312740673	0.859867595778416	0.867756182810873
DEBW0369	0.87780075059145	0.880131199096734	0.877940085742627	0.879292757807071	0.882974719641116
DEBW0370	0.891717358962719	0.907986450462985	0.90705590849974	0.890832718133987	0.906097827436098
DEBW0371	0.891589741887416	0.92015848512853	0.917812598700275	0.894999871822156	0.918169154025301
DEBW0372	0.716360430713584	0.806826142004391	0.77782704400529	0.753270239522583	0.802768802949908
DEBW0373	0.882762343025246	0.866976397071067	0.875634545599918	0.883307364388843	0.866914878676361
DEBW0374	0.911399288898001	0.89056608681049	0.900613244126062	0.905012006312272	0.889934969446257
DEBW0376	0.822141855402496	0.855296589316057	0.838782052351342	0.854815580612744	0.854621997755516
DEBW0380	0.301464757750537	0.834805437044783	0.784363510498166	0.511837014020462	0.834963750374494
DEBW0381	-1.91821296939991	0.669173971244665	0.11966924636918	-1.07512368458431	0.648454255346952
DEBW0382	-1.10873363148251	0.842164345132087	0.47443799912814	-0.470376893888523	0.837020742296047
DEBW0386	0.899843308147138	0.898267619781901	0.893616728597251	0.899041681518675	0.906931751136061
DEBW0387	0.895299060603866	0.917000027938704	0.917474317231831	0.890652278795502	0.916184641064396
DEBW0388	0.912890074816909	0.921907755783669	0.920991271053065	0.913390484956279	0.922688969468185
DEBW0389	0.922197873950476	0.937319068740272	0.937984067123906	0.918170414743497	0.934405877865737
DEBW0391	0.63206889501943	0.641318848342168	0.636666303647793	0.632677464097909	0.651379744735592
DEBW0392	0.896209832318585	0.903380289628192	0.901063786420881	0.897945769157064	0.906462745176338
DEBW0393	0.918229134659056	0.912847896307617	0.91162491777034	0.914428090480631	0.911724359776555
DEBY0394	0.887624437750442	0.867517292513322	0.869503785474002	0.880817116297015	0.870434616484738
DEBY0395	0.919414370287356	0.917036774908842	0.91777059494252	0.912373193749913	0.91534373846462
DEBY0397	0.890832147263573	0.869453829825171	0.865430043754913	0.88967853234376	0.870947937175334
DEBY0398	0.810156567541821	0.843788513405227	0.844053506316794	0.813894712749124	0.847170327796702
DEBY0401	0.908311833503441	0.91132277136163	0.905209775193341	0.907622343713369	0.91160471689782
DEBY0402	0.902634287255741	0.891257672146196	0.892007555631305	0.89765321684831	0.892503920916305
DEBY0403	0.879723279803747	0.892384208027254	0.881594626658087	0.894051134947599	0.891497228419266
DEBY0405	0.891609852136285	0.907485458937718	0.906193993143291	0.895639997596138	0.9047639059428
DEBY0407	0.891755300640915	0.891194702374818	0.89416796287315	0.881935963681698	0.891985430541381
DEBY0408	0.890160227167349	0.900887761623473	0.894565859353495	0.892921402754128	0.896557737938022
DEBY0409	0.910260458540484	0.904289724791764	0.907808568443714	0.913010811917558	0.900209421805865
DEBY0412	0.860909793319117	0.853802544854592	0.860340140040902	0.857702260478894	0.852247129495601
DEBY0413	0.818182708211033	0.827673650564093	0.834432412300843	0.814262658744331	0.825786078313972
DEBY0414	0.848239730140969	0.836538635414615	0.847069218695568	0.837547331157697	0.839467835235299
DEBY0415	0.908529117107575	0.894057604370974	0.906830990434397	0.894450695168463	0.896789146627122
DEBY0417	0.830250985545346	0.810288719074387	0.815056989218604	0.824150779609552	0.812444171663353
DEBY0418	0.892456861433343	0.89577608487369	0.896928605900177	0.898628386500289	0.893466077293697
DEBY0419	0.921346491731274	0.9065947123216	0.904472388902503	0.903812631438725	0.904765284408713
DEBY0420	0.895203861038471	0.891449732178569	0.895247259469179	0.886150217592984	0.888412970362491
DEBY0423	0.897033404440805	0.885925523678638	0.899992699632522	0.882735005988625	0.885004571113668
DEBY0425	0.928624190838545	0.925547912100489	0.937519084143146	0.916494516201096	0.925514732164576
DEBY0428	0.955812913338465	0.949127009483304	0.951751152852676	0.948041343985073	0.94914035643878
DEBY0429	0.89656825420462	0.881499086644919	0.886288765486708	0.894828683954644	0.876587642920122
DEBY0433	0.832600581675012	0.875847078742457	0.837909164061905	0.866049244460648	0.869974136085957
DEBY0437	0.816865550451384	0.772442234633767	0.820932184641882	0.772809380630362	0.776232133695846
DEBY0438	0.91269032130204	0.906253102244969	0.908319208118516	0.904749341267073	0.907489637635506
DEBY0439	0.88387858243368	0.890433451920061	0.879910597515883	0.883716594494062	0.896410483401902
DEBY0443	0.807979707033664	0.79287165051376	0.799992830404719	0.802818348995722	0.792687314818446
DEBY0444	0.797459035952482	0.788455546055602	0.803393968818716	0.785012571169725	0.782136957684334
DEBY0445	0.897587718798051	0.890678242549043	0.881613645218124	0.893492795467297	0.883360636146444
DEBY0447	0.911148429114374	0.915861556492294	0.923019204391933	0.907883417383326	0.911929778918582
DEBY0448	0.843412441103067	0.817306074895722	0.828032309017754	0.831300087558074	0.81540631433104
DEBY0449	0.886493155164789	0.905225362987321	0.899276097795022	0.88558188289947	0.89374175357401
DEBY0451	0.853532104296792	0.879547786245252	0.885184382568112	0.850840515806551	0.880942505069427
DEBY0453	0.903698042601028	0.918179192413796	0.915859554292942	0.907087680862736	0.918609946280954
DEBY0454	0.89301010805617	0.893096051068845	0.896797196564677	0.891229452714655	0.901386735930274
DEBY0457	0.820312509584946	0.79785429945117	0.795961480260088	0.810422897809983	0.79965098738264
DEBY0458	0.895964563050518	0.890449905226082	0.89405683289924	0.879829965087956	0.891271392041006
DEBY0460	0.903645535383494	0.912740533071199	0.904575259755443	0.908896104187171	0.91296729526573
DEBY0461	0.860312669352384	0.851383931312326	0.857809334077522	0.856527677500143	0.851552314752427
DEBY0465	0.679289162085152	0.692956317014247	0.701134063654109	0.671754743002846	0.698239035110154
DEBY0466	0.672952878485384	0.804297148421545	0.771481841946569	0.738813941481707	0.8033312860847
DEBY0467	0.86186069731032	0.875373560267096	0.866613982637185	0.85680640322555	0.876374627577455
DEBY0470	0.90642931566234	0.900991424263797	0.891994901775152	0.905026845120345	0.908492362298735
DEBY0472	0.958729044077892	0.960400183429113	0.962348540576758	0.953774277652309	0.959869535712784
DEBY0473	0.767219672031188	0.765347344635815	0.769217537300497	0.761900765767595	0.767461836808652
DEBY0474	0.885239646278363	0.864437771164266	0.863920444403875	0.878517931113768	0.869574297956976
DEBY0475	0.911802705970074	0.894380283782468	0.893837942126913	0.899510917935008	0.89859864792679
DEBY0476	0.832939716186437	0.821030323045695	0.802319251439416	0.84608551462111	0.7877292788836
DEBY0478	0.835816869575032	0.831561462282324	0.830418820750974	0.833228529741729	0.833991586189342
DEBY0479	0.873184779411441	0.874080845287005	0.870197669898409	0.880079363102975	0.870950288287215
DEBY0481	0.818874813341211	0.835547872402113	0.841030903363814	0.805464377866357	0.839903912300061
DEBY0485	0.858305736627881	0.836947421589785	0.836610479255413	0.854222290086793	0.841812526789457
DEBY0487	0.842316998439786	0.880897660534565	0.89002085840367	0.842050471569648	0.882599902311993
DEBY0488	0.895469782497882	0.889150236985544	0.893045196930713	0.893106624525218	0.889184284125581
DEBY0490	0.830231196074061	0.846008959659126	0.846373798755469	0.832733186258648	0.843946603882772
DEBY0491	0.942852059484272	0.934543109939393	0.92647277087536	0.944649949948227	0.933845960571962
DEBY0493	0.816796628599761	0.835482539088557	0.838395979771567	0.8164955122633	0.835998223976106
DEBY0494	0.871173354827678	0.877733228412086	0.870820611521563	0.877008906305925	0.876719512076491
DEBY0495	0.901423628385108	0.904350765677597	0.902021919399975	0.902781302205635	0.902923781025108
DEBY0497	0.933337168208232	0.934401309453542	0.935143257041843	0.932944960399591	0.932319415899667
DEBY0498	0.926386333520443	0.93045131409293	0.926684231133422	0.926240803348929	0.928971000908667
DEBY0500	0.922196746157248	0.924750409522338	0.919621728844178	0.917013681126538	0.923489586168902
DEBY0510	0.872000353390636	0.857957701687892	0.849934364333008	0.867606444460427	0.859822262005301
DEBY0511	0.890672705305628	0.875668338336088	0.875991109391355	0.88736656037282	0.875551380284853
DEBY0514	0.952996102763747	0.951984828853963	0.959523256887841	0.945415137556838	0.954652098425342
DEBY0515	0.89879880566843	0.89559650488748	0.898241681719589	0.892896378535404	0.89772576107137
DEBY0516	0.855915537341545	0.881965320374379	0.889025303493334	0.849570224771619	0.881191656449656
DEBY0520	0.932943273880353	0.888766900060342	0.934067547504767	0.892721525554195	0.890943325518172
DEBY0523	0.919967231514599	0.907848469481995	0.918367701149599	0.903877626850363	0.908339963863167
DEBY0526	0.941862466675525	0.939333593999733	0.949053434768599	0.93196799786794	0.93922429054882
DEBY0529	0.866868109077962	0.843990969423186	0.857946770763611	0.863248332025412	0.846502660152294
DEBY0532	0.834472441044291	0.811327732682281	0.819210585515577	0.83260112049197	0.819166649454848
DEBY0534	0.957187714519649	0.960082831396632	0.959050803963585	0.957038258997973	0.958817783648629
DEBY0536	0.924308737966651	0.926029728483078	0.927642104011926	0.915137033243849	0.929425715626922
DEBY0537	0.929005398777964	0.929337513938322	0.936040142426706	0.925243103662702	0.930288803076632
DEBY0539	0.901767398653755	0.900469698590416	0.898816978547814	0.905824903573235	0.899923111540157
DEBY0541	0.909278153770992	0.922646196283493	0.923852357607104	0.916289939568063	0.920073519851637
DEBY0542	0.876720981057224	0.872576867755915	0.876855988976155	0.862488806291158	0.87260201197899
DEBY0545	0.903609017570152	0.90705207753974	0.900292774541276	0.904489743093302	0.903719239451733
DEBY0546	0.788050955289398	0.765857280036671	0.766129674198562	0.784622968179283	0.76891047778505
DEBY0547	0.920363142602135	0.918295412309112	0.916915671339721	0.916912986480193	0.917551862210778
DEBY0550	0.824672798006862	0.856168882622173	0.858134543906814	0.822663530938565	0.859299943561835
DEBY0554	0.833943816355341	0.813227653525485	0.82621962738285	0.818879871513255	0.817339460887044
DEBY0556	0.885166157688098	0.899535113381109	0.8954428166284	0.897563349412552	0.892155700851132
DEBY0557	0.758975169588274	0.749993448687639	0.756272870497573	0.755617364501806	0.75718428615724
DEBY0558	0.953509650123158	0.95344019272255	0.955457183264553	0.94390489596494	0.959169973040519
DEBY0560	0.848415444367843	0.857173479831755	0.860807319223663	0.848232469294941	0.856533508562505
DEBY0562	0.88296526839022	0.898962143821627	0.904411000044038	0.867212769547801	0.897863741468786
DEBY0563	0.934165408693805	0.939743038754791	0.941058254212039	0.931584142987499	0.941298529941819
DEBY0566	0.862435673445163	0.841584119387913	0.847529564249675	0.857985947347442	0.844670686188871
DEBY0567	0.910516344946002	0.911772714772904	0.910246419325807	0.913496181680328	0.912154128821527
DEBY0569	0.928181356422931	0.934446076172515	0.936381745270354	0.927715520749268	0.936164359418426
DEBY0570	0.864274699732257	0.879373127774609	0.889816779879304	0.85058462714626	0.882072275887397
DEBY0572	0.934271804677557	0.922905094861295	0.944285067917065	0.913960369550798	0.922912944610826
DEBY0578	0.877859106116325	0.87103833455331	0.868049086852421	0.876268408372839	0.872923414748462
DEBY0580	0.867082488631905	0.844235771218277	0.86655906633006	0.844569130522498	0.846392757780599
DEBY0582	0.930886008071627	0.929746115868487	0.931304771999501	0.920588854027897	0.928058039324801
DEBY0583	0.758723671204565	0.814183847076784	0.77318076010543	0.80999981219898	0.811082773796626
DEBY0584	0.900031159825079	0.89714190618738	0.893921043627006	0.900998155608731	0.896101860201677
DEBY0585	0.916652632314215	0.914874988365121	0.916074002647832	0.915568127121888	0.913483074954744
DEBY0586	0.896562115443448	0.898959449202239	0.91692920206215	0.875483442261163	0.902977243892712
DEBY0589	0.89723538678436	0.908875048012284	0.907587911640709	0.896233961020859	0.910705415382765
DEBY0596	0.918130548469566	0.91711430610186	0.919534538262859	0.911942056030324	0.91724018246926
DEBY0602	0.851220165863171	0.864049827635979	0.865112680254055	0.852254628044383	0.865959055824134
DEBY0603	0.777638011527701	0.798574262386756	0.799022323925148	0.778323436465507	0.797766959366438
DEBY0606	0.774928029874872	0.7664347235937	0.755430766156942	0.785281397794	0.77139537364635
DEBY0607	0.831572019124327	0.82683040790398	0.827217795649133	0.826900957877471	0.825226166866495
DEBY0608	0.885494253284835	0.884068302008742	0.892006365123058	0.886264371263527	0.884327713176095
DEBY0612	0.75942178534537	0.80586475985523	0.805771851506985	0.753084706517087	0.808046859407832
DEBY0616	0.0171210964082608	0.016969852327465	0.0235824971563144	0.0104930185159473	0.0178427503328247
DEBY0620	0.778605747420023	0.771759323734944	0.783328391899303	0.767246054646102	0.771076191760386
DEBY0622	0.897642520987588	0.891606964640707	0.890774721078024	0.898011785665866	0.891440403156309
DEBY0623	0.8235068981581	0.859160489285063	0.857189348676422	0.83001758248906	0.859860115703638
DEBY0624	0.886636718358462	0.851608186157008	0.877160660417697	0.867721013518603	0.858557900198379
DEBY0626	0.922027420003997	0.92488253944535	0.92027359692222	0.911377530829435	0.92093040748527
DEBY0628	0.884854442322864	0.859000019935695	0.87631504140936	0.868511491943392	0.86193528232748
DEBY0630	0.86452214281993	0.878996809107234	0.872673485015346	0.875890624975695	0.880856060237866
DEBY0631	0.925006013654234	0.932024272567868	0.928261728712852	0.926853632265166	0.931244410070895
DEBY0632	0.889796327128047	0.899996667583747	0.902129540454103	0.88202852540891	0.904963581231686
DEBY0635	0.907186081476033	0.915620855861073	0.914521548431903	0.90940924727148	0.916717044378041
DEBY0637	0.862385382704345	0.883059182381583	0.876545197527527	0.865174668088516	0.880665598199981
DEBY0641	0.888346501676428	0.889727474037697	0.896036230418346	0.880064608468279	0.890706452969303
DEBY0642	0.915405106756732	0.896625854084586	0.921332243445014	0.893771655944339	0.897145125086034
DEBY0643	0.827460028803455	0.810003246761282	0.804665846668438	0.823535968003034	0.812458181586285
DEBY0644	0.943213296297342	0.938872453374059	0.940920472473763	0.936083357180841	0.941111434492161
DEBY0645	0.880259307242684	0.860744388103553	0.859607374778347	0.870695618256517	0.864740485100995
DEBY0647	0.861524023728013	0.855439898077661	0.853934450721321	0.856239588175355	0.856951541764364
DEBY0648	0.926935442797625	0.913663174965904	0.92596943611078	0.912727706802565	0.913656508291177
DEBY0649	0.913783134779578	0.901847644547483	0.910551131388093	0.907553824349464	0.900961042312345
DEBY0651	0.893197806166937	0.897265390771406	0.906203361765012	0.889722139352523	0.892717585664135
DEBY0652	0.867005585577362	0.859417857085198	0.869309968935938	0.858937358320085	0.870458064569547
DEBY0653	0.915573124056401	0.928100569287975	0.927149069563698	0.910530371245008	0.926054428054755
DEBY0657	0.945881378857485	0.953505876270671	0.95242031252382	0.944787146337551	0.953644489995027
DEBY0660	0.940239286588853	0.926270692664365	0.933050397357726	0.931870953985408	0.926994613277453
DEBY0662	0.841325970786701	0.828525200090317	0.826978585848825	0.82999615750193	0.831126066760792
DEBY0666	0.887129952166296	0.862617276187913	0.866527151240898	0.879869515977447	0.866673598005338
DEBY0673	0.90343823548826	0.901712763301448	0.899668503706676	0.905320826412031	0.898322050294524
DEBY0675	0.944124578331353	0.94261182071749	0.952252290001563	0.938289808772244	0.943195775379112
DEBY0676	0.920942093745584	0.930070767670905	0.928212138618364	0.925523374816474	0.929905480520866
DEBY0679	0.872526774535713	0.872911879765305	0.873138223200961	0.87200631004318	0.867763849567895
DEBY0680	0.915827883130745	0.924989548971833	0.920732263816116	0.917366333249047	0.925608849327363
DEBY0681	0.895998656461373	0.86493691677638	0.889540739571234	0.880623785263089	0.873128318165799
DEBY0682	0.853841438604899	0.791895092142462	0.866619176184986	0.77093506325638	0.786416054590195
DEBY0687	0.782620751336847	0.822350574179075	0.803867440406085	0.790047632927457	0.818887145141688
DEBY0688	0.940451994184521	0.934182846702703	0.940821988774736	0.927664332263248	0.931266959340119
DEBY0690	0.881361275951451	0.883402220793784	0.890188270278503	0.868509282412097	0.885921361007604
DEBY0691	0.918235427366553	0.912862150104976	0.916798615897246	0.909264233982543	0.913646783171608
DEBY0692	0.560279717626296	0.560950578255054	0.553368510972237	0.57069833856823	0.555870814688807
DEBY0694	0.761409988597042	0.828975808168014	0.808120643059893	0.767665138155964	0.82797519366207
DEBY0695	0.721628586089297	0.793494287638314	0.778717965713139	0.719314450222233	0.793695457200205
DEBY0696	0.880223829969737	0.867282319342786	0.888720286580077	0.866249437748748	0.868260071081474
DEBY0698	0.73763663270489	0.71943264437769	0.723542150983555	0.725066733533426	0.71641643767553
DEBY0702	0.921353236300714	0.928157886947811	0.930114647648038	0.918121192736865	0.928635584253131
DEBY0707	0.823093226392567	0.837433138967079	0.830516133828158	0.824981684588569	0.837412474407862
DEBY0708	0.884241251943807	0.863163795691386	0.870417773397944	0.888791488020158	0.864936586819583
DEBY0709	0.951170116332765	0.955759734254761	0.955246634327255	0.943833189549324	0.952422375450156
DEBY0713	-0.0317962488128276	0.333432353927823	0.222042577193057	0.0767999686592428	0.336884056246436
DEBY0718	0.885708500891868	0.883435567486382	0.891903029294716	0.877113248603133	0.88479636522048
DEBY0722	0.77612369969678	0.84979059771955	0.826786111591419	0.801381386548475	0.846674132126529
DEBY0725	0.704151462706527	0.66390595796313	0.704617111419716	0.648409385602434	0.652971544620341
DEBY0726	0.887286212873236	0.888864074317256	0.889801540626444	0.8882484603917	0.887404593099449
DEBY0728	0.886413448823688	0.893830904710748	0.894405581034336	0.885493045576408	0.896722512039577
DEBY0729	0.81536383512989	0.78958302396967	0.81608568076696	0.787167968920518	0.795048592207327
DEBY0734	0.874424272513359	0.896418728794613	0.907222934324892	0.873331080926396	0.901358463305076
DEBY0735	0.846987949349118	0.838572424842291	0.839646149223328	0.840799817943214	0.843808196257298
DEBY0736	0.882895794692475	0.882082387322868	0.884172751126317	0.880433700179985	0.886502516085124
DEBY0737	0.900050002093636	0.879944387896318	0.881963081598268	0.888261312727859	0.879759515443162
DEBY0739	0.873095275030533	0.893233634564332	0.888355984592802	0.86657579964393	0.89720158707968
DEBY0741	0.880527042892914	0.882409419139194	0.875742204176486	0.885023587674552	0.883115162306791
DEBY0742	0.799906754140323	0.805350143076301	0.816808170846173	0.780928582260244	0.801436555137113
DEBY0743	0.934059175635889	0.930147138707362	0.930119730698208	0.932499199161646	0.933654503530174
DEBY0746	0.913535293932993	0.906721956595192	0.908963901395912	0.908880144038749	0.909270690675182
DEBY0747	0.854347514961705	0.862915984995693	0.862429105175365	0.840675438752682	0.867946992541595
DEBY0748	0.908849077339324	0.911545082526973	0.911183312968715	0.909997813936221	0.90990377329248
DEBY0749	0.907368541835941	0.909480801444062	0.910110364755153	0.900939534675281	0.912303223844046
DEBY0752	0.899689522762336	0.884112265827682	0.877963357111991	0.901575419294429	0.88535744905014
DEBY0753	0.143580420288682	0.133572067782108	0.142237969378094	0.137256399684477	0.128912777387759
DEBY0755	0.840130441611495	0.821999056820134	0.819626062057725	0.83440045191067	0.828300912552913
DEBY0756	0.847902723965963	0.8270970456633	0.833694882619479	0.844390763424655	0.832689608823711
DEBY0757	0.794776561374315	0.876944915195344	0.847320111381737	0.856160121312191	0.870247638565876
DEBY0758	0.890477299001048	0.88619118611338	0.889794698538758	0.888764862854752	0.891440562228405
DEBY0760	0.927554822837861	0.908696642794974	0.929260756894099	0.909673094694338	0.911005361694065
DEBY0761	0.893622705403438	0.897305076741217	0.898949142106786	0.893949752528727	0.893482619168244
DEBY0762	0.935620785955013	0.916545411601901	0.917990365225573	0.934915950862242	0.912969036868257
DEBY0764	0.762276284726433	0.742056909463136	0.746746640202643	0.752990779603127	0.736957493953318
DEBY0765	0.9471692025549	0.947292030228553	0.946436126823024	0.944567396469569	0.945041349734531
DEBY0766	0.844414276111267	0.853459038574901	0.837989590833598	0.869820113955389	0.851869980807758
DEBY0767	0.873759371871454	0.86599112357195	0.866482965775946	0.861305529764003	0.869590731597728
DEBY0768	0.943363825490792	0.946525513525678	0.94583649604575	0.942288722518444	0.946496368153262
DEBY0770	0.89323944639304	0.894349672767364	0.89648360598536	0.892935840604643	0.894600291236163
DEBY0771	0.844652488680484	0.854655049444731	0.853519477509418	0.849306468103897	0.852971450373927
DEBY0774	0.857632573151339	0.839979416063191	0.841943597102779	0.85407495627273	0.839869527716939
DEBY0776	0.899392322020495	0.895781641862974	0.895470163777251	0.897489800149204	0.89585226100865
DEBY0777	0.80542053720684	0.781059173633654	0.784249514221443	0.800276059261512	0.785957303510627
DEBY0778	0.898487469609172	0.890737430224289	0.891207067431044	0.897366941880327	0.889010852988353
DEBY0779	0.901092121675891	0.918172266508322	0.912189067633246	0.900404023303108	0.919400177693815
DEBY0780	0.94163331855046	0.946625386318883	0.949236252622752	0.944716889708526	0.948312973835411
DEBY0785	0.936239185112143	0.942091382304013	0.935920425864753	0.9351807111686	0.940769464383199
DEBY0790	0.878041980641969	0.871150661089131	0.867392626391381	0.882650001421794	0.872815013293083
DEBY0792	0.890547948639634	0.906431676854867	0.904205119015987	0.896977237883805	0.901238816940484
DEBY0794	0.750644826465004	0.747771058847972	0.749403559557897	0.744377187345145	0.737773888209409
DEBY0798	0.840655485641613	0.835260041108456	0.847726713118174	0.830910995830743	0.833817994585457
DEBY0805	0.930375822457293	0.931741990984781	0.930519844744101	0.923759753265685	0.929029993467565
DEBY0807	0.844180204050095	0.861952195961656	0.842343391625251	0.861081881846777	0.860203296179699
DEBY0808	0.885890683579485	0.898442132776727	0.902776002959573	0.883550955099091	0.892766421553473
DEBY0809	0.879120920868542	0.897046020736251	0.897094881936495	0.87884742852392	0.896629085855273
DEBY0810	0.883487859997026	0.875991345667927	0.867281615287511	0.89145514048337	0.882696801190467
DEBY0811	0.932049739612805	0.934854329358305	0.933097186150271	0.927489694004055	0.935494823915283
DEBY0814	0.88921952755237	0.893387706024906	0.894336906957626	0.894647176010109	0.891467889000935
DEBY0815	0.868634110709602	0.880700701301965	0.873789043154106	0.876874831508042	0.879559258088203
DEBY0816	0.896178339073307	0.877374885784926	0.883883197238945	0.888230086732551	0.879647438201663
DEBY0819	0.887171490177983	0.887782906839854	0.893258059141293	0.878202163092043	0.886118342729204
DEBY0820	0.834985469346371	0.867974965579337	0.873408385445356	0.827767109856513	0.867291769616645
DEBY0821	0.861884425362877	0.881483168717486	0.867159620485282	0.870818019934861	0.882646065023744
DEBY0825	0.870497243834511	0.874900502834576	0.878233087098321	0.870304919320603	0.872858028836811
DEBY0826	0.758023347636991	0.717728475389197	0.744274144521737	0.733553534509863	0.716171092733817
DEBY0828	0.888493436514884	0.864079164672789	0.870507618627471	0.875759142425498	0.866129528433451
DEBY0829	0.919404278323289	0.904629189014426	0.90169138544493	0.922803117608367	0.905150821855445
DEBY0830	0.810910217040094	0.801575003039348	0.815808802944948	0.804362037103425	0.787559077394494
DEBY0837	0.938164784891097	0.933724666185705	0.934371304177606	0.934347039175406	0.935024162915033
DEBY0844	0.945804348381343	0.947090107482863	0.946946867753155	0.942932850023168	0.951255463689441
DEBY0845	0.905459609864108	0.909889042071243	0.914427825195839	0.899735190071836	0.915347708531852
DEBY0847	0.847668375425565	0.805328319514303	0.845377240832228	0.817548385305814	0.799920837543377
DEBY0848	0.931138137458437	0.923890292549524	0.931837454550391	0.921124365243021	0.921838985288091
DEBY0850	0.937609619875113	0.938967057344723	0.942577329020106	0.93172387008543	0.939036908039887
DEBY0852	0.923686781349624	0.915842598811225	0.926321632907137	0.906964395936273	0.913635748113247
DEBY0853	0.906095438031999	0.906050046823858	0.908670658738275	0.903046877678345	0.90607778660695
DEBY0856	0.883679932360497	0.87785752845813	0.87226886657902	0.885433048482756	0.884702006001791
DEBY0857	0.869168630326504	0.870280658777981	0.868021121990702	0.871584593562384	0.865146163466924
DEBY0858	0.859656503827837	0.858888219003559	0.857400489277919	0.867119435362206	0.866459115535869
DEBY0859	0.908539811798869	0.922834534377719	0.922881974568483	0.904413473213035	0.926149040058059
DEBY0862	0.908292865193809	0.90102116729314	0.898067622856502	0.908194172909996	0.901186866592891
DEBY0863	0.915589798157919	0.918827259786617	0.922422460700925	0.915575139568209	0.918482042199115
DEBY0864	0.721812063618269	0.717036986473063	0.707893504228659	0.730421414704509	0.71753965854239
DEBY0869	0.797613480510706	0.821247602347006	0.811921130080859	0.802165663296082	0.816911812228853
DEBY0871	0.908433873696329	0.906642770626359	0.911461429346611	0.910755198280738	0.910777141020887
DEBY0873	0.936106516665977	0.926363309182614	0.926562384796132	0.936436764334801	0.928674549651759
DEBY0876	0.896023364152773	0.891103702911151	0.898853127928822	0.888192756926457	0.895861892504455
DEBY0877	0.863331019025014	0.841782871457624	0.843760040010123	0.862869098474687	0.842590648036065
DEBY0878	0.906537367246952	0.913070299400771	0.914374550765033	0.911788643859849	0.915241764044703
DEBY0879	0.910422774978502	0.891200905972597	0.893720244826094	0.901638873722614	0.887119179373042
DEBY0880	0.889618187918788	0.885626703320079	0.88857768740875	0.881814233724345	0.887195296224913
DEBY0881	0.877104614483626	0.879780491566195	0.881279463663549	0.879265132465343	0.880676184530549
DEBY0887	0.806366123267444	0.828174333412525	0.80006213197498	0.827441042041442	0.82585090677559
DEBY0888	0.769048223475185	0.769712484689017	0.758491058849321	0.791090093166598	0.766402576491803
DEBY0890	0.877527122835362	0.838371369288636	0.829104535520619	0.876987671927929	0.832824180234336
DEBY0895	0.817565517004842	0.803018528234914	0.809726435079648	0.814659965635748	0.805090971564137
DEBY0896	0.853718346635462	0.849281135645831	0.833241121105569	0.862792219087228	0.850928987012287
DEBY0897	0.831260408362381	0.818292260487186	0.802758293576276	0.835007499461441	0.813917976862078
DEBY0901	0.897313949550345	0.905700222122374	0.904626195213311	0.901915743707759	0.904085278400064
DEHE0902	0.907613541619878	0.888538471848084	0.90179751597154	0.892496924395277	0.889878848712059
DEHE0904	0.9030991458709	0.894785001391166	0.905270432450469	0.897733013194226	0.895507762919672
DEHE0905	0.897938931162263	0.904803143875074	0.916823139392627	0.903030293298423	0.905193035269481
DEHE0906	0.959167050462693	0.955720655634211	0.958263949592894	0.954079275373632	0.957247776176205
DEHE0907	0.942082030074558	0.943815465925871	0.947987352664125	0.935864931836969	0.94201812431178
DEHE0909	0.89791825250345	0.902207417846113	0.894000074527958	0.898967692496076	0.901768952350766
DEHE0911	0.91591017098432	0.910394092298107	0.908724160107783	0.916179407145477	0.910791543692548
DEHE0912	0.925782062645086	0.920532596909747	0.925344338669939	0.923630979777244	0.919870376321217
DEHE0914	0.9026755669	0.86886501675297	0.883100590467405	0.8974746293027	0.876892866665006
DEHE0915	0.846740685366108	0.833324817293859	0.839060196216212	0.826371705596331	0.832170958702265
DEHE0917	0.953057735749086	0.953674122521821	0.957209175345445	0.945216191298984	0.954608452901228
DEHE0918	0.922992410840081	0.903659302840923	0.91377442979487	0.908100675259375	0.905747780132108
DEHE0921	0.843666377392114	0.81621762109926	0.813912490640151	0.844992113201595	0.814239000788239
DEHE0922	0.924261480823482	0.924035948796446	0.921403468039331	0.921321371266817	0.927042993978011
DEHE0923	0.941969527088141	0.932213186572072	0.933643990849372	0.937150137779894	0.931267528871529
DEHE0924	0.914389249261653	0.908099674786323	0.905646398649402	0.91430086976558	0.908924313399717
DEHE0925	0.949831662903008	0.957320282199412	0.956603810510125	0.948730667488125	0.956803244308337
DEHE0926	0.939788460230651	0.945303320998624	0.946054818085948	0.938445673016005	0.946369416555143
DEHE0927	0.936694363704371	0.939059715279286	0.936857066248837	0.93644959505395	0.940846178320208
DEHE0928	0.931097879780326	0.929977494702364	0.932371931060579	0.925354533954449	0.929271366394977
DEHE0930	0.861738341626349	0.844832402970833	0.842034766517972	0.856121088540524	0.847351055645693
DEHE0931	0.885546133768824	0.878118249707072	0.864064918333122	0.889477059570763	0.876949078663718
DEHE0932	0.902709829522496	0.927075117688433	0.905612407917526	0.914754559264067	0.92542734070029
DEHE0933	0.913526240538264	0.904120755254915	0.906465579115163	0.902756216960183	0.902518703089901
DEHE0934	0.924173748156245	0.939201679033177	0.942158941763257	0.915882849797252	0.937029362275951
DEHE0935	0.942625892208263	0.940556953314457	0.928654099627475	0.93223663898898	0.943407049507332
DEHE0936	0.921578261049842	0.921054357268232	0.912444548648768	0.915785346899047	0.92222609642056
DEHE0937	0.8746522331153	0.890776519056737	0.892662805743955	0.87006840968966	0.890528849184905
DEHE0938	0.913774076395372	0.92117117528505	0.920995007747663	0.910087368090214	0.918113600589775
DEHE0939	0.749916001477416	0.752633086479737	0.755872269627588	0.751298458324621	0.753184775063227
DEHE0940	0.958523949559914	0.952612805739656	0.955385670860742	0.95876836424588	0.952307143482702
DEHE0941	0.903930642107487	0.89490071009808	0.895357742489498	0.898074273300495	0.89938324202558
DEHE0943	0.89722947733685	0.887975325334933	0.881524711882159	0.896726422779739	0.886958945443916
DEHE0944	0.917477274827177	0.92181039073745	0.926864510472352	0.910724385250526	0.921400327857028
DEHE0945	0.902021900064166	0.886061553424872	0.890219174299654	0.89947559151239	0.88257055306684
DEHE0947	0.938770165481792	0.939923063740311	0.93654013616553	0.93808725467663	0.939279422943429
DEHE0948	0.917243161693692	0.912567931539701	0.905047922157464	0.918935713923058	0.911623568077639
DEHE0950	0.941435885575535	0.930727225070805	0.932284357037141	0.937169914245776	0.932779942926529
DEHE0952	0.932192012425191	0.922414556737406	0.922995872761078	0.930849349537234	0.92041877580524
DEHE0954	0.867839219732296	0.870959763364973	0.865407089125031	0.867646850182018	0.872404280858425
DEHE0957	0.948419015329872	0.928712876804593	0.926713279306867	0.94440861648313	0.925969961910681
DEHE0958	0.911451164766133	0.907172633278401	0.909875343574053	0.897228734685489	0.908386777463287
DEHE0959	0.923858017740372	0.925501413198731	0.928833917941482	0.920410227023097	0.925801538471304
DEHE0960	0.911445273672961	0.912292524036659	0.915963568970125	0.911195425292375	0.912764309856087
DEHE0962	0.924890918604519	0.911679593337316	0.92885707655222	0.903625942974722	0.916483454327622
DEHE0963	0.795424670418262	0.779936299817279	0.776730803564891	0.798085819114783	0.777932431377511
DEHE0964	0.878794460290377	0.846869200066187	0.851569733377102	0.862155517483345	0.853480398733018
DEHE0965	0.8914258194576	0.863452279962436	0.859278705349365	0.888398496716688	0.859708288528164
DEHE0967	0.940651352584052	0.9443680987907	0.942095476745746	0.943629607341742	0.944123462870193
DEHE0968	0.943582528977481	0.943199459065771	0.945312322955388	0.937525882339992	0.943017250249009
DEHE0969	0.89680169846807	0.868478482726965	0.880691643525746	0.881670996017821	0.868332746946714
DEHE0971	0.920607004093568	0.911579469296917	0.918180430431201	0.912873228328172	0.912119493790068
DEHE0973	0.906476573303606	0.895039009575135	0.887511915695227	0.906298328634774	0.894055219676023
DEHE0975	0.938612548847137	0.941447500656414	0.941734939604607	0.933646684043022	0.940802652710964
DEHE0977	0.955353543021663	0.943978578141586	0.93875225596021	0.954115050637262	0.943543572938068
DEHE0978	0.855377744308184	0.862265030914902	0.825247042202245	0.873641688253218	0.860702287457423
DEHE0979	0.884829610918632	0.908914660910166	0.90814474420121	0.888325253683117	0.904093513461261
DEHE0980	0.929798842556963	0.93366579348734	0.922347457387669	0.925411778052257	0.935022296521447
DEHE0981	0.950232842404582	0.948684974827525	0.94817227668241	0.94701352875396	0.948208890015166
DEHE0983	0.912121741415141	0.908850216848246	0.908770768924603	0.913621237988027	0.9102955870051
DEHE0984	0.913827424170163	0.899466203985434	0.901765945990096	0.91270819928276	0.903152815045127
DEHE0985	0.83748971239664	0.805749782477515	0.802894509307135	0.828281638658689	0.807697764004819
DEHE0986	0.909956320343331	0.886702024039704	0.891486681314419	0.894377460734302	0.889560458351445
DEHE0988	0.904453619492024	0.894068483319725	0.897974126013712	0.902132773028896	0.894933017289342
DEHE0989	0.895394177918765	0.873288845571227	0.866662068520244	0.891233961435438	0.87100864233717
DEHE0991	0.926663258021154	0.923238184164015	0.91829935762348	0.931625491052346	0.923481333376271
DEHE0992	0.878894146459344	0.855875912753156	0.859189460143412	0.87188296513491	0.858092022999372
DEHE0993	0.854704506554346	0.832752153652761	0.826963924520391	0.851200322752635	0.832872121491593
DEHE0994	0.9284785378812	0.93397537155437	0.934988962692956	0.93021404730564	0.93364002598161
DEHE0996	0.906307913023689	0.887526786132144	0.887691973864668	0.897495648352324	0.884685937385198
DEHE0997	0.903516767287504	0.911527292219099	0.92044611698597	0.873046542884419	0.912050704627589
DEHE0998	0.919471779362148	0.928895119566581	0.931847342911256	0.916680376932429	0.929402669395013
DEHE0999	0.716346670525514	0.807417310879394	0.755030521002629	0.823533798946367	0.807377719610601
DEHE1001	0.888338374777901	0.901740193220727	0.907133119952687	0.878141414756092	0.900915694869789
DEHE1002	0.900916516376495	0.887514355803123	0.894415474732203	0.897689511584887	0.88607528516899
DEHE1003	0.902458189307388	0.890090710216237	0.895027389881208	0.896208832280556	0.891902205490212
DEHE1005	0.920919316167957	0.900188776056935	0.922326776854277	0.892345469094686	0.902233579984734
DEHE1006	0.911500059775671	0.921820181644538	0.920244161928469	0.907591122910057	0.921255555843678
DEHE1009	0.900392862908449	0.90472938140035	0.910093918354477	0.89764770030819	0.903696709661272
DEHE1011	0.889879428696354	0.888189826214888	0.891043817563639	0.889340975812731	0.888851933307354
DEHE1012	0.922013746317645	0.928341601306053	0.928630026616557	0.914889652745503	0.927623420323879
DEHE1016	0.92144856800132	0.924208936950425	0.908094490231423	0.928395631764837	0.923783429717625
DEHE1017	0.928570279619267	0.910503858546853	0.913360883366845	0.926879347690442	0.912889148734164
DEHE1018	0.942403068514493	0.942888034511769	0.944376333567212	0.937937669562633	0.944111146964292
DEHE1020	0.926883454734946	0.911728568984125	0.907921415081203	0.921319872187595	0.912387852319131
DENI1821	0.828137720569948	0.856718253788981	0.853677798185301	0.839231466538909	0.852833111421702
DENI1822	0.891573972312659	0.864546625162727	0.877208785897966	0.88867923715562	0.865196994521347
DENI1823	0.854719940373526	0.846515857520133	0.84995343568199	0.849143654430643	0.844836118146019
DENI1824	0.916808299458323	0.897982423846483	0.890905397950201	0.919220524801386	0.898658112945193
DENI1825	0.859424558492104	0.833988913325328	0.83722881448981	0.85302514276276	0.835390339033262
DENI1826	0.905504277952923	0.900548194373238	0.908738933972379	0.900540284759602	0.899194472388831
DENI1830	0.932528313744648	0.906401075339619	0.910856075825881	0.928492851943754	0.906256169905968
DENI1832	0.833422609464373	0.801972940065304	0.798828800954535	0.831923855146748	0.801625382482508
DENI1834	0.929711177810828	0.932836005364243	0.924329957932385	0.92791759271923	0.93434718641561
DENI1836	0.906619195575285	0.892188900949981	0.88861519498311	0.908062405605542	0.8865545976435
DENI1841	0.892423206736997	0.849113790501018	0.85965390540815	0.883125708837946	0.851040047232683
DENI1844	0.919000323463273	0.903820349327581	0.91044135676638	0.914711106332945	0.905317143449382
DENI1845	0.937994217516856	0.916148265055687	0.925335018046554	0.932917739797604	0.916069118068207
DENI1846	0.837832075616475	0.81956589909935	0.826481147754533	0.840662811765021	0.823266588523423
DENI1850	0.76423007222047	0.752237380944388	0.762069916302028	0.753586654267076	0.750452177432562
DENI1854	0.901696352422461	0.878888820430835	0.893631134020431	0.896586570789334	0.889829772723429
DENI1855	0.839266231738957	0.816937149453263	0.818708346676651	0.834091782880279	0.821718235689573
DENI1859	0.8909474768543	0.876871238557819	0.875920302150207	0.891435167459692	0.880158050200219
DENI1860	0.858846032634888	0.849863872528499	0.848334562987782	0.857590912869918	0.84994680392133
DENI1861	0.879155358833568	0.884574468300997	0.885441584570454	0.87766254528762	0.883308656199687
DENI1863	0.928662955612689	0.921790177064985	0.925479752735155	0.926503505282529	0.919248841111214
DENI1864	0.857133942131869	0.856865172720283	0.851906500512166	0.856465015426019	0.857369105540494
DENI1865	0.791746197771732	0.774132710291977	0.764658000566555	0.791216249944285	0.773828148509657
DENI1869	0.939949049155317	0.928785341135702	0.938746860191666	0.933755241209864	0.929286012311708
DENI1870	0.914131940183927	0.901538464563833	0.915400644027364	0.904496682153432	0.902547008949034
DENI1873	0.873932815859629	0.873694675211313	0.86774718011848	0.888180432815402	0.872703998813492
DENI1874	0.824315993617148	0.813851941925938	0.816153190242838	0.822740836941197	0.813807218358756
DENI1875	0.905772896102804	0.914833698272152	0.911829487347894	0.906676592180967	0.915693113106569
DENI1876	0.786921916516079	0.754546651147238	0.758620689949445	0.778325291781119	0.756723392603664
DENI1877	0.921327585597389	0.925352812230044	0.924520955186731	0.91953598989889	0.924044588048548
DENI1881	0.86349590082629	0.922986703342104	0.912537832547923	0.90244589357987	0.922328357151949
DENI1883	0.955749175021236	0.943704314270519	0.94465886801241	0.950562476561376	0.9437265721588
DENI1885	0.946241033171541	0.927799888304357	0.94037448259003	0.935719930054065	0.927034326924561
DENI1886	0.940123219192284	0.930645836848312	0.93514864534313	0.932944524422327	0.931453710660887
DENI1889	0.92219462795521	0.894230461992885	0.908076166911358	0.910332331485296	0.894265368570754
DENI1891	0.88927947025567	0.875916059591195	0.877901969830422	0.882820945943587	0.878860043255016
DENI1895	0.832878727716492	0.861354582814496	0.852998405546083	0.84764053862376	0.862160145999378
DENI1897	0.947345304232979	0.92822795496592	0.920736720533754	0.948206857503331	0.929964114191356
DENI1904	0.878866826971365	0.876002150696107	0.865097883306806	0.88070236549685	0.871528670018204
DENI1906	0.773823837247124	0.803497998531403	0.796263327699199	0.792150165430327	0.798701599152161
DENI1907	0.897969640502757	0.860475538380919	0.870058156178982	0.891384347653601	0.861966395481659
DENI1913	0.948848835594564	0.937765324055004	0.9354789118586	0.944990455245038	0.937157482108542
DENI1914	0.928773111334359	0.916583729599767	0.917701721277728	0.920567371006304	0.916932089951731
DENI1918	0.948916905940161	0.915842740780678	0.921259155721618	0.938649855337051	0.91698389100814
DENI1919	0.908924099804167	0.918036295078375	0.913911060331145	0.918713008161571	0.915331862625242
DENI1920	0.917655170005013	0.918412898570133	0.919581162635766	0.914766484284967	0.913972073807517
DENI1922	0.913438624973056	0.903541608496496	0.916204893387004	0.897397226721435	0.902188521285152
DENI1924	0.852825751875016	0.807603578032172	0.811013697228145	0.848409382611359	0.806827618779143
DENI1925	0.881008334570927	0.867978161579519	0.86414821182343	0.880348393198509	0.868655896178496
DENI1926	0.864737583657817	0.848845154701819	0.852928004362338	0.856483752247674	0.848790823757459
DENI1929	0.825974628526089	0.810481714717268	0.806773562627243	0.822892958487015	0.810321376145622
DENI1931	0.912092220570657	0.901870917828191	0.903225804283099	0.899568990362234	0.901027040938282
DENI1933	0.876260279196114	0.878760975863049	0.894597568916569	0.860155226202151	0.878174264197497
DENI1934	0.867512380334334	0.817141859424208	0.819479842781544	0.863165195324093	0.817359330123736
DENI1935	0.858024812688359	0.845886338425253	0.843369176996688	0.852079183727035	0.843225769079739
DENI1937	0.917164649033189	0.89663410081537	0.911929474323116	0.911890137061522	0.899957279030645
DENI1938	0.876261914784202	0.872647774288688	0.877302010468457	0.874837824679656	0.871582729195573
DENI1939	0.914793666111557	0.91225046385293	0.918854826936683	0.908423624899301	0.910923261496414
DENI1940	0.778627984958066	0.777955537425079	0.76070884688541	0.803583564836731	0.77557859270725
DENI1941	0.947866769042961	0.95395291898793	0.952765275933203	0.943467342614356	0.95463629865003
DENI1943	0.949711025330745	0.954908299929171	0.945535745381805	0.949019719177707	0.952434613724386
DENW1023	0.944077389853051	0.932840965879548	0.934633074884206	0.94332931030512	0.933015604507134
DENW1025	0.928807055525264	0.942340436745634	0.942722385794444	0.928205953005761	0.944783887953851
DENW1028	0.807275928353649	0.758159592141321	0.793471543160737	0.769303480649912	0.756509276407959
DENW1032	0.784122596028257	0.800339528882064	0.80414506135217	0.780307299324347	0.800935645849959
DENW1033	0.881431441324011	0.875148179660936	0.883918916540144	0.867553394519386	0.873773550258132
DENW1035	0.894358946233145	0.869482951003917	0.874277225119522	0.889798844237369	0.871703263293209
DENW1036	0.941427013350699	0.939283218509554	0.940541414335196	0.9433646415663	0.939902686056249
DENW1040	0.943777506200004	0.942129329679135	0.9474388170422	0.939938889603762	0.943476147265692
DENW1041	0.922178409299853	0.921523428609031	0.924226132551636	0.921959723127745	0.919752944260107
DENW1042	-3.88045764412694	-2.66666713957912	-2.99719615816631	-3.54946413793275	-2.60560762198021
DENW1044	0.831168261642452	0.830007955330486	0.824073535027367	0.831642519224282	0.830286485168023
DENW1046	0.931799302270505	0.941225192046495	0.936980613006389	0.931001443312699	0.938938417680135
DENW1048	0.898015871796003	0.870712414230613	0.871620915598481	0.892741820924916	0.869275464130033
DENW1050	0.894411454892082	0.866728424811595	0.873922266345599	0.887979225367302	0.867468475011525
DENW1054	0.884123039745052	0.889597067313451	0.894363746843452	0.879031955049694	0.89014568334262
DENW1056	0.933974180178756	0.929938568234742	0.937396730594695	0.927509542993171	0.930480409397765
DENW1058	0.93702332318769	0.948851342495126	0.946363826077847	0.936506846994931	0.948828488278438
DENW1059	0.930743510810242	0.945228777964257	0.943906373392604	0.933984447908385	0.945277217744302
DENW1061	0.798288719726179	0.816124922177017	0.820636628267859	0.80278940209188	0.815462430370987
DENW1062	0.782725374560196	0.799658129092014	0.790351045761462	0.789459044108042	0.80016369778398
DENW1069	0.944729473274126	0.938264984706463	0.943185429490449	0.936851555013137	0.937457737545059
DENW1071	0.952900911043881	0.960350048616019	0.961634201395291	0.953903254206517	0.960796814130919
DENW1074	0.909767369250667	0.919361547010872	0.915160458309223	0.910520877741594	0.920857650711043
DENW1075	0.92320687784771	0.922866850652903	0.924396024080039	0.917964581898331	0.922926014518012
DENW1077	0.874768597748881	0.863241013743276	0.874389118406506	0.870528910469036	0.86480967424661
DENW1081	0.933807717170329	0.933786764453694	0.944766761026814	0.924707519822625	0.932294098590112
DENW1085	0.868259527210327	0.834706441755358	0.820209545429093	0.87501886731481	0.839612095091587
DENW1086	0.904726579482041	0.908310453124687	0.914516026746603	0.902124768315249	0.90685673992633
DENW1096	0.927271383216333	0.916696605635227	0.917115107092315	0.924712818209848	0.917012335168815
DENW1097	0.844609416938762	0.854904429119993	0.84802173299781	0.857380578056081	0.85417751476028
DENW1100	0.951015832595865	0.956028786816816	0.958156274256902	0.951732204689579	0.956871078013471
DENW1106	0.914304902909457	0.928264507212147	0.934057733550622	0.903431487638269	0.928098080699683
DENW1113	0.803050738318334	0.825408972713092	0.81007883100317	0.831518283676085	0.822760210450432
DENW1114	0.944148286724457	0.942175627853225	0.943596507866527	0.942754910503629	0.9406628753694
DENW1117	0.709886806057834	0.744114521437468	0.719673907390376	0.740063776271366	0.746147742073585
DENW1119	0.701853783416497	0.652753467348604	0.682113327204457	0.667350901353336	0.653871066845193
DENW1120	0.950207480754534	0.93297375085346	0.942215777126463	0.93939287021094	0.933090040676852
DENW1121	0.904388025494044	0.886957040699239	0.891407324293521	0.91042346201482	0.890495665713507
DENW1122	0.0826399016067193	0.364009334748311	0.26967136877664	0.292643272540089	0.368805862915468
DENW1127	0.889241967320104	0.885710898855449	0.894129347808017	0.887551385242359	0.885082133766157
DENW1132	0.919905953854545	0.909803261536033	0.907694059293131	0.919478413617578	0.911007311935163
DENW1137	0.938672147651058	0.950021068804921	0.94648455448507	0.942477921718633	0.949238481158499
DENW1138	0.948451963332836	0.94440943149832	0.951039900571044	0.939154664003716	0.945893303916081
DENW1143	0.940480206616385	0.939126967749937	0.940838213507244	0.939248979266029	0.940625336855938
DENW1148	0.927267066304333	0.930304279365182	0.937556706388109	0.916369494997902	0.930758848646309
DENW1151	0.915394894988251	0.920165601006683	0.920341512719711	0.911796684341148	0.920131197473287
DENW1152	0.911983411559042	0.908251166916604	0.904948327821191	0.911953982026318	0.907390646190033
DENW1154	0.850138714060581	0.852174392384349	0.849317251619493	0.873452616098887	0.852092597064766
DENW1155	0.901831123902026	0.910776278597921	0.912531124454033	0.901393633108884	0.91176688794531
DENW1157	0.930519462607413	0.905848682363336	0.910811826632927	0.928454816577387	0.906210129546921
DENW1164	0.956833907251678	0.951001150408594	0.953134753051502	0.953745052329662	0.950236962954223
DENW1168	0.952821018564104	0.95549809134109	0.954911562893742	0.951774120374132	0.95242356540339
DENW1171	0.932707780034468	0.931112959402345	0.927233484874707	0.928195128712908	0.93034269433461
DENW1172	0.883349046668243	0.880229205333193	0.889420638632654	0.873403196645053	0.877674083882472
DENW1175	0.935869426718943	0.919823944741309	0.927400678762236	0.928407841921505	0.920524415699461
DENW1178	0.935575604496009	0.941500400090114	0.93842632166543	0.93811602100684	0.941530511790954
DENW1183	0.845819030119392	0.836749712073397	0.842891474964041	0.842117755258491	0.833134577892218
DENW1184	0.929987500041946	0.933259706110201	0.939713342901623	0.92624196848478	0.934331622873894
DENW1186	0.9381975517982	0.937815048355801	0.941718472629437	0.935133537865299	0.933800095756602
DENW1188	0.883716605573783	0.848896136743682	0.883065705584738	0.850790280053637	0.848751921360302
DENW1189	0.863383280964331	0.831843835167055	0.844252115722256	0.850737761147276	0.830136491319903
DENW1193	0.956803736220819	0.961956925423718	0.964444419902236	0.955526846521115	0.962926309236126
DENW1194	0.571914573374319	0.820953114371668	0.808854258757378	0.640329644995977	0.820126075535594
DENW1195	0.933273199010843	0.916478440168924	0.928534466146199	0.925594964990486	0.917855547651713
DENW1196	0.917671710630232	0.928879927359604	0.92636999455806	0.914633012221676	0.929351796889595
DENW1197	0.734422661360888	0.722636560474154	0.721816407154533	0.741920535459846	0.727764262395403
DENW1199	0.916408111702615	0.909627149030914	0.908953078695461	0.91849288774991	0.907446255648767
DENW1201	0.397631140528436	0.732678565950701	0.715198015247252	0.471143978350292	0.731193092288989
DENW1202	0.881385303000017	0.887910215963602	0.88554101801983	0.884206292207258	0.886727235660064
DENW1203	0.95044219010821	0.951316243850712	0.951357144181886	0.947424650883823	0.949347081309168
DENW1204	0.861231334817172	0.855420550728372	0.878987157671706	0.833380485487881	0.857430289131123
DENW1205	0.605753234150743	0.830610334952142	0.80614048678926	0.696486587651998	0.828602273153416
DENW1207	0.912794701243894	0.914399994263632	0.927698001637589	0.89651535192525	0.916459342127056
DENW1208	0.919322129117468	0.913635674503964	0.925304379160276	0.913812600003501	0.912311711597514
DENW1210	0.952071143948338	0.958286483174706	0.957910540221141	0.954358784147775	0.960010073034381
DENW1212	0.944901904995378	0.953431941059036	0.953539860896783	0.948961151918565	0.953412808830148
DENW1214	0.940294520657433	0.944082677939423	0.936609174368837	0.941952442575351	0.942608815783457
DENW1218	0.700293247313454	0.713558884506944	0.703885705242255	0.717140058981297	0.712922646768658
DENW1222	0.886015480472525	0.890222646155376	0.883479346145485	0.888347715815655	0.890710146455112
DENW1225	0.92528952495956	0.923973771369871	0.93100264992186	0.915978679223658	0.922911729683824
DENW1227	0.933539189527972	0.927422523613009	0.92596569873463	0.932501850752058	0.92672035898283
DENW1228	0.931562746288106	0.927698903384632	0.931831779895865	0.92478434708202	0.92675092247392
DENW1231	0.948788109447028	0.950687923220589	0.949377964461824	0.952202471502418	0.952162780649354
DENW1234	0.914536290275649	0.922939669466603	0.912524166596168	0.918651023873572	0.923131825581401
DENW1236	0.920345106571047	0.91966780703144	0.922984769597052	0.911455060339055	0.922354554739337
DENW1238	0.447456752303295	0.580594280501991	0.567141501154204	0.517044677856688	0.601030793012239
DENW1241	0.90691959880894	0.897503286416171	0.895549072625075	0.912311089061426	0.899766122995823
DENW1242	0.940918853833418	0.938136427511389	0.937508089978398	0.933835522644999	0.939001695273891
DENW1243	0.942957006904543	0.939439655340263	0.93751039941854	0.939603113087297	0.937737800016044
DENW1246	0.373614185885613	0.663015071889322	0.540603333269309	0.523288423715536	0.664804270329959
DENW1248	0.884040734980586	0.894231154801088	0.895676227281504	0.878106752048062	0.896217953306604
DENW1251	0.956414204988717	0.961843625693124	0.961998279897679	0.956985762579557	0.962237006704865
DENW1256	0.821856493915962	0.798831890252216	0.802730141339442	0.815069854826782	0.794230313468859
DENW1257	0.946226519159333	0.945997188759411	0.950508080980363	0.943287667403951	0.946642577410414
DENW1258	0.893873710029336	0.91432131749019	0.913188679718119	0.892723977504661	0.910172589786575
DENW1262	0.922560568953007	0.935579773243509	0.939448670643586	0.912875293911155	0.933583366815593
DENW1266	0.842346126081462	0.85389674633875	0.842534026013204	0.853110170363243	0.851841877254281
DENW1268	0.912688226546223	0.88936027160968	0.889904805556292	0.907752583541366	0.886020515707573
DENW1269	0.948743733108607	0.947420970338395	0.949843101365654	0.942952665236964	0.946045629591387
DENW1271	0.919421222535438	0.919081246249682	0.917703687740878	0.918997402226841	0.916675911149171
DENW1272	0.913775807831101	0.893613828849214	0.899530644730006	0.910698706081954	0.893637661259552
DENW1277	0.93296017179437	0.926046574367978	0.926730805321536	0.932198076766365	0.926819886870082
DENW1278	0.95554415259165	0.956154249504909	0.956164359576476	0.953897500594566	0.955588295856926
DENW1279	0.867921365444566	0.848064020797502	0.854199823355467	0.859656582564107	0.847481452105713
DENW1280	0.897578452922858	0.869779141831043	0.894264560444592	0.875383726144109	0.868933872857628
DENW1281	0.887057862513074	0.86604686204672	0.859568422239425	0.889836296545197	0.86572614368587
DENW1282	0.494950183803687	0.572280846692555	0.532619808342095	0.548206365880715	0.557573777275015
DENW1283	0.948522670128194	0.959101797874585	0.95854253257979	0.950555811864108	0.959906551587998
DENW1284	0.928560419521171	0.925143028982274	0.929378995805527	0.922612473013377	0.924701899601489
DENW1286	0.91033872523718	0.927731094480044	0.931856028938511	0.906425643122939	0.927485595131258
DENW1287	0.931955460169767	0.946311373597634	0.945347377221294	0.925729371330247	0.944510345289903
DERP1962	0.676580539794865	0.635452251628966	0.641866676785068	0.658850985504132	0.645030471329111
DERP1963	0.913585299676403	0.891091620384588	0.891756031676184	0.912498137358929	0.893984323601952
DERP1964	0.924528098752472	0.892376421059457	0.897303585888362	0.921140635500995	0.895863195215909
DERP1965	0.791154318374556	0.832874620549995	0.804167342300718	0.828150119380699	0.826495143804152
DERP1966	0.899510876123323	0.894303537740665	0.893738553149392	0.906453699110384	0.89794356025191
DERP1967	0.866212898263448	0.866778672886331	0.880426400257623	0.869373666068491	0.869698423257155
DERP1969	0.888454130984365	0.898060081853465	0.905459188027814	0.885243339272366	0.899823701313784
DERP1970	0.758977163211069	0.77743029041145	0.78172631264008	0.761613551716196	0.779404445413354
DERP1971	0.892800317710713	0.875241115527508	0.886922828181552	0.891602295825178	0.885718545541466
DERP1972	0.930312524087645	0.927414371128348	0.938579325748035	0.915767906079214	0.926714031916262
DERP1973	0.942453142885234	0.942155949285138	0.948668030592714	0.930662449279051	0.943307825184284
DERP1974	0.947691141950496	0.952159834965579	0.954109557114947	0.942173623356166	0.950880158814043
DERP1976	0.940390043280492	0.918420167212805	0.942794309486535	0.910808994978574	0.919215748193063
DERP1977	0.9089782350358	0.920681115620709	0.893919022871942	0.925821556310022	0.920525858171925
DERP1978	0.935290984129838	0.938213019945545	0.943160192261654	0.925162898816018	0.938280447811839
DERP1979	0.924077417872446	0.924126392749677	0.915224268714988	0.924000467923521	0.923196351458458
DERP1980	0.83824650066514	0.843527924224091	0.860757686992063	0.812220712840677	0.847718786531812
DERP1981	0.930598630533101	0.922447815783073	0.926285409250135	0.923769276890498	0.923398502198994
DERP1982	0.928361035397745	0.922148499424045	0.919413927035147	0.933653147904093	0.920951660133442
DERP1983	0.945699362553365	0.938852518136864	0.942179922759101	0.94322155782664	0.939973247088831
DERP1984	0.951461426785385	0.942095299677167	0.942637730182598	0.948977144022327	0.938573333366631
DERP1985	0.858860885934139	0.838319685845458	0.853765685444798	0.84548481859068	0.83438077036645
DERP1986	0.857699983062855	0.867485346729232	0.874208699821267	0.842565534905974	0.866181384887045
DERP1987	0.838832608211064	0.865421786043615	0.86498185747574	0.862533941235062	0.866658851627053
DERP1988	0.840468098240618	0.84349729207116	0.852184912842844	0.826817042504901	0.84090221867506
DERP1989	0.893477804875831	0.89679990556994	0.898179734229438	0.89512583361565	0.896812531798493
DERP1990	0.855554226629717	0.858002123898609	0.85793728735395	0.86076248592302	0.86230191634369
DERP1991	0.871642282448127	0.867892527305826	0.8830587625954	0.84318645225976	0.876553563664362
DERP1992	0.899192302304127	0.898295871942297	0.883713826336291	0.901179997047454	0.891236130958079
DERP1993	0.857441129186344	0.870117796427457	0.878298096764087	0.842918367482288	0.868231131207566
DERP1994	0.891241198209721	0.911752504005723	0.907699847094148	0.897646769660501	0.91306559480386
DERP1995	0.907074789983124	0.899895123483382	0.899616771454453	0.906659893504364	0.898792420166473
DERP1996	0.882159795890328	0.874511883510015	0.873301830506739	0.881262235871638	0.874819266664747
DERP1997	0.929521849759956	0.923301540831193	0.915433806471616	0.92756282093889	0.922606453827749
DERP1998	0.915460268530314	0.917645463828744	0.917359843841188	0.902406540950961	0.918437361820763
DERP1999	0.927919346217987	0.933552911842121	0.929500592037413	0.923464876981337	0.934751862246514
DERP2000	0.849021167442054	0.857542054536448	0.854753533831853	0.840642319440303	0.856212060277304
DERP2001	0.920436564645507	0.907911494366602	0.899239567177337	0.911346183421947	0.907479299060516
DERP2002	0.924266577636904	0.920820273058343	0.918662311441133	0.911911997992279	0.918417312430535
DERP2005	0.91442354741275	0.927956680727158	0.931889665746905	0.914171017100221	0.923909103143328
DERP2006	0.919880778895476	0.930966852253319	0.928179649402186	0.925993077599214	0.93049375650983
DERP2007	0.942317018060988	0.955447361885146	0.953993009144588	0.943868162992755	0.954127680661647
DERP2008	0.896909035576153	0.909817002225824	0.9084168583829	0.897200702986445	0.909557112941908
DERP2009	0.906757665774727	0.90841261356665	0.911245514158086	0.907961265583523	0.910431653441115
DERP2010	0.918076206342663	0.898603905179395	0.903225516182043	0.908967748987846	0.896213420075235
DERP2011	0.941668621200599	0.919491167776073	0.920899427858674	0.937901865108898	0.919032199855523
DERP2012	0.866886284406409	0.879968038397449	0.854656957571207	0.88700161156793	0.881989578488489
DERP2013	0.88562248581477	0.874147333201341	0.867852924965228	0.889050642160011	0.876849338261917
DERP2017	0.946293384762223	0.951099600420823	0.945518597003516	0.944385004630662	0.951211085491126
DERP2018	0.948148323779271	0.947547684197337	0.948965299361037	0.95198242892362	0.948727511818449
DERP2019	0.93708555828057	0.942004684352195	0.941323502568844	0.935133758834875	0.940898246113374
DERP2026	0.916932467314766	0.918774619736538	0.918088782716278	0.915980452728206	0.916323303035874
DERP2027	0.906018881657193	0.888013582386357	0.897654687937656	0.894685189945092	0.88329762528345
DERP2028	0.926875004368813	0.923450047902209	0.912895211382425	0.930926009159931	0.924532158861191
DERP2029	0.949967091646775	0.938652251365105	0.937330831068625	0.947976786452542	0.937457546019594
DERP2030	0.937430283620524	0.94089307794517	0.940716349743399	0.945867186148438	0.941222197501314
DERP2031	0.953334499123153	0.955888085451739	0.952298173437522	0.949401579568353	0.955900190503411
DERP2032	0.912313715108534	0.910336814014299	0.910181399090083	0.895816042848573	0.909539107151312
DERP2033	0.951591064927385	0.945478175905623	0.938534710114642	0.951311551091527	0.946305040688626
DERP2034	0.937007027863626	0.931507938279497	0.935683397044114	0.921411380257009	0.931176298932717
DERP2035	0.90184519211103	0.892524452311524	0.914701235963654	0.87228220578224	0.891855031919541
DERP2036	0.945100681172866	0.942879974729825	0.93700600133986	0.938521287023514	0.944408486702141
DERP2037	0.893757946117994	0.896510058541826	0.889899424218451	0.88610599407388	0.894625497887398
DERP2038	0.858234663298505	0.835364227376634	0.834011068394437	0.850040046070102	0.833732618229083
DERP2039	0.900039072008221	0.898692970588303	0.899969054764678	0.895811081089185	0.898814118295958
DERP2040	0.891177018159587	0.897194579929351	0.897576309210382	0.890834632050859	0.893327942408858
DERP2042	0.946126507330123	0.949135814249975	0.946800094247098	0.944058313860173	0.948727839782264
DERP2043	0.93248050876394	0.921542118377363	0.927407316085539	0.923832776534184	0.923335370140293
DERP2044	0.878283045701691	0.894528056480316	0.886926445692722	0.885675021807059	0.892691359043748
DERP2045	0.863914110494417	0.902874676587081	0.878378214891717	0.881617058930953	0.90349567884264
DERP2046	0.915140328800403	0.923907272734586	0.923761841691863	0.916166351449422	0.924572573533993
DERP2047	0.884415810349512	0.896908115855204	0.899199283380719	0.875815434166218	0.900589715957118
DERP2048	0.757220376339486	0.786461271470681	0.790214290939823	0.750650184094786	0.789599769914844
DERP2049	0.853374512155412	0.873466328676893	0.878478536149973	0.839901696018989	0.870254251718921
DERP2050	0.947130118547191	0.958797567727527	0.959621873541526	0.949354860773839	0.958373009296857
DERP2051	0.940382102668063	0.949339222321155	0.946375760141274	0.943838275930932	0.950988221291741
DERP2052	0.930286488006881	0.938676901012498	0.939045537762924	0.930826799836397	0.939469406581405
DERP2053	0.933029729238628	0.940185508151924	0.940358309178156	0.934377231872453	0.939487139449142
DERP2054	0.921534133046981	0.929589738117619	0.929253731628987	0.92216590716042	0.928184642649759
DESH1294	0.934594097586979	0.917032338471617	0.914345012749177	0.933187632823368	0.916825696837748
DESH1300	0.903184136046533	0.896716202157609	0.897959188753043	0.901342665090699	0.893025303301912
DESH1301	0.904476376039722	0.878322421560133	0.873173322650598	0.899672962651819	0.873040712712718
DESH1302	0.918277180061233	0.8768286229841	0.881296664072809	0.90873088332715	0.879372916270285
DESH1305	0.936717252561358	0.921059627109702	0.929213591691331	0.933853575924909	0.92254067177857
DESH1309	0.920906207593682	0.926134183081912	0.927873116268981	0.919483024676828	0.927664516131977
DESH1310	0.905536136926372	0.899509870619081	0.897717487306856	0.909552215946701	0.896680124539502
DESH1311	0.74900574788888	0.736901450269355	0.715797895576647	0.764164508924384	0.732004226246296
DESH1313	0.930893771605245	0.926587566295441	0.928769086889538	0.929736593467205	0.925712191771258
DESH1319	0.906990626309367	0.9049635030611	0.893606482811238	0.926834195366534	0.907046393026928
DESH1322	0.873242658601439	0.842140302230553	0.84030830295244	0.880592403881882	0.84347760148326
DESH1325	0.935799045817386	0.931208444700332	0.931389406658017	0.934060898233398	0.930608055929436
DESH1328	0.95304837892418	0.931906498601738	0.929347428059868	0.952277346775621	0.933213697801246
DESH1334	0.653021241526384	0.80482402402235	0.779649175337578	0.793776572086926	0.804350227047697
DESH1340	0.862615611716819	0.830243062097312	0.843376257125727	0.846830784454061	0.830451795590491
DESH1341	0.923330787610459	0.921920397734919	0.923126456323278	0.917633206938888	0.921473085185138
DESH1344	0.944456563888251	0.935758350667627	0.935708576767986	0.938014387268688	0.93717608676829
DESH1348	0.866767906728235	0.83740192359169	0.86498299679122	0.842296109610885	0.837359847135192
DESH1355	0.945953007989356	0.930390636030755	0.931616227611955	0.943926063940637	0.931907489044465
DESH1356	0.920344735678539	0.897658401133829	0.897881251754165	0.916357644058513	0.897155114589095
DESH1359	0.925181892000724	0.917436970461543	0.91807823220726	0.921870912350168	0.916694797320408
DESH1367	0.797710078445805	0.834123828692938	0.825945361903983	0.824674825075767	0.833833910160705
DESH1379	0.929804023927367	0.910779369944184	0.915955900840771	0.926243865872838	0.911023597033896
DESH1380	0.940570429121906	0.92681362965953	0.925397176877851	0.937693569988116	0.930489433542159
DESH1383	0.915093159742858	0.913332030282205	0.916572036318616	0.910733250556866	0.913820147788908
DESH1388	0.900243874432281	0.885742388665629	0.895048799975858	0.895651921945213	0.88552473629581
DESH1391	0.931051600706202	0.933758486094224	0.930754037061851	0.930293648989376	0.933748550061077
DESH1395	0.936708675886777	0.932123430816592	0.932372618422329	0.93863430385438	0.931147019138436
DESH1396	0.927129116682169	0.911023447906086	0.910750904239058	0.929034111633604	0.911972002641063
DESH1403	0.935859539848947	0.913737419019166	0.918486538394299	0.934535816676911	0.913626376049268
DESH1415	0.825643496069769	0.821719857309322	0.810625452059858	0.851292020861562	0.821194679685034
DESH1417	0.894375818590177	0.889780291543299	0.907092754193725	0.87612389151591	0.890511161003063
DESH1422	0.883770466209303	0.87460516068963	0.872924701058733	0.878415635699849	0.873832885107978
DESH1425	0.948996516477288	0.945119495012138	0.945543704549212	0.946390386208003	0.946457779472758
DESH1426	0.939220357735561	0.931413016060679	0.924458489190277	0.941598898917891	0.932557366882809
DESH1430	0.903076109828501	0.902034760825139	0.90670201030829	0.898468060092476	0.901679613044373
DESH1434	0.942522074010309	0.940260236071469	0.943940789378524	0.939142125345354	0.94151726456782
DESH1444	0.936885269616416	0.932601315330225	0.928937868842305	0.935489764846485	0.930248913503654
DESH1449	0.913469932115189	0.896884055048909	0.897109107330622	0.907237079866034	0.892309351941331
DESH1454	0.951051170116416	0.93322795835727	0.930495634845566	0.948850456280075	0.935013033679924
DESH1456	0.950233445594702	0.93335907968703	0.930557575652961	0.952700351432093	0.932616620703031
DESH1457	0.918789102368648	0.928440036607779	0.926774089280372	0.920608047515483	0.930823250872371
DESH1459	0.940523249704294	0.91577523144951	0.918946443818477	0.931073219343968	0.917410870110764
DESH1460	0.908061032171239	0.912942126851756	0.896664261259035	0.920823353200347	0.914652303521238
DESH1461	0.908378610190027	0.903680911490382	0.90610042711952	0.904912059429297	0.903198764894747
DESH1462	0.799695647550125	0.784222759692714	0.787523999382784	0.796639317866892	0.78299751958551
DESH1465	0.929507943331823	0.902424685682279	0.901645825072172	0.925272814124537	0.905716300160309
DESH1468	0.935584558697437	0.918612817493548	0.927742168349544	0.930773447039414	0.920104574014465
DESH1470	0.78130812432105	0.846517602228089	0.830561485712353	0.857994221894007	0.846930393622419
DESH1488	0.929398874390644	0.91059862062588	0.917725136418966	0.920873552638734	0.91079957546948
DESH1489	0.746458247224924	0.912991281803603	0.89486147743601	0.857068430930253	0.91284755472398
DESH1491	0.932400285914526	0.9172436758131	0.917309604487452	0.927194437350643	0.918471948397586
DESH1493	-0.0819231452601619	0.555117791496975	0.288366161584806	0.274784148416338	0.553076467051173
DESH1498	0.915490706760915	0.915673719710773	0.926123398991325	0.901653720097956	0.914852288989039
DESH1499	0.893453957535274	0.894262008148316	0.882982768595285	0.898712472413265	0.896578126122196
DESH1502	0.875318356281082	0.861635672355001	0.875187796559911	0.860324604287689	0.859976750539405
DESH1507	0.922507017756754	0.905260047059079	0.900163167435161	0.934694317250975	0.904302929489642
DESH1512	0.847087962954798	0.843501275280756	0.829339182833067	0.868945233052565	0.843114324896262
DESH1515	0.769297777838752	0.822877251326102	0.829215406823606	0.830471890052234	0.823062068995668
DESH1518	0.934236680879975	0.94019282639541	0.943809945014587	0.930064096274752	0.939029078721991
DESH1521	0.945123203558075	0.929137510316781	0.929778991872963	0.945426599494613	0.929405623189076
DESH1522	0.863755868567778	0.834808867849181	0.833142612916512	0.872712791934909	0.835946284323325
DESH1524	0.948086447696815	0.941832290671099	0.937849679554114	0.945397057433698	0.942230612658851
DESH1525	0.92245905749236	0.908212374638372	0.911555026224465	0.920695329799224	0.910027152518152
DESH1526	0.856231663415403	0.875646046027003	0.87449979701408	0.85586398569118	0.876604778417908
DESN1529	0.900495669678724	0.918679008967193	0.928103552118707	0.89880108873689	0.917123507273108
DESN1541	0.830268885478689	0.81169702279711	0.81827830396509	0.818183168556655	0.816220771122896
DESN1548	0.913326401166285	0.935237370087203	0.940042278536765	0.912092625887568	0.937987847321221
DESN1551	0.938541422089485	0.943968349624179	0.941655064077192	0.937240928528469	0.940030075629316
DESN1555	0.892402919925655	0.892974805242	0.888544580787481	0.897510743841605	0.894511560742954
DESN1560	0.903747595582135	0.907567702083625	0.902952740911167	0.902739406373767	0.908182368008051
DESN1563	0.918545550881571	0.922146282961012	0.935532376250455	0.910476588199275	0.923264661650346
DESN1565	0.863742187813894	0.877745443541785	0.870494708616887	0.867361061877069	0.874917426034731
DESN1566	0.918514852467529	0.918475463317873	0.919728082561918	0.917655671061214	0.91889156636913
DESN1568	0.827672026556463	0.839743148494709	0.83277201352992	0.836424594343603	0.837925840497389
DESN1573	0.90817461708266	0.920240752159303	0.927879405607209	0.901055934559339	0.921100814816973
DESN1574	0.892371840955621	0.898290251258655	0.898669243313467	0.895811317419669	0.89952500824083
DESN1576	0.840559341711104	0.844978780774114	0.847034088543286	0.828972464623941	0.842546757867728
DESN1578	0.901379778537991	0.914312771319841	0.920295632746211	0.895418886010676	0.913961837153432
DESN1579	0.825792753054293	0.828162904645398	0.822692721035327	0.830787922182844	0.835895660336656
DESN1591	0.913875858853776	0.910465258305332	0.909026278970282	0.907309426559419	0.908781413070544
DESN1593	0.922500902811427	0.933304291655939	0.940077533817953	0.919622377836984	0.932304449959183
DESN1600	0.806676515959005	0.800344189744518	0.783647343121825	0.816858234190655	0.799610008230127
DESN1607	0.832753403868596	0.837614149892983	0.835166390888584	0.841594128574991	0.838026987981196
DESN1609	0.891252212741091	0.892527004915568	0.894419103984714	0.886117024753558	0.890255513577043
DESN1610	0.895748341791915	0.915727730044707	0.925139219515134	0.887683809484924	0.915306443630453
DESN1614	0.805024282246298	0.802443481954472	0.801182052265515	0.799198709867678	0.804095264796788
DESN1616	0.847156868506171	0.881785273341274	0.880841758342611	0.859106446449895	0.883124585463691
DESN1621	0.808165975446873	0.830474388220924	0.826247466278419	0.799689794919599	0.831808149139127
DESN1622	0.885279408586858	0.902233068803734	0.910830003424736	0.877770071333421	0.90520501421207
DESN1623	0.806439081935195	0.8112687463685	0.822436167866327	0.796383360276311	0.810601008955081
DESN1632	0.815245658386183	0.79798653059512	0.811435829220302	0.805281836189387	0.801109971548587
DESN1633	0.759266307051782	0.792505837804967	0.77291716582715	0.777413850040824	0.795816677772528
DESN1636	0.83164411056798	0.81529797359617	0.815980056788827	0.824837223076359	0.813033040593817
DESN1637	0.90629172176977	0.909202459943481	0.90156046587597	0.908742065349768	0.908993784419015
DESN1645	0.841765258333957	0.826436924497637	0.831574936554937	0.828333994878929	0.826237958934998
DESN1646	0.836696324562841	0.79675851408449	0.829885368312271	0.811713479287368	0.797281504937211
DESN1649	0.875971572602729	0.89737896655078	0.915654427450283	0.863933665935084	0.896904328368358
DESN1655	0.828990121362694	0.831122443225878	0.833037980714937	0.830799649042048	0.839165890530355
DESN1662	0.672590458232169	0.700678070619385	0.665416513687586	0.707381938701153	0.69933829547714
DESN1666	0.734213692954139	0.726770199214891	0.719941972372027	0.758204975105099	0.729488755224478
DESN1676	0.854318359990007	0.852610692705165	0.852736307477462	0.846978379541345	0.850055214738301
DESN1678	0.896630610826205	0.905300649630697	0.909671753407965	0.885150891002198	0.905080480130014
DESN1679	0.870244721103167	0.865585589427559	0.87256570440987	0.864713860734829	0.872943169250736
DESN1687	0.739399014673394	0.767512609164838	0.749111541756188	0.757905704714255	0.759084443529378
DESN1688	0.921676476459959	0.910319596605629	0.923959060739346	0.9062598428721	0.907928994544754
DESN1690	0.819558263855104	0.798488861716086	0.799955717867475	0.816953675708073	0.799799546063598
DEST1696	0.877445805518913	0.844884060857649	0.825295201977201	0.885499145153391	0.844227314422657
DEST1697	0.908779994974455	0.889699057418136	0.880723768669132	0.91059646487214	0.888502407332199
DEST1698	0.848807267857021	0.845791288541075	0.831228531529207	0.856651956382761	0.837839535856022
DEST1699	0.887596001937995	0.881748311887118	0.872594026881402	0.892717978236348	0.888590404448472
DEST1700	0.76033991602006	0.782252365852973	0.773102591369392	0.761293877785875	0.779563176375761
DEST1701	0.881339506303158	0.894654246747196	0.881431474352328	0.883359303827581	0.891298623469171
DEST1703	0.888688860223698	0.873781489482137	0.883057542039369	0.873700130509567	0.875537303000726
DEST1705	0.716531631629253	0.653402899188738	0.658464160066492	0.715946382336437	0.653722755184089
DEST1706	0.661087701947592	0.635565015028653	0.621483843518007	0.660926885409767	0.631232175197782
DEST1716	0.898431513573441	0.852650633598685	0.902608788505233	0.844760416008625	0.860298435474069
DEST1718	0.82590383441997	0.81064485409747	0.844415421804323	0.782802355692617	0.806199460190158
DEST1719	0.907404340759173	0.878700754092369	0.895154692941994	0.861531574911886	0.879628137651148
DEST1721	0.8662275583685	0.841080962711036	0.829952579014847	0.86957251764173	0.844458981399094
DEST1722	0.663158630801824	0.648261445460028	0.642930902959318	0.659377809462638	0.647479007417924
DEST1723	0.836879570585559	0.830029455991499	0.83570737356865	0.822976299108751	0.825233865580814
DEST1724	0.723973746557861	0.712032161566949	0.702137778329927	0.741320586417311	0.70802130511359
DEST1730	0.862013341521605	0.876756908903802	0.863719186066565	0.869197563496938	0.874603075477072
DEST1732	0.761524699388398	0.690210939085813	0.693463162556766	0.74702871365808	0.701023089780551
DEST1733	0.836596683002336	0.797208389166501	0.810853122343385	0.816921197137051	0.800688826225394
DEST1735	0.700033868753505	0.695119364053609	0.692132982196281	0.699333831597005	0.694339925611858
DEST1736	0.46616606168332	0.452355927166248	0.469161351789378	0.454295774269436	0.47020759945077
DEST1737	0.91881525701013	0.921255139463958	0.918029202796746	0.913373756135356	0.921704883004712
DEST1738	0.930564814275371	0.932254223051783	0.932202595015951	0.922480743289283	0.935044162594407
DEST1739	0.928698051834824	0.916287946199635	0.91601958308569	0.923674012343013	0.918737227431551
DEST1740	0.910656951903908	0.908806684131305	0.9082896419698	0.909815421748786	0.910054238390403
DEST1741	0.8965637585446	0.892833216968591	0.885285622772922	0.902361538794449	0.887428129063485
DEST1746	0.0954614982248815	0.448730728926926	0.405857814995084	0.118423808978634	0.458467629102021
DEST1753	0.909454365631927	0.913628960696279	0.911221583767086	0.913195168170773	0.91308554456716
DEST1754	0.937136355818886	0.941992754916865	0.940590935761383	0.939393262898797	0.942811385126419
DEST1755	0.899034372653553	0.890325467082833	0.901411345886189	0.891370348494617	0.889869629816821
DEST1756	0.822167978568106	0.82320316630968	0.829309974733349	0.827349642117002	0.822396342739435
DEST1757	0.894029779727186	0.906454592922733	0.899865335395473	0.902204264879782	0.90347344423467
DEST1761	0.928515835188403	0.921523747577139	0.932763865065581	0.911014323804225	0.929104753081414
DEST1762	0.90966924483895	0.908810833678763	0.911484647922442	0.907872786852917	0.908331780912357
DEST1763	0.900896349775477	0.89493600074262	0.888558516802448	0.901676114606063	0.895337428215968
DEST1764	0.868960234162864	0.846494749071526	0.873675829207004	0.850185868585197	0.845495821342666
DEST1765	0.820253105104741	0.810127124673945	0.832870237000698	0.805241157989213	0.80708415131963
DEST1766	0.86629564184915	0.869817678644975	0.871921623758722	0.868143938453566	0.871913826664499
DEST1767	0.920716633716381	0.907865596457297	0.90858332753605	0.913712710309757	0.910218765837243
DEST1768	0.904750230485837	0.894204038145197	0.88663328285903	0.901721458371467	0.8911329116933
DEST1770	0.821483489664059	0.802453375371328	0.813785167389672	0.801679015098762	0.8059787526572
DEST1773	0.823859119010913	0.825948273211035	0.811499924939115	0.825473207429312	0.821654200439928
DEST1775	0.934789679937029	0.883472138573176	0.885274748064809	0.927147255718403	0.884600439723638
DEST1777	0.811238999981396	0.802207295923733	0.779241586767373	0.809963923065002	0.797685371849536
DEST1778	0.829345478678747	0.787307103461782	0.768681974105804	0.820033348993803	0.779937888430723
DEST1779	0.718408418381742	0.712173561609275	0.718213959030372	0.707683071445456	0.736277822718622
DEST1782	0.896099544655935	0.844914961102427	0.848138212413496	0.887913533930167	0.846357382260838
DEST1783	0.902334853866207	0.849483959189373	0.852546633707935	0.899272480906149	0.847803564791449
DEST1785	0.828666414149169	0.745994416291826	0.741633671679619	0.818937749943781	0.745721316882354
DEST1786	0.699772893062246	0.60258932945536	0.616128036651832	0.697320172601613	0.603843161032624
DEST1787	0.751396159407597	0.723318673310234	0.718359956188331	0.750272967680298	0.706923150813299
DEST1788	0.584865901867073	0.560598290983919	0.515188627298328	0.608091960305419	0.550331763101455
DEST1789	0.752230846224484	0.716078672140736	0.734298612538951	0.746458340640128	0.720455908897876
DEST1790	0.793261166780653	0.75294945437993	0.757042133058723	0.789595516345575	0.760352432045979
DEST1791	0.925700847381257	0.894771529681372	0.900754727523851	0.925799523600425	0.899056646451627
DEST1792	0.779121269221965	0.727761508051925	0.721233695756504	0.776763608837003	0.731321806931949
DEST1799	0.809979005294563	0.772728182292986	0.771795834853175	0.799333052401708	0.772353108567267
DEST1801	0.924674342443635	0.881509340183826	0.884414004506234	0.917938276170144	0.884246212527974
DEST1805	0.709697218554441	0.66209628033921	0.633344752526672	0.687421098941823	0.688547813402427
DEST1809	0.833765907673398	0.80409382275209	0.799957718434515	0.832507297477579	0.799993906103261
DEST1810	0.746460310702471	0.698064423195133	0.700659554290625	0.737134968788827	0.703895642244043
DEST1811	0.816683094815119	0.771078332743907	0.776929045550944	0.810178475600922	0.772113985538874
DEST1812	0.895376202084541	0.851547933943797	0.855036061943903	0.89075395788017	0.850987946580679
DEST1813	0.912808418910937	0.874638792834384	0.886963853465005	0.900728508126755	0.874604550599209
DEST1816	0.781071173376648	0.735495530079581	0.732293483376998	0.766485438643209	0.725567358283125
DEST1817	0.772841873822452	0.736043620772829	0.705629164963251	0.770841969787026	0.735483118267682
DEST1818	0.868970979559738	0.843458785288336	0.831689313294858	0.865612907906393	0.837478033031583
DEST1820	0.918106295319518	0.900334401058288	0.897913918531646	0.917618204719498	0.901154031189789
DETH2055	0.921185639132565	0.868885082145649	0.92369232999662	0.875275987944927	0.872650793947719
DETH2056	0.94148825752488	0.92543191182118	0.946330070008959	0.92386212272877	0.924030108664909
DETH2057	0.936626274588625	0.940186543502783	0.935933913261745	0.932755127283523	0.940195919967309
DETH2058	0.948900143610226	0.946178954214726	0.948886897332371	0.946859135111924	0.939729670694386
DETH2059	0.955267158744375	0.954855282495725	0.957336820273996	0.95709053785828	0.956851619895191
DETH2060	0.957467391906475	0.95001952455876	0.952745493233332	0.959503737403016	0.951664728665918
DETH2064	0.947584928981497	0.948519918000455	0.950366661812573	0.948749248314673	0.946066096248079
DETH2065	0.919594370822434	0.92377900208557	0.922051848511081	0.912918288354626	0.921118473538948
DETH2066	0.943844000737186	0.947916769119666	0.949403481827769	0.947420720662021	0.951856852779182
DETH2067	0.944660328251132	0.94018176153361	0.940101644462785	0.944279681184122	0.939413751657016
DETH2068	0.931133616400475	0.929204508009004	0.93542788301651	0.926159836261599	0.930040576259629
DETH2069	0.922119416451719	0.927210653093689	0.929307177825281	0.925923282564412	0.924921358574809
DETH2071	0.92720618935686	0.934749670306056	0.935431675448779	0.926287422134208	0.93534651918243
DETH2072	0.926063538591401	0.920316900364689	0.924121862071323	0.928167114700257	0.919451712886767
DETH2074	0.88710822553327	0.896148876153833	0.890452824289784	0.894096901923473	0.8908912602631
DETH2075	0.925575151092663	0.935112395839329	0.938180599345933	0.921262480523493	0.935479170363817
DETH2076	0.906121510770795	0.917364291734032	0.925355866785066	0.899851766620909	0.918035281113557
DETH2083	0.893455126203117	0.911097953614322	0.906899326885594	0.887217190874671	0.903459142789565
DETH2084	0.91862647907665	0.912148123757481	0.923736071424237	0.911820189865055	0.911892483492804
DETH2085	0.926171420620639	0.920943069447226	0.929136333532644	0.920506047896831	0.920042407628688
DETH2086	0.917999142052062	0.9135951223705	0.922492348586667	0.905154032356116	0.91177472419031
DETH2087	0.934039850687675	0.938934485435978	0.936332239030934	0.934073898671451	0.938712074572162
DETH2088	0.888213193907683	0.881991081530348	0.889726328426508	0.882883379141153	0.882346540589864
DETH2089	0.935391229545683	0.938380487995387	0.940448123132621	0.935718443796301	0.937233966418135
DETH2090	0.903396352096063	0.899309941925118	0.891797531589247	0.909463850704579	0.897889144803476
DETH2091	0.900262035141104	0.899345221105048	0.893580779480349	0.904253108081337	0.901351309668179
DETH2092	0.877413125874971	0.874022140074861	0.874070742299894	0.867130523267928	0.870686278603903
DETH2093	0.904785493857657	0.892785696672258	0.892313888372511	0.903405320096011	0.892527258746713
DETH2097	0.931475747215105	0.929764839525089	0.92060640573843	0.939731166262098	0.928591551757301
DETH2100	0.796330580600741	0.874639587176579	0.877701761723739	0.84698346953028	0.876305026204206
DETH2101	0.865537219299045	0.864116824177628	0.85400494003107	0.878019059746891	0.864083721688706
DETH2102	0.899396312101812	0.895775031060666	0.901635040995142	0.894109186767481	0.893367483917679
DETH2103	0.905116358905935	0.878245084224142	0.888691957601011	0.893799793136107	0.877625037456371
DETH2104	0.898000531416561	0.892451462840722	0.896638561840039	0.898040068115533	0.89275719724541
DETH2105	0.91808722447552	0.91113658752886	0.908366122948753	0.911258230549181	0.910473833142065
DETH2106	0.919705209565591	0.915146847703032	0.911886864302724	0.919240128066137	0.918228914673077
DETH2107	0.890723144546628	0.883176480509242	0.885543738990901	0.884062562759878	0.882287471516767
DETH2108	0.892294182737652	0.879059803166257	0.883919956403743	0.890648595792187	0.878992081508793
DETH2109	0.953139395900284	0.953507658589392	0.953765630552967	0.955687287197365	0.951235620719205
DETH2110	0.907250568480323	0.915904585315069	0.908095112659289	0.912455273067363	0.917677882332823
DK000001	0.831266737123922	0.786116210782156	0.828936217389256	0.785225959047668	0.783541632781151
DK000003	0.869856723347559	0.768993437311139	0.872589775556984	0.773284664365594	0.767996375634599
DK000005	0.715475717845811	0.735199137391188	0.755103497595594	0.731409610033061	0.740546906431131
DK000014	0.87924288673873	0.842794452254626	0.883859624315301	0.841664256612006	0.839878407262556
DK000028	0.61743204482526	0.526298186393266	0.615423903427734	0.547027778087817	0.524518712986666
DK000033	0.744262222619432	0.805661711330888	0.780182569766886	0.788837259892023	0.80914947038455
DK000035	0.627901322949843	0.810768371532543	0.721564551640992	0.78239985164744	0.812128921829963
DK000042	0.871573093819086	0.719958218447666	0.861014360121418	0.707482644186133	0.719670668110151
DK000044	0.920737534036305	0.803934427672674	0.916632326886737	0.792560758841442	0.805747616947744
DK000047	0.903708898026068	0.832896726697577	0.881133517064758	0.824698905714148	0.835395570394598
DK000069	0.847496351819693	0.775358610625986	0.84966071283084	0.776260101727615	0.770638219572367
DK000074	0.886188919058186	0.882846279145326	0.891811488914251	0.88245712779074	0.890647373034739
DK000083	0.844147213094794	0.752382718896144	0.848350584252479	0.749698131862966	0.759080462022513
DK000108	0.836381056376618	0.870755023785907	0.8270829533882	0.866141541825876	0.868029242228048
DK000115	0.896871975833007	0.908984517496172	0.890833573671842	0.904096667147614	0.907575053802688
DK000128	0.924765709091411	0.952813706400906	0.91456108680506	0.952832852383255	0.951174364899714
DK000137	0.803276958570532	0.821063456737191	0.797917124683863	0.820154565259752	0.820318964283384
DK000155	0.90615009194056	0.894137904337646	0.908526972124345	0.897249245683724	0.897526832313857
DK000156	0.925490264522026	0.894944036907555	0.92996627447011	0.898058543227148	0.899163191862946
DK000175	0.835034493758085	0.837885585267985	0.842205858628225	0.839891496202264	0.834239668327163
DK000192	0.876017869504126	0.861636282506532	0.873612406147403	0.85675134336665	0.856229489566425
DK000200	0.590695137713136	0.513403995236646	0.560742778232831	0.54783220188136	0.508235093492851
DK000206	0.843766370582016	0.875136431182279	0.860694414485769	0.868478693814715	0.858323312135677
DK000225	0.13903447441896	0.712473659183284	0.133340451613907	0.721024181385205	0.709940840058672
DK000230	0.604390147377567	0.717768437970594	0.588238372132819	0.722956945250323	0.724557659456093
DK000232	0.759864226541723	0.652466935061249	0.767996171772383	0.65564227859515	0.652758722326891
DK000245	0.908076773825278	0.904230934115457	0.903435308544655	0.903422071170038	0.902797427264344
DK000247	0.901179273534889	0.859876621863526	0.878686545130225	0.853500759589338	0.861318904332461
DK000248	0.71950725283037	0.652833065654804	0.716621720970657	0.660151481596296	0.648333006144986
DK000269	0.918763162472616	0.832123407028339	0.903553833975929	0.816125625406665	0.838597288742955
DK000270	0.918970009048214	0.744527073887526	0.917108869420402	0.72367887554423	0.7457085450716
DK000271	0.371592971247104	0.536626694963745	0.44595616858656	0.532601526176163	0.513231247483029
DK000292	0.900402937671448	0.843535857442817	0.894376393528225	0.839941189866649	0.830590362236224
DK000294	0.900018060114491	0.928547238103306	0.903464628315241	0.925108811965419	0.927928639087939
DK000296	0.889716944726885	0.89155215551677	0.891186582368999	0.889469367732881	0.892946322209388
DK000297	0.737695308518774	0.724495595775848	0.741806385033906	0.732873549102139	0.701474610121757
DK000308	-0.342176034374052	0.662157406597315	-0.0262880097699925	0.526508948241569	0.657946274344206
DK000313	0.525211143525758	0.791023498621181	0.674147281370888	0.785877599854775	0.784511450273055
DK000316	0.845606314099642	0.786269435426238	0.801269299354066	0.782001133331635	0.783735000653402
DK000319	0.883177865464875	0.882911628997507	0.88584945136853	0.8807154791035	0.879050128216096
DK000365	0.89828907947306	0.893830942059025	0.826524320285865	0.88980331777794	0.890406471338879
DK000382	0.756651866284357	0.746535625336752	0.755847185612819	0.749091140429763	0.738082967342076
DK000383	0.763266284026532	0.722527533518721	0.751479732080963	0.737303588067476	0.72948922006409
DK000384	0.0188964794458892	0.666761549648308	0.179743545246644	0.605037985275914	0.660977690125792
DK000394	0.90912031182073	0.894329594351848	0.846889433094861	0.880013248015247	0.893034573977847
DK000402	0.833656580666546	0.864491563244715	0.834222956944024	0.868454732129185	0.860333352236045
DK000421	0.909053133965366	0.872467692952585	0.879796081724039	0.873047306367388	0.87194043296357
DK000436	0.858964124036402	0.804892517679011	0.847686375572011	0.798267312662	0.790595157677789
DK000440	0.884323449111804	0.880809056830831	0.890161112557807	0.879826267700334	0.886340003586093
DK000444	0.860306916807407	0.877264111203424	0.865136513212514	0.876396621893012	0.870704877957843
DK000453	0.818015039872218	0.777481144947045	0.757210810355958	0.779476983112618	0.783984195790886
DK000482	0.940739536481662	0.858683982944232	0.884028994878864	0.842158675220191	0.862013938719572
DK000484	0.91278364194742	0.890870487259377	0.86292734243827	0.88116958918032	0.890713106936722
DK000485	0.942202580280782	0.888204473451422	0.906925876118056	0.873553224933052	0.888639482171674
DK000488	0.843566068251459	0.878567821483827	0.841040519729575	0.882316105426934	0.876128505125797
DK000497	0.854709328055862	0.815866319387541	0.849459893612742	0.818551432481975	0.813843517134853
DK000519	0.857532208933863	0.823158220642848	0.853945465971879	0.821052227328942	0.820416561102429
DK000539	0.813608997476815	0.81499734710088	0.816689571717443	0.813489416503288	0.81353550112196
DK000547	0.873166768084427	0.896917508276434	0.879492107251638	0.895920747875263	0.891183690600601
DK000564	0.904435056358687	0.896023807025354	0.911159801334561	0.894549068034902	0.890867360359983
DK000566	0.82584516070088	0.7658014312272	0.817618617216623	0.76317565710963	0.760289730447477
DK000578	0.894342535822382	0.882153532707669	0.89789530177653	0.876980399275519	0.880077680324388
DK000581	0.859143806427256	0.837878209834068	0.869442518260328	0.838941090628303	0.827624763251896
DK000602	0.837836816227303	0.828414600170541	0.84038190176488	0.830708198902285	0.826414420735585
DK000604	0.905189741723604	0.867015344460291	0.883954467408595	0.857797098464584	0.866949797562332
DK000621	0.849018203656514	0.825401166576648	0.850089420903145	0.826119226209969	0.824162521001703
DK000639	0.833408811861102	0.830273542175596	0.829219976411456	0.827946600384302	0.820184800812964
DK000641	0.824372719924912	0.830439971391021	0.825884721348545	0.825228350935953	0.805773072871733
DK000649	0.803510740805839	0.784770485216156	0.766413203837574	0.784333698904116	0.783157218261264
DK000650	0.855628428965318	0.860321732191623	0.820898436133715	0.863385263156847	0.85620966871515
DK000660	0.759963858053309	0.84989189366593	0.732085385690663	0.853528519605854	0.849335736636795
DK000668	0.926454584779113	0.886190245922603	0.917073284485841	0.880277719009947	0.886485636310854
DK000669	0.916297710907162	0.906896099056104	0.902080651998988	0.904598490104858	0.909347283899004
DK000670	0.920937221946172	0.911638241408381	0.912211399183711	0.905969162435444	0.90643254344179
DK000671	0.934981032518342	0.873982048636376	0.931453102292573	0.867151735144771	0.879449670474843
DK000693	0.805077380667512	0.783775280666847	0.814332477259328	0.788649727234679	0.77259372821193
DK000705	0.857055724740583	0.862357402689825	0.832301774130799	0.859823663295588	0.862310237612283
DK000717	0.795981595624271	0.80423390706703	0.796073170229345	0.804761813917577	0.796780807623838
DK000729	0.855149240827036	0.881358751601059	0.865808250777636	0.880218302989963	0.879721468560046
DK000733	0.90044593390485	0.920726973825811	0.907696680573888	0.917686324221118	0.922317791667995
DK000759	0.74331348527268	0.811153385498357	0.635695688033566	0.811386576209891	0.801249570394015
DK000764	0.853014140088411	0.849524888241652	0.859638938835653	0.84304827337322	0.848396902459895
DK000769	0.814320665428688	0.843834189826783	0.814031703523641	0.842597302827673	0.836445174379782
DK000789	0.883814319526163	0.832549108760531	0.864685479179112	0.825825469328536	0.834772752643552
DK000790	0.881643159947937	0.856767504169952	0.821810326084382	0.848327112804469	0.857202175543173
DK000791	0.90021008634414	0.865397044383869	0.82851759682359	0.858521312512708	0.870907949270635
DK000792	0.920127347826096	0.829077162978916	0.889476317214882	0.817677860862667	0.830207934158075
DK000793	0.882975479499304	0.800313345950288	0.869519654501901	0.785822757808344	0.790939946596823
DK000794	0.918891365101943	0.860242361346014	0.856181802418641	0.849590841932292	0.86402299317871
DK000830	0.753374325902158	0.744046434230238	0.752757096158922	0.743089861679075	0.730152502425053
DK000847	0.79181500930295	0.790456067306967	0.767502037678031	0.784777819476054	0.787135994514198
DK000855	0.803262400003959	0.759920038235322	0.80839982862464	0.757719905328279	0.735541888346583
DK000870	0.906398951437019	0.936952778065672	0.909751737758939	0.936073523598955	0.934155647712912
DK000875	0.300693630454895	0.807510809515114	0.440059695371384	0.762848005802826	0.810218200063751
DK000877	0.311966692085785	0.837320921209096	0.45556685179967	0.772364905625638	0.843106624595662
DK000895	0.855249988437729	0.828777395876936	0.85010413633535	0.827764233642942	0.824005193134797
DK000896	0.846515579093491	0.844048260379323	0.834281746359489	0.840203823205397	0.836607571571039
DK000899	0.876887533505949	0.89129194980881	0.884277450539781	0.887960111402255	0.893759220174795
DK000903	0.792730371603821	0.896319310979759	0.838505031342891	0.890269062571728	0.896286749259682
DK000908	0.827792769224557	0.806219164504097	0.791617063096007	0.803240547047845	0.805239013946846
DK000923	0.898807192751923	0.876332374175533	0.898839201421349	0.87633558497239	0.873793550611224
DK000931	0.917971975537972	0.845234476739716	0.903475794593089	0.836467452005623	0.846143223237159
DK000935	0.877701396866217	0.729500146346772	0.872391523566046	0.718728786714118	0.736444168679308
DK000936	0.920943728176028	0.855813854066908	0.903868990344681	0.850557746247566	0.86051519298157
DK000952	0.72846676814903	0.752918851798254	0.72766919215908	0.751647674846639	0.749650593865488
DK000954	0.85089043975239	0.879156782378561	0.856284794663401	0.87998511135248	0.880383768380444
DK000960	-0.0818952772349641	0.692949650770418	0.174460972068269	0.562872249745605	0.688406442089458
DK000968	0.915163580488368	0.923297036094664	0.913410301662171	0.917848889478526	0.922415265023702
DK000969	0.810697274338964	0.788452631947928	0.798945759652093	0.807518101229184	0.800762925557449
DK000978	0.864206132718739	0.892791490726666	0.851340829681113	0.891183986024261	0.891266403537259
DK000983	0.938139107792969	0.907908012679439	0.932459411608869	0.909528565872061	0.911223244339268
DK000986	0.888967841997597	0.89498465916033	0.876893010593724	0.885117316739102	0.895345942736917
DK000987	0.743674340866935	0.697157773862812	0.721240171714652	0.718654780939769	0.698666285563594
DK000990	0.716155887756206	0.696760267563449	0.705497941409884	0.697286551561009	0.690260681076955
DK000991	0.925199227452113	0.932323216938591	0.92270272781573	0.927360644564971	0.932563755372149
DK000996	0.339036913003361	0.817841762501979	0.475870143577923	0.781597324746906	0.819279105802768
DK001000	0.880306307135386	0.87360326588123	0.878943771060469	0.869670133064678	0.86682720542674
DK001001	0.844643510797269	0.871637686922817	0.856437428235261	0.864215132671135	0.871883707404855
DK001002	0.901810094820742	0.923360521687404	0.908287712870425	0.921125385372855	0.920950923627955
DK001007	0.907883302430129	0.949908615911426	0.908588040631589	0.947657692896724	0.950853826042979
ES000015	0.902976950014003	0.400725499488063	0.900730468523425	0.411012552775411	0.403782419732791
ES000016	0.92679142455247	0.718731188863831	0.927868196307777	0.724056084377775	0.713893963389606
ES000022	0.916202425608101	0.498545765414247	0.916315953601463	0.505239770892261	0.49745978873954
ES000027	0.708868319359145	0.327904420098908	0.707340057049126	0.329555029662067	0.329993746466805
ES000039	0.852987507004377	0.340263784240241	0.857509623708569	0.326179751146903	0.336886227681986
ES000048	0.831087800481377	0.600515645519061	0.826133935654811	0.594372391045992	0.599611641495138
ES000051	0.846847776414995	0.560011093902497	0.830167088316587	0.557371221411629	0.565309075558946
ES000062	0.945113068895765	0.41702415487835	0.946224216570097	0.408008163444562	0.411429500432202
ES000063	0.942065499466862	0.417472081237001	0.943741159040622	0.411970821242284	0.420685395225341
ES000069	0.868118048553795	0.59744873535198	0.869429818232539	0.589147882091866	0.598324986354718
ES000072	0.924980249211437	0.665811990357595	0.924905586602873	0.668270191282029	0.662806563320945
ES000074	0.303823239060761	0.631602207125747	0.34610026339216	0.631036698586228	0.637727176089183
ES000075	0.900217584079415	0.696031933186401	0.900524158274124	0.699158813140808	0.693911762728675
ES000081	0.864364701328336	0.431882615085416	0.866549985047282	0.42712695959069	0.427444788931517
ES000084	0.907685930012508	0.744030413637397	0.90986032603507	0.738306537245055	0.739942141411432
ES000085	0.875620631943968	0.489532923082624	0.873475017278388	0.48920660162403	0.487757733787769
ES000095	0.916123791241204	0.752002748358525	0.914873058349265	0.756700763345847	0.750302257461148
ES000106	0.907402161289251	0.809981041705544	0.909051618943841	0.812880193994661	0.811358350339819
ES000111	0.733424214732275	0.572519581767768	0.736012008854793	0.575768328095917	0.572485330684858
ES000113	0.845295664166636	0.724809738617285	0.844692594946828	0.720411658320477	0.718522666352118
ES000117	0.829916165860866	0.701810783081898	0.828250073895162	0.703836647704313	0.701032309854517
ES000129	0.849109602980246	0.595614962173532	0.849119189515168	0.592964680901393	0.584718237725606
ES000131	0.921083227279711	0.673625122332967	0.920505889505455	0.670722466839679	0.664407412508379
ES000142	0.875719530251183	0.713509863888947	0.872764972611633	0.715199445037777	0.710897567775129
ES000145	0.817096092261295	0.772504604747842	0.81857858957201	0.782319096784776	0.782904381664939
ES000147	0.907453006754883	0.730481733222468	0.911212701511174	0.725260217030894	0.728135052655293
ES000148	0.825545715946426	0.702297375470107	0.851966219105182	0.707156110508583	0.668911030531302
ES000150	0.887200971998289	0.83649550627691	0.893925195788622	0.839796815474801	0.838784423351978
ES000151	0.910923418640108	0.852274575129801	0.90748817068183	0.850571385969301	0.853975336463867
ES000153	0.914218146907118	0.826366411324638	0.913781950973657	0.832387284789277	0.821451080740028
ES000154	0.898529596676381	0.897890907744774	0.900376618514305	0.899065906824532	0.895316893636919
ES000158	0.85086268659461	0.770816394895486	0.853094520704506	0.773820925465941	0.768541324719605
ES000167	0.839964510576086	0.571783500827922	0.834467945400594	0.564975331542108	0.555427164244794
ES000172	0.889199086025004	0.713241755004504	0.88708509484444	0.708618577662428	0.711993558293113
ES000177	0.737490050643651	0.463275390128955	0.731936344570873	0.462957936600446	0.453882162691153
ES000181	0.912754050875599	0.837759551322826	0.91357454046458	0.839027416443588	0.833626723536289
ES000188	0.903841892775284	0.779188088688788	0.898476521805832	0.780102196863778	0.777025210396479
ES000200	0.863782507985317	0.47723419658389	0.86278485870246	0.473345798738258	0.459714667317607
ES000203	0.892922306862531	0.779399841845736	0.881786357388893	0.774885030051202	0.776559102464415
ES000215	0.860261645534602	0.837640312256387	0.85946581190947	0.834839162779943	0.832858169015795
ES000222	0.779253565733496	0.756511572748015	0.785684226444918	0.755617545309508	0.765495815763838
ES000224	0.842724775759914	0.782065309786551	0.827450172423061	0.783061376410567	0.790044196065742
ES000227	0.6326832380755	0.62516342889292	0.628602840833236	0.630064297608528	0.626309756916321
ES000241	0.908691190666192	0.772895436426823	0.90902667425681	0.77030381486348	0.768040452697715
ES000247	0.786711376300411	0.737424730981399	0.791462910446381	0.731852392778812	0.735590067555132
ES000259	0.770024466430653	0.69134188406502	0.778043027725107	0.694554248047594	0.688325746996684
ES000310	0.882607522867978	0.8670748866176	0.881971950275445	0.867049943208771	0.866954261513709
ES000317	0.935041380312516	0.888052811575636	0.937673740105084	0.888473991274497	0.883786434000603
ES000327	0.87133168985714	0.731665797929939	0.876320239608672	0.732990562835393	0.706206915615228
ES000328	0.474519730715736	0.28691972845355	0.486712875813395	0.280529463592006	0.285412789363162
ES000332	0.768758251078195	0.641578809253521	0.748298539699946	0.642795962017626	0.627370208536789
ES000336	0.867961866350599	0.787794122904094	0.898398266836269	0.793570078760055	0.722858590292896
ES000337	0.912219169144907	0.660055036775829	0.90857353693963	0.706759203463318	0.624651212814295
ES000345	0.875234025755715	0.548793138492325	0.871942569438091	0.546793390472944	0.548929732655126
ES000346	0.806064278860472	0.758491607006468	0.80007993794471	0.75751669879405	0.760366817686183
ES000347	0.893080971286367	0.802318866693674	0.890599375870917	0.79859378987762	0.799619335417822
ES000349	0.76435387150695	0.658686589438459	0.749424717462813	0.658893947739528	0.656226644670788
ES000350	0.794087700338601	0.673242554637765	0.788358568271943	0.673213409878638	0.665097415164229
ES000352	0.908287388005448	0.802165564476599	0.906286652046226	0.801648331873547	0.797650335200579
ES000354	0.89024015479393	0.704517437635299	0.886892229898344	0.700593872378294	0.673872329756755
ES000355	0.835676447030219	0.776520059115788	0.837612873279699	0.783469208295452	0.784044022560501
ES000356	0.372511054974702	0.41867334723302	0.337760640966407	0.43828402118792	0.43375929100081
ES000357	0.830008864879117	0.769555408698841	0.822047412818601	0.775546713774972	0.774110211259403
ES000358	0.842036262008591	0.77354428976754	0.840171367034271	0.775046050039438	0.783538785191946
ES000361	0.914251238143546	0.661717755101295	0.911011485410592	0.663231452466191	0.637547383902395
ES000362	0.848950118163312	0.550903843057732	0.844929238988836	0.550738011312826	0.548155247995776
ES000363	0.686049789860253	0.596082165332433	0.690300297809603	0.596726716197011	0.596758301804081
ES000364	0.884524658675221	0.780443223450163	0.886864608350899	0.782337811355302	0.776983852690431
ES000369	0.769652924102441	0.660649714980363	0.775410205431293	0.671486029209195	0.658850920562338
ES000370	0.694956303657059	0.576065757454697	0.699912004184929	0.578010853221066	0.585544691550629
ES000371	0.833014863292284	0.754517516154113	0.827231090223366	0.758153989110534	0.750037899933495
ES000372	0.881314883828044	0.720234631979353	0.876947261393867	0.719722795897669	0.70477735121493
ES000374	0.909208238718113	0.761067446626629	0.902742291198951	0.761616219467947	0.737929115300321
ES000375	0.881911633490982	0.781162867632072	0.871141146610198	0.785106760112223	0.764894667356866
ES000376	0.890570354795366	0.819231929857343	0.869787064778908	0.826947331046829	0.817309131037568
ES000377	0.86922848143549	0.753888044442261	0.863707922008417	0.756129997817782	0.747053086165406
ES000382	0.951198538381609	0.771690602669967	0.951500525611025	0.775543472844119	0.762613063290734
ES000384	0.923035311516579	0.785639586225015	0.919746060920166	0.789203208440883	0.780032695498837
ES000385	0.825093610694391	0.627431979599816	0.815857512989927	0.630544218279943	0.624234488838496
ES000387	0.937879327965572	0.908661631407586	0.932967970234461	0.910831455539918	0.909402620169806
ES000388	0.699441838294926	0.706948190123268	0.712330159586188	0.707733059245834	0.697330780143223
ES000391	0.915883292581728	0.8535387255048	0.916145188051338	0.854814407709031	0.850148643225451
ES000401	0.921563026783229	0.784004321279719	0.919507190119199	0.779977940362182	0.780951459102901
ES000403	0.914747682470005	0.868600213876578	0.919126739782048	0.876717387189232	0.868784859421829
ES000404	0.738264919622613	0.663133857685946	0.741567891329492	0.662082991208829	0.655391519843988
ES000405	0.708145161532617	0.561059341240881	0.704278566542137	0.55994150136231	0.558991328927964
ES000415	0.894838025424151	0.637259621340487	0.898239130012769	0.65467169233057	0.630709555948598
ES000416	0.763399018977875	0.566182506716315	0.758696740517825	0.566112042296764	0.570592778107744
ES000428	0.468316346501458	0.260410637096918	0.445522086145519	0.262694148494474	0.279000569450539
ES000432	0.807701709826794	0.636193359387233	0.815443756259467	0.638094230435854	0.635185796339012
ES000433	0.858227497807675	0.715987078417815	0.850650223246154	0.716218807179521	0.703035106855523
ES000434	0.775680883808761	0.599850884229169	0.786527531897333	0.612582315958697	0.596961641492623
ES000435	0.212785644423868	0.126980325009917	0.192426981853467	0.129354327326011	0.138679633713286
ES000437	0.748374042256692	0.663779718812121	0.754811389322065	0.664989718104532	0.656257522438134
ES000455	-3.99049662345015	-3.37447202566983	-4.30506523147688	-3.38806260216987	-3.29647392347712
ES000457	0.0397343037137756	0.00363937256851643	0.031998339200905	0.00860644425303758	0.0078976033613869
ES000463	0.873086155379865	0.603340480961426	0.871670489609009	0.605496991326084	0.60463786324459
ES000465	0.789683906450926	0.557868890413556	0.79602344724116	0.553999361352732	0.550283775667473
ES000468	0.878531873656678	0.636192848465495	0.877760779974303	0.634774901729216	0.623285267500286
ES000475	0.871335081016097	0.667102998842264	0.882192653042053	0.665391658932406	0.661972641693968
ES000478	-0.139106641552633	-0.20198318549909	-0.14633821381962	-0.208298744489059	-0.192007981924078
ES000486	0.764545458396177	0.45742253225769	0.769893558453992	0.458866512178172	0.456974686543444
ES000487	0.833635445769058	0.673719164379985	0.835381179630743	0.674622188638401	0.670996072732519
ES000492	0.797706298623207	0.749258019037522	0.800367143027747	0.752671473648292	0.756344004983833
ES000493	0.751669591283236	0.643803180494713	0.745818241793105	0.654813378810675	0.657633290895499
ES000494	0.662635484741864	0.378129808063076	0.655109839561256	0.378484224788198	0.36693110056472
ES000495	0.833697021034107	0.601202881535881	0.83054470315601	0.60328255704149	0.597688433382374
ES000496	0.914543669895889	0.855096296504808	0.917236176236701	0.855591171572778	0.851618736298829
ES000497	0.890809475786893	0.81116494490028	0.894722441181207	0.815485356267766	0.808458689407773
ES000498	0.860208321085646	0.653934967390789	0.854559061764479	0.651722741467192	0.654074365882018
ES000499	0.866929836896006	0.797674421483037	0.862835014884112	0.798361238550057	0.802367252759471
ES000500	0.780201763009976	0.595765386961405	0.776978404676193	0.591464250855944	0.584727447663313
ES000505	0.828739333377998	0.655067955936622	0.814959589628931	0.656129952131626	0.671505735092015
ES000514	0.66834421464862	0.511414596687769	0.665724529501332	0.515076048507756	0.499168982641735
ES000515	0.57197939002503	0.524636465318583	0.559013253389608	0.515200971895826	0.513727109662806
ES000522	0.421728610135127	0.308149410165518	0.429078511872146	0.302121025159577	0.308782131345036
ES000523	0.304155866397579	0.143948548759803	0.313208423727752	0.1432017652412	0.146826604902638
ES000532	0.54365724088228	0.421922051796117	0.54298690222781	0.423428813144182	0.423236075499547
ES000533	0.917609468314003	0.857791096081319	0.891615576443514	0.861213862343893	0.865190967534979
ES000534	0.888241558576186	0.756287092141819	0.873380515325782	0.759157201809713	0.77190395634732
ES000535	0.858253787267038	0.800092704474699	0.861642359355452	0.795735197739555	0.794030045242505
ES000536	0.632964282861158	0.486960490936819	0.615892378099244	0.492777948392344	0.482924994601939
ES000537	0.899787487055131	0.72486961392076	0.912828532252891	0.753408269043691	0.702913664227293
ES000539	0.800804071864005	0.688784382663904	0.799656894802147	0.6880573450443	0.679832982333545
ES000542	0.652622540949239	0.355701519151362	0.652023475376017	0.358882357870317	0.351583562055601
ES000546	0.632571759873557	0.495636335987013	0.529893502783812	0.548172712234898	0.487761538632105
ES000549	0.352008914996725	0.768734259376377	0.278678798117452	0.800032264595893	0.752356040252953
ES000552	0.710721977678489	0.643030256806799	0.711093784290818	0.641499937857918	0.619290360648531
ES000599	0.916034386895525	0.480757433810743	0.918538846495704	0.487211083608394	0.469844485884946
ES000600	0.925144240002234	0.372812623499012	0.928852052365605	0.369195796547938	0.363494914284001
ES000602	0.927129412328827	0.865001522048369	0.926044322406536	0.866322305793574	0.865036660478333
ES000605	0.77561879473598	0.667657736463171	0.767579536775682	0.670515959592936	0.672374693484765
ES000607	0.93290286024957	0.849505747760872	0.926542391913697	0.853286884870928	0.846972450604639
ES000610	0.809202149242792	0.562891328929358	0.802271227201825	0.570767488659981	0.563804702787937
ES000611	0.851138466309326	0.704193102579891	0.851496075031352	0.710652794943043	0.70509235593138
ES000613	0.750926516566214	0.54450910166643	0.749801823045454	0.550771716033146	0.544078688604113
ES000616	0.878258765319538	0.540245626687763	0.874897406117072	0.545254048699183	0.541836503885203
ES000618	0.935631672868389	0.645189441127827	0.93568254654055	0.645698436372565	0.646061677571696
ES000623	0.809699110868813	0.731974882341299	0.806009940761786	0.736808251655023	0.733767573659804
ES000630	0.911834393727429	0.889882026498947	0.911747676615862	0.888736595615316	0.889932724725344
ES000642	0.725114061677644	0.69693573812156	0.724018596861603	0.69643661756044	0.696141522301933
ES000643	0.845854965230836	0.825841579464779	0.846608069420683	0.82542782873146	0.826643258380364
ES000646	0.874509420752609	0.865730286735923	0.874102745082862	0.865894949898461	0.865756102225789
ES000685	0.590769956211236	0.579471582877046	0.592994806981924	0.577361477404789	0.579380120460068
ES000752	0.871870951183055	0.850250719590464	0.873101574375539	0.852220018527748	0.849385517292809
ES000756	0.522283619823241	0.452089296864992	0.524855287573851	0.455986910663577	0.451617929482127
ES000757	0.831425895306063	0.650394043445717	0.832268900467382	0.648717499401966	0.650379503560005
ES000965	0.712368671142542	0.662546895223871	0.719219391538232	0.66180710874637	0.667256658489365
ES000966	0.700350479651834	0.460628873738965	0.679705052029219	0.453943560683614	0.475664852911013
ES000967	0.786248336786422	0.533287509192062	0.789117184828219	0.526457568899308	0.535556860226218
ES000968	0.591717994138259	0.482902596079748	0.592932593411953	0.482050125925726	0.488285007622073
ES000970	0.93452367346231	0.787150457332096	0.933808886768581	0.789046121582619	0.778943592751811
ES000998	0.863293549577578	0.827123578074068	0.868083914622535	0.823044736435891	0.828893838213404
ES001008	0.747713434539406	0.759508943930676	0.753027818229858	0.7547644305949	0.76374734548868
ES001011	0.900943100888226	0.741962645172657	0.905273501035102	0.742371603544545	0.732011702474931
ES001012	0.894810776759182	0.80362434710292	0.902183550702855	0.803099218579051	0.79626498158228
ES001013	0.821557602610069	0.66797565125404	0.821153219998164	0.67258911290296	0.666171827738643
ES001014	0.136079458301276	0.121559351858429	0.134834464898447	0.134957469577001	0.13313704040495
ES001016	0.813959041389499	0.703252261550728	0.818261714075716	0.702168918137765	0.702169697766306
ES001020	0.823176932786704	0.718580637573434	0.833771226390215	0.721392531880024	0.721498538653165
ES001035	0.782102778291937	0.695388624796678	0.791085389738214	0.686046176047877	0.694520091135373
ES001038	0.754204871250369	0.741679546674997	0.759312127426308	0.74167789754577	0.734816383725214
ES001040	0.90462195655196	0.748660122691534	0.899982416803603	0.745473286185839	0.742194439155972
ES001041	0.816528154506585	0.731700038013263	0.812098219296528	0.718301442235024	0.726107439780968
ES001061	0.854281749443406	0.861273585957736	0.861305419251887	0.858459688939868	0.864367471618882
ES001062	0.859281041601047	0.865233417891043	0.868259266447266	0.863583699615783	0.865058998807783
ES001064	0.937726336721405	0.887674633723124	0.936754078786127	0.889483110856903	0.887717671137103
ES001065	0.883767650232762	0.769715894691206	0.880743811040493	0.772191337374468	0.772664847496047
ES001082	0.72767209233767	0.543072266554113	0.729155765345798	0.541968039737154	0.543922594710308
ES001094	0.945605713598277	0.753377435474206	0.942763505158943	0.747572526037593	0.75041573162395
ES001110	0.94043280246723	0.914028146720476	0.94077164913685	0.915361388802106	0.914770805641525
ES001231	0.907337301534638	0.671700289626965	0.905930012973162	0.672757581198279	0.653519234121461
ES001233	0.704806285322254	0.623001218521405	0.722110602436907	0.607686331479297	0.610549616751347
ES001257	0.812210741726861	0.794129931812761	0.8387904668202	0.797609103650735	0.787393737540491
ES001262	0.896850387332522	0.689708290472887	0.89532934123216	0.685548779864837	0.669787548782389
ES001264	0.90363697051393	0.660617368737318	0.908807122753053	0.663596978126189	0.645083737883733
ES001275	0.841675581388151	0.789596407496982	0.849080701475041	0.762244985408679	0.748575283317426
ES001281	0.851515604173827	0.784681456026032	0.850374200645637	0.78369927239601	0.777653319023214
ES001307	0.852960689945456	0.638282799386998	0.845396979572432	0.640128367032038	0.636480844442049
ES001320	0.620959185481175	0.592728705938875	0.637584828641036	0.578572104738204	0.583013325692671
ES001321	0.877313401633941	0.835953737721231	0.875852463223866	0.83480253534294	0.838218425017581
ES001322	0.934481294844501	0.191549509314694	0.937603376777764	0.19839936575462	0.199847105972878
ES001324	0.885635278445507	0.851500571576645	0.88429584453283	0.851220777052209	0.849458199477207
ES001331	0.848322273368113	0.759055160118356	0.846192360032562	0.759415839675467	0.757764746177977
ES001332	0.747705028735482	0.666827891350056	0.744010802536679	0.664039351263926	0.667267509360607
ES001341	0.888078481983413	0.548340005530425	0.888713263707018	0.546638850260757	0.553848267375956
ES001345	0.792897556881299	0.732987933955672	0.791941530326093	0.72356420481268	0.719537259290681
ES001358	0.820788745388583	0.363296259774284	0.821003786971159	0.358169620213639	0.347395486393816
ES001362	0.670112719504814	0.418805494225889	0.667318610158168	0.423418752552977	0.413937126974443
ES001363	0.826495310872235	0.745220132570652	0.827134869256681	0.749952339532654	0.743203759752181
ES001364	0.700887335248313	0.351382757635474	0.698560368969672	0.357243303411599	0.350249337209134
ES001365	0.697705588372049	0.207963843839505	0.69876411984812	0.203989109023708	0.208484586057838
ES001367	0.863990157021815	0.863633728295501	0.866865367529189	0.866077070141374	0.863618249280789
ES001368	0.887797028910251	0.493957506860579	0.887777911903457	0.506504586359771	0.489481300850468
ES001369	0.797179289530312	0.597044910108755	0.798210308734911	0.599992858905373	0.59593974591458
ES001378	0.851650466741798	0.539135043714222	0.835858472840209	0.536316097053549	0.54113538750893
ES001379	0.721652704038383	0.699917798639249	0.716414275639226	0.709491037516497	0.698581257302554
ES001380	0.775758372978549	0.730102346590076	0.77413746683149	0.725267879901824	0.723363424724745
ES001391	0.85586953267178	0.722336533901958	0.857919565275097	0.72908771187988	0.720257333337657
ES001393	0.824705541840906	0.783921597977207	0.821397283569877	0.780693410644139	0.777240033869428
ES001396	0.629665026651913	0.436380948181711	0.629758966855148	0.4399215771283	0.438069219767058
ES001397	0.737629734166205	0.620470052488276	0.736320135511752	0.630107184191322	0.625230601265003
ES001400	0.858647242106891	0.788389789289459	0.861270277369993	0.787027450217428	0.777650321028618
ES001401	0.736014994874755	0.630222552129116	0.733434661830085	0.625885440958133	0.607378906396391
ES001406	0.859211778262466	0.529453821309465	0.861984242429473	0.540076726669856	0.538110845340107
ES001410	0.744904145639055	0.701077740141113	0.744620052991237	0.700371919282586	0.700549031612389
ES001412	0.901006585624752	0.814593296199256	0.905620087048052	0.810581764797489	0.810129312719408
ES001416	0.576439713369877	0.576871498558722	0.590434643570364	0.572942810404371	0.582614876878348
ES001419	0.726482479910695	0.462436046310165	0.721958850968478	0.463619981155398	0.462786031130506
ES001420	0.607574491504111	0.613555514822931	0.607264340951673	0.61775701909245	0.614960170080989
ES001421	0.753944216157122	0.758980378399073	0.758894770384176	0.761017925563208	0.75857731685206
FR000073	0.947476420793742	0.933414417322368	0.946272189112802	0.933843303598399	0.935843407709484
FR000115	0.882593078926394	0.868797759278015	0.897055594562318	0.854210778237853	0.864382601430688
FR000121	0.905437344999361	0.895005928830454	0.91582531847594	0.87097208296083	0.894625389419551
FR000123	0.81212212220847	0.810798386167849	0.826657677475378	0.776614746913161	0.807498054349274
FR000124	0.829838503736757	0.891894230978434	0.822967532810438	0.890289486986988	0.891827128610307
FR000125	0.859145268889785	0.918105375607846	0.852205313524444	0.917034761059824	0.918194026932304
FR000128	0.925659291255072	0.937290518331459	0.918948442042935	0.937706102416835	0.937248185790383
FR000132	0.696258797352276	0.859395802524284	0.776991821150529	0.839588154766792	0.857586783273064
FR000137	0.821380074673713	0.893041026760589	0.866325225828642	0.8866459705753	0.893062631393989
FR000142	0.575918764932392	0.891282787382993	0.675138839732966	0.882090147351204	0.891407655615906
FR000184	0.852234728220698	0.897571393736054	0.878382731962847	0.889976252156416	0.897401456192681
FR000200	0.888501222378911	0.914735496191032	0.906814085491545	0.907151004364707	0.915495421415221
FR000201	0.908884263014591	0.917268092857461	0.920099669887748	0.9226533859532	0.919423395658505
FR000202	0.875097842780969	0.918464952707172	0.907020475699288	0.91889638564423	0.917452594772792
FR000203	0.912129051087705	0.928437511877201	0.928278871939643	0.931558877308783	0.927732524277298
FR000204	0.881068149979281	0.88962695804166	0.897605219774117	0.897212982967414	0.890501203407789
FR000206	0.882748360616934	0.913412726819898	0.907888514354615	0.912944568289257	0.917100695500854
FR000215	0.861810005568496	0.909750705904798	0.855465103344749	0.912444377605076	0.909378869669822
FR000221	0.94166355171507	0.940148666665073	0.946085877118091	0.928504988875272	0.941192658575755
FR000275	0.872506841644546	0.874751154209516	0.877866514719099	0.871884692709652	0.873896217679201
FR000287	0.946399818334633	0.941179481295895	0.950642257049816	0.943288754488164	0.942563734113781
FR000328	0.800390311907071	0.845752186332177	0.820037916311761	0.831547362301581	0.833294410673721
FR000335	0.8171410559102	0.853842498689143	0.867437857943854	0.829887849764963	0.853209666368786
FR000339	0.791782834134683	0.834414032655383	0.842291488597839	0.783166827006301	0.834665914949473
FR000386	0.935753588074334	0.858031560914656	0.920841469248486	0.882165620042185	0.856573362821417
FR000390	0.915884536100334	0.922289579546407	0.931672546460993	0.933735248733326	0.925037102982726
FR000404	0.871982989853314	0.907776571465959	0.925139019303881	0.875475208391548	0.90974919155824
FR000406	0.916901006681694	0.891210644863726	0.929092957994815	0.902448306470924	0.892163666437316
FR000420	0.748938447053529	0.753532966940513	0.753874368498418	0.741662201180955	0.752197098615982
FR000442	0.707793016551133	0.945377502218767	0.853560668399152	0.939196853822009	0.946161103802884
FR000459	0.777754025648818	0.831856841765916	0.85007855650392	0.800414473031174	0.857539397833752
FR000472	0.955756547703838	0.913711851609524	0.9523281829055	0.915624244571945	0.90878820326958
FR000473	0.902386010519503	0.949764343177249	0.934695989586574	0.938719162628398	0.950936808728686
FR000476	0.947995198533724	0.92812971906758	0.939391490942666	0.937499289940185	0.929734371440912
FR000483	0.906951841791886	0.951786323997209	0.94061401210612	0.935735040897812	0.951958284257381
FR000494	0.871723697781129	0.967236138278987	0.926104929182852	0.955391960619415	0.96824431740617
FR000498	0.912190503892593	0.934185700681192	0.930620463001058	0.938864563806591	0.934898381386812
FR000499	0.881347060774891	0.943718569896228	0.918434871055746	0.942380384107881	0.943148299790983
FR000516	0.857308075352106	0.881398413756661	0.886672239600096	0.86383936640181	0.8811841259082
FR000517	0.904399377544855	0.95392448009346	0.938219886280335	0.950366388924702	0.95383909075243
FR000521	0.951209335475361	0.948729425384883	0.961899407448524	0.956204634539553	0.948707024873267
FR000541	0.930155117799148	0.927820926140315	0.937737450218593	0.9205635441191	0.925808153524805
FR000543	0.866010652552799	0.789826285681041	0.858469932057946	0.80399111570498	0.789057368238055
FR000565	0.837847781357682	0.840411549253995	0.865874822710586	0.821008744855845	0.840276528257591
FR000574	0.798642149772888	0.819442912881846	0.819988409891094	0.807743989130551	0.821350210610807
FR000577	0.826593542338874	0.881338840394677	0.868711488275731	0.845472283569634	0.882565161516913
FR000596	0.931500752776149	0.929726727453947	0.933274727692714	0.933699519621897	0.930487684635389
FR000606	0.924698452781583	0.955004059300561	0.936292140040369	0.955130555519645	0.955613392101884
FR000611	0.847695736430039	0.895389850720129	0.845777813563786	0.901223135382494	0.895494322285987
FR000615	0.943907791983871	0.955985776071455	0.958664694470527	0.942952037140826	0.956133747233177
FR000638	0.887782558307065	0.930788744245236	0.91099357109401	0.927831358968193	0.930429207375171
FR000644	0.89322987453613	0.922674243299032	0.904850180118252	0.911888912554245	0.923088307320543
FR000648	0.902096826575103	0.928732423609418	0.915227737267514	0.915719439867333	0.928336429981185
FR000650	0.926677651377532	0.935721582574426	0.929719981027669	0.940593967673997	0.93459677105714
FR000653	0.927788699523329	0.923631572974517	0.939207007255215	0.92092643790597	0.923506561791704
FR000657	0.914156761831311	0.925031273080514	0.924219054000543	0.922712159974117	0.924323879651489
FR000658	0.915000616306119	0.920198579898111	0.933102172516068	0.917163144056837	0.920353784159019
FR000660	0.925226543037858	0.924160775006654	0.944185354926201	0.917628658343722	0.924996900877062
FR000664	0.896550490775428	0.898442760228056	0.913586010028845	0.883283182922266	0.899415242529368
FR000668	0.893601012268474	0.947030862744353	0.918177533870206	0.943450315889412	0.947893994024902
FR000671	0.677482727283329	0.948502523602791	0.795087347518158	0.943586093753076	0.94834298959077
FR000672	0.9314137691433	0.956024740986044	0.942262892390603	0.956583738159656	0.95700712569979
FR000674	0.938729898129784	0.947819940036233	0.947413801461503	0.947582000297276	0.947561277436984
FR000677	0.90563898938283	0.924296822996334	0.917345996279785	0.917030117134137	0.92470712257949
FR000678	0.909854225235462	0.909357956838335	0.920453926206577	0.902138084479094	0.909265976240184
FR000679	0.942509148889555	0.941637546428276	0.949021408366317	0.935563680905774	0.940386175366931
FR000682	0.953835458650676	0.927114743143043	0.952865355601613	0.931173561576626	0.927964889720012
FR000685	0.940333719775894	0.943995143667946	0.946245089041686	0.940646483525899	0.944334720182048
FR000686	0.902528850309251	0.907182447163978	0.907876416619447	0.908819578050629	0.906958689718822
FR000687	0.797772978775325	0.917602948738898	0.864295963314025	0.914010816852199	0.917143121927746
FR000688	0.936383671615007	0.961874486316424	0.944721688100238	0.959523730649992	0.960589856967801
FR000689	0.854229077806775	0.926412295870608	0.899696787049057	0.923325970848048	0.92578211065229
FR000691	0.925369951842691	0.945770470958072	0.933060859359535	0.945774043786999	0.94604428682965
FR000693	0.906610309959719	0.911234850818343	0.908951216057241	0.909289196206169	0.911310349030222
FR000694	0.929264511479936	0.926076249025378	0.930925599748392	0.924622077969143	0.925740994216958
FR000702	0.925330940267055	0.937165166334364	0.925361732767015	0.936308469153609	0.936640479275374
FR000707	0.883170255287884	0.817948732955922	0.879385431511433	0.828366290236134	0.820576359912666
FR000708	0.874883236001598	0.827929400399667	0.869837561587303	0.836302861651195	0.830032987794511
FR000713	0.923686156364707	0.93280560466216	0.924664612575975	0.932162824440079	0.933335671829081
FR000714	0.932278015402468	0.909942174398085	0.939371179961515	0.912309797007856	0.909129393725013
FR000725	0.931631202301398	0.912481155898613	0.932335161510827	0.913797858017979	0.910952278114366
FR000726	0.919781429840479	0.928029862440701	0.919286490972099	0.927217801518631	0.92850232708069
FR000730	0.931973865240615	0.939251932523496	0.936660683330723	0.93733584903419	0.939133199018637
FR000731	0.864709796381037	0.919069977171825	0.867293631316816	0.914122429442303	0.91907995993953
FR000732	0.967664695227923	0.921403422778322	0.97218577311351	0.924815213155369	0.921455521374169
FR000733	0.940158911188619	0.891825707438588	0.938058564013598	0.895318137391683	0.892593442534725
FR000735	0.962000657632973	0.923074079121405	0.964955547145328	0.927427008564743	0.923525980473047
FR000737	0.962526663640154	0.93220469499907	0.96360109126139	0.934440309944387	0.932421715474862
FR000743	0.965907909053458	0.932140877043601	0.968521350522331	0.932447902687941	0.931890461837515
FR000745	0.953489141422369	0.932305675297069	0.96039688430765	0.936039680024256	0.934408957749236
FR000746	0.914024264874962	0.765196949158787	0.912457166412406	0.768105053030597	0.766533080637047
FR000750	0.961975650299319	0.942335842639881	0.963644584538465	0.945585120880977	0.941891858042151
FR000774	0.945249436161311	0.957214758596391	0.956109464065981	0.952056353886909	0.956955105300093
FR000778	0.958565697309587	0.846993944693339	0.95655286194502	0.852839220809757	0.846988003435001
FR000804	0.908833393570103	0.916568413864956	0.924840696474056	0.919560511770014	0.918968994741731
FR000818	0.918934996269322	0.925362938609515	0.928568081347909	0.921462214051518	0.925681792237769
FR000828	0.921975042656639	0.911872735669532	0.93016971148804	0.918569306061391	0.913379277831843
FR000831	0.929308346902288	0.937253534577145	0.944388141032189	0.938657608833042	0.935844056497589
FR000835	0.913366232123023	0.932708697045443	0.929488448113157	0.929894689780521	0.93208670123529
FR000836	0.934020352513034	0.933072724926879	0.945494483228116	0.935231757882557	0.93251188062876
FR000840	0.933489841704986	0.922751754816222	0.938918852276928	0.925363606354254	0.921658074137781
FR000848	0.942929864042655	0.947516820790565	0.949006328505582	0.944723559964651	0.946797823721391
FR000857	0.952970302110608	0.964955786434173	0.96104961383854	0.965883784014767	0.966560556616674
FR000861	0.919826182709273	0.905658880195967	0.927304816858713	0.913908037530185	0.904253173473518
FR000894	0.919672443953711	0.85989296957879	0.916205408512486	0.871068601567127	0.860156908749397
FR000903	0.916216523331107	0.887649679249071	0.913292856018729	0.895914985272805	0.887763055968436
FR000906	0.577214582918083	0.914723211268891	0.816605512675744	0.899756370370843	0.916820785237003
FR000918	0.536359034459385	0.89853045950061	0.741869201452047	0.883362700348773	0.900546079229131
FR000919	0.916937912449377	0.902843144729433	0.920304360435688	0.909417617929197	0.903369558817895
FR000926	0.832426517004557	0.826565725731175	0.806297723070157	0.847912301207965	0.827106120066386
FR000927	0.916516771874775	0.908267268551073	0.929751680676726	0.924182447573427	0.908938481716977
FR000929	0.933078060499105	0.926219741473871	0.930698217958219	0.934016597691953	0.927509092109834
FR000938	0.921272488595637	0.874517156306242	0.917739294179931	0.890387789520297	0.869318526836604
FR000946	0.812038236042752	0.826595636267143	0.782609281028727	0.858147549336539	0.822728926287968
FR000949	0.885864059164731	0.906494036986876	0.908150232681879	0.897414487961409	0.90452510276115
FR000955	0.960959070828902	0.843735571459742	0.956918413117	0.86461410909032	0.84277373892111
FR000969	0.91748376391208	0.926538123655772	0.919058445853875	0.935996496027604	0.92568257518856
FR000978	0.918463900653072	0.92015177920232	0.922514809761969	0.921540830980789	0.925449863151736
FR000998	0.917289069711131	0.899568952247836	0.913701537914739	0.898399277523286	0.898959531684255
FR001000	0.845857614391022	0.839994309490612	0.822337117305899	0.846516547203146	0.840507961070679
FR001010	0.873630585463329	0.878281563334369	0.872244673637183	0.89059921243552	0.88104915600338
FR001015	0.831214771051798	0.888983906121662	0.8850901482281	0.84776945868882	0.889259013618575
FR001016	0.879054792012151	0.884143077273616	0.887561821457399	0.847237786283158	0.885138435174572
FR001020	0.855042350328562	0.931619656964844	0.92221932573846	0.888989418189167	0.930179097892452
FR001024	0.856105877886223	0.872313196042504	0.910196671812213	0.75727065273591	0.869215476037283
FR001042	0.842370760302774	0.923607493623237	0.948115362869795	0.934253659243691	0.922930170674092
FR001072	0.857901220787166	0.902037279341468	0.914889612034414	0.845009986957438	0.898356321805908
FR001129	0.86363235729306	0.918843179211041	0.902404283306789	0.903816097597888	0.91597539755903
FR001143	0.858280866689118	0.918700165124257	0.913296623709478	0.881490620906005	0.919126478631124
FR001166	0.914440876612601	0.943129778753614	0.946177233744899	0.935642552864485	0.944803594072548
FR001178	0.926325573173641	0.90549813327447	0.924759951120838	0.917014065137161	0.903711715492941
FR001188	0.93163352800443	0.931975286750404	0.935039157760284	0.931831774323476	0.93226386312427
FR001197	0.937235203386505	0.955605756021785	0.95413949782648	0.958534568112885	0.95766627773011
FR001198	0.914302402363884	0.943083628614459	0.942268517533485	0.922915928988405	0.942379448634177
FR001212	0.929309243976507	0.934554863941362	0.926411654594486	0.93789609183289	0.932132462287541
FR001214	0.869554777712419	0.911165415151058	0.915302672508536	0.870990354432594	0.909551835475535
FR001228	0.803710483967109	0.930444322469194	0.928348351884886	0.943128411265529	0.930895955534855
FR001231	0.925548878004095	0.944454467805992	0.945978785010354	0.930378191892695	0.941257079929273
FR001242	0.920399765444397	0.94583478884787	0.944634060858537	0.922825271592134	0.944519494345141
FR001245	0.920202420225156	0.950359727789546	0.94499682672159	0.945739630089954	0.949312982126521
FR001299	0.836388540372112	0.869752239344766	0.863090861151876	0.844180974068144	0.867741380050656
FR001300	0.93789532042497	0.965493348987891	0.958751888331155	0.960201375584208	0.966333382173122
FR001307	0.945798492287623	0.936244737025812	0.949112493030102	0.945118640630688	0.937572401412608
FR001309	0.907391279240722	0.934209785391676	0.928359695641314	0.922300374458866	0.935825769410459
FR001320	0.875756582132807	0.907378793345751	0.899458272028067	0.895890686821105	0.903697598281072
FR001325	0.828597966159608	0.851752906374158	0.865737606085786	0.829407574943621	0.848004619782361
FR001327	0.803805353507618	0.819710862850294	0.828413184606446	0.812695665164596	0.819666056767694
FR001334	0.902136152418938	0.92232685984279	0.923726046462345	0.907143569143833	0.922499316454983
FR001335	0.897004463726043	0.918673543262015	0.917176761943949	0.906603931621257	0.917875319505936
FR001350	0.797451070427107	0.885752205246176	0.867614894200102	0.817785745469724	0.883885266506907
FR001355	0.88246216060216	0.920117000793718	0.913437327426508	0.903513618082389	0.919568174597991
FR001363	0.873354046274563	0.910642322425415	0.901750555693735	0.89588893859824	0.911890603133576
FR001373	0.962033640196717	0.93228161938532	0.962003376631163	0.938993856665077	0.931943474555368
FR001380	0.953211508866251	0.948612282189473	0.957844836110465	0.950025311090727	0.947774339549984
FR001385	0.925733664618529	0.945427746993407	0.953500850197708	0.930590273283698	0.946045420344675
FR001387	0.93906331989165	0.946708514529457	0.953448526771241	0.941831482270786	0.946989041778833
FR001388	0.902903683527027	0.918743086262545	0.926114882903626	0.903987630859692	0.918451340210849
FR001405	0.896789824605529	0.900843131698888	0.914968601150574	0.893364307920892	0.901372194431744
FR001413	0.91824013228981	0.905500166877104	0.919083801560728	0.909656683403402	0.906490360635821
FR001425	0.925377305274359	0.918613119803206	0.919799964721909	0.925077544251452	0.919167283690462
FR001426	0.958711665670572	0.948108545728031	0.963505306491253	0.953500686233233	0.946943974960973
FR001435	0.926648373190976	0.931064815011718	0.939252969073724	0.937078129178025	0.93173780766636
FR001442	0.91400112933371	0.930800457967437	0.913506808918481	0.92712106369095	0.930355598438329
FR001453	0.938640708869311	0.93954152143927	0.949586760251843	0.939829674500161	0.939284938416322
FR001454	0.934473752121435	0.945375155563528	0.953216263215428	0.941865813903368	0.946541009589836
FR001499	0.901343575512493	0.824404999261119	0.898352225495124	0.834780505998651	0.824635407745573
FR001502	0.908456101912802	0.890013587894581	0.88746913789745	0.888584410083114	0.909271268840635
FR001526	0.877144272805204	0.882853856311029	0.89506700608228	0.882493417060801	0.888467307251504
FR001544	0.886434206969743	0.863971893776344	0.877194632713314	0.880774838649521	0.861634686499092
FR001547	0.893106833034122	0.843438980409168	0.888381387721845	0.848773317462933	0.843331050972085
FR001577	0.922312576258366	0.864465755914245	0.904549447902171	0.882436910219604	0.86481275308257
FR001619	0.867396040138258	0.700079049739173	0.84696676396469	0.711014083683098	0.709343898500689
FR001622	0.87030744133348	0.845566044922598	0.872354900287477	0.845250984740439	0.843771496598101
FR001627	0.943614603127829	0.905447729031218	0.935414941454942	0.915708385420864	0.906541083650003
FR001659	0.88209922808802	0.856324834837877	0.886298137391596	0.872199475885379	0.854138706068551
FR001681	0.861996353760521	0.892598302051391	0.861127066203842	0.901812493198383	0.896892743715478
FR001685	0.72979253541277	0.828567362946577	0.788967800513433	0.81517651198455	0.828379208137622
FR001711	0.880024270089931	0.792216055317888	0.867067357035137	0.812826941469452	0.795913889508864
FR001728	0.775641673886083	0.888830074380392	0.888700133611091	0.854711886136977	0.888748264287032
FR001732	0.540483333546605	0.871013778922897	0.813875067520849	0.78097799585474	0.871015127056677
FR001733	0.814036735572192	0.922219485726525	0.900306571042082	0.883537596069078	0.921838829729922
FR001737	0.903347016525327	0.945886135061082	0.939643564937965	0.941886518367123	0.947166053089497
FR001740	0.934695563412227	0.920104666851588	0.927894128041199	0.933323461289655	0.920417632506144
FR001745	0.86573816827002	0.853933594327493	0.871122672610672	0.857846217945776	0.8547443382406
FR001748	0.91505980466472	0.814539084792156	0.903443862291964	0.829568320319881	0.813146647318239
FR001753	0.901478457033084	0.894367048247685	0.911302581422739	0.896908092498971	0.891522048142592
FR001767	0.903111483808248	0.919843281989456	0.91891888202747	0.926849449162568	0.921066324164668
FR001773	0.868578969832718	0.849376867571248	0.883633239480144	0.849874514431457	0.858852546781266
FR001777	0.909164259247551	0.928785437867876	0.939527025099592	0.91469916223911	0.928023156420088
FR001789	0.90697578863264	0.839074614985224	0.901376790776169	0.816836178154101	0.842100497377476
FR001790	0.800793565979182	0.913104959948538	0.899246870882214	0.903410452630652	0.912049671414397
FR001791	0.938792714450398	0.907112905013304	0.946293908225228	0.902552428373264	0.905175218602659
FR001793	0.839429456205428	0.889790054622288	0.90615710826645	0.872678126447337	0.888414375830895
FR001809	0.821456880034925	0.862044573452854	0.873168136301561	0.814437339452908	0.856793241346136
FR001810	0.8547423653112	0.874448506320515	0.872335671340071	0.838708533184033	0.871817763489361
FR001831	0.941921021947984	0.866358228053873	0.945907685086261	0.882747476609217	0.860478227292118
FR001833	0.912390579392098	0.924621374044728	0.937701111586082	0.93887649123315	0.922015503370861
FR001835	0.933851825801449	0.928074084077603	0.935162303430831	0.937065213563823	0.928325328558449
FR001839	0.924403574845258	0.908420353704038	0.917064423436787	0.916180813789543	0.90719173100973
FR001861	0.945932523631095	0.932325566820484	0.94516098333785	0.940417721956621	0.931398456140147
FR001862	0.692069043521245	0.832031897600956	0.671573423767183	0.847119518641909	0.835375086385416
FR001863	0.849155815888882	0.882417790893027	0.829463250411824	0.898398524336664	0.882666590314307
FR001866	0.799418175603133	0.81977836750476	0.781323629179405	0.825555445660252	0.822496827033321
FR001870	0.933557806142279	0.923041045288116	0.928549248686907	0.877980194505979	0.923853268090932
FR001880	0.962810686612508	0.947238380233821	0.958242754089466	0.958893331429513	0.948815509921665
FR001893	0.959953627560683	0.932350165924292	0.960773291229943	0.940080654005649	0.931187882463011
FR001923	0.897629992665591	0.86505323275169	0.891252455111883	0.8772447478197	0.86435729867839
FR001928	0.917201365396264	0.938507564900518	0.941374240649096	0.931614641714462	0.938163626999652
FR001930	0.92628307008087	0.931320376628091	0.943492390565461	0.931095622278758	0.931181926034376
FR001932	0.90985574305699	0.856591307438963	0.894328128841932	0.87499607652937	0.857976439228537
FR001934	0.926177413671496	0.89914295402395	0.917859289508361	0.912246887111047	0.898630727255696
FR001935	0.945954680431757	0.926140449066174	0.939898085011022	0.935422379542422	0.925403649306104
FR001937	0.964423038239829	0.946150474429602	0.960549914717568	0.956162878614588	0.942497018877829
FR001938	0.961449086111034	0.952100214377041	0.963867073149052	0.959891890266571	0.952034687424398
FR001943	0.888695680241969	0.885104620957553	0.881865215646237	0.89198688896812	0.884044529368799
FR001954	0.77634066964686	0.81257381859774	0.800859324742148	0.788287026318944	0.81189462037501
FR001958	0.922244989529286	0.93578167070264	0.931588670571077	0.929336950188078	0.936421093258434
FR001959	0.92789365065865	0.936289618050867	0.932852346059011	0.934592555812473	0.936531698773641
FR001960	0.881618283538357	0.937132323102835	0.926641857028794	0.897729038993472	0.937152855378523
FR001967	0.931135681304295	0.943105252171059	0.941930256727915	0.932449266162694	0.942921935123575
FR001988	0.894167254267786	0.904501542991376	0.905308109210461	0.899381823267929	0.902906443033964
FR002065	0.724528487579423	0.877851824335034	0.84917782923443	0.879334004600643	0.877932437607174
FR002069	0.930383190190413	0.675479830540423	0.927139424775926	0.700156231078203	0.674379716024279
FR002080	0.929845772064266	0.937683668326796	0.936841727007864	0.927318557998256	0.937587563728563
FR002151	0.913316786546197	0.946579884356123	0.945200048514511	0.930922088774097	0.947504741409048
FR002168	0.927547539122121	0.925175835267381	0.934261630465028	0.92802435399214	0.92471120593261
FR002170	0.935036876824794	0.92579581356733	0.927586414774006	0.929642867278397	0.925286367260427
FR002173	0.939267660715033	0.920089426762358	0.938038395228878	0.930436828084171	0.920830483077467
FR002177	0.900053153491367	0.843436217265086	0.88782841943922	0.862437250489175	0.843546783863735
FR002180	0.942952088581159	0.933223107726619	0.953514613152542	0.941366413109402	0.934967466089203
FR002182	0.920202135104377	0.947069236595634	0.949536906446749	0.955094824936529	0.945573309631758
FR002183	0.937979494820715	0.945093817282022	0.933197829988686	0.946632845022756	0.945799955039395
FR002194	0.853005435381334	0.866607213495893	0.875062066068062	0.862220977909845	0.863071682417935
FR002210	0.74672206486982	0.890413967984476	0.869327662487704	0.832111188951414	0.88734496464869
FR002216	0.596276918243197	0.884668445652552	0.782557446107628	0.72652678600778	0.882579455763556
FR002233	0.809866228324081	0.934418516520126	0.910731461354288	0.917796738613465	0.933812993606776
FR002237	0.631459983453806	0.908390887304399	0.625335634308463	0.912984941511381	0.904457398221742
FR002301	0.821597682292581	0.858521120933665	0.844302038999996	0.852199380361816	0.858414278019178
FR002320	0.877960366457836	0.884379727502326	0.892642945889463	0.884445941014884	0.886046549427834
FR002321	0.789140966597231	0.917637085427814	0.843845380277303	0.9245119032859	0.918222061482765
FR002322	0.826918404049843	0.918782393878189	0.865967557047285	0.922672225591424	0.920615780515208
FR002350	0.773652642963546	0.886874601948714	0.872377480228146	0.873341732714948	0.879778064980079
FR002354	0.874812463931615	0.859198223337768	0.876400651139182	0.862467822648827	0.854425863815049
FR002355	0.839627185115483	0.712147775963157	0.817051004539897	0.742511420932951	0.703039690725806
FR002365	0.795081276185769	0.897391296657802	0.870175124033449	0.894042115704067	0.905201417924727
FR002387	0.619309173438025	0.882359527112571	0.833745539874855	0.790483417101586	0.880591489611101
FR002411	-1.60347745669527	-0.383755893177647	-1.080504554424	-0.988626175522648	-0.360918184663628
FR002418	0.889909041421704	0.858405248960179	0.937250498386854	0.880111007660302	0.859920569324025
FR002419	0.927637026934273	0.932930412317711	0.960435218909307	0.949514123234415	0.932426814567081
FR002425	0.867110119816592	0.801186554550037	0.847479706672589	0.816784171048737	0.812055944910075
FR002437	0.887633436773291	0.931981823602215	0.925877875446071	0.902200589898533	0.929706595925139
FR002488	0.922446583952463	0.947469712786012	0.940246092993287	0.949227287183071	0.946179798116468
FR002495	0.905525918367291	0.836737453448644	0.901783404569073	0.849588043525672	0.835876335870113
FR002513	0.947645051513468	0.835646410360823	0.950753062712578	0.849093686480039	0.833500016182749
FR002523	0.890836684209288	0.628580201787039	0.892293939116695	0.644157798238012	0.630176017063027
FR002572	0.677796135782104	0.856562407380357	0.799868977420899	0.828637426452585	0.857845290646371
FR002579	0.899478246575718	0.923699333464486	0.901534990918434	0.923108659777875	0.921486155693673
FR002666	0.920235227707344	0.865605061353616	0.906521468538238	0.876851131144297	0.876091297341964
FR002667	0.915116257805769	0.815708106308998	0.917974374032486	0.842765111397861	0.818611689919437
FR002668	0.901697251955769	0.900049004844467	0.881425210204024	0.896216401437674	0.920190081129407
FR002688	0.884883577109412	0.900169674818054	0.900088468365721	0.902188458641315	0.893691985399742
FR002707	0.924862833374557	0.915889832774656	0.930356026945326	0.909464834639148	0.921618602086035
FR002708	0.940768969123425	0.912970086353764	0.926640134831444	0.910246093119608	0.930804540647838
FR002737	0.911936879140478	0.875051753143403	0.918315076148852	0.883058455715077	0.874147955763977
FR002740	0.776543888796217	0.845510711023377	0.84804284776192	0.795076556810293	0.849668186227436
FR002785	0.845293765897492	0.821690616827301	0.855476375798123	0.824015226048553	0.81662320579824
FR002817	0.804584225895074	0.803111132441386	0.803883872876529	0.80820892401902	0.803485175674895
FR002846	0.86717120069295	0.906596035812241	0.882794614506167	0.89259630993303	0.90724983767851
FR002852	0.779152984090799	0.875250626150715	0.792881287901429	0.876214220829366	0.874596611570136
FR002866	0.829001904507095	0.909948303606347	0.830546636394995	0.896871376015224	0.908988301714783
FR002914	0.815567095817281	0.777116464667243	0.79395604249527	0.808239481249149	0.773797997456132
FR002975	0.859584173780709	0.910113588731066	0.890646952459876	0.893958821400827	0.909974682116968
FR002986	0.913466263186288	0.925914581880809	0.914062271601643	0.92847911498844	0.92834750720231
FR002989	0.842054877321909	0.896620672266686	0.884561226931504	0.872770387005101	0.896933810056176
FR002995	0.875623491169884	0.871801988077769	0.885699995164067	0.856496842900035	0.873048279313662
FR003003	0.705295982019363	0.753789028784794	0.738427024728692	0.714170390584025	0.75400889966754
FR003047	0.90792411511556	0.935243272669801	0.917436682713895	0.928350055605678	0.932744648473077
FR003099	0.868060752417474	0.8796798617581	0.86993911077287	0.880347190614912	0.886095601621795
FR003127	0.897106705566841	0.905333655578529	0.900170768424972	0.904327785819898	0.904923558897462
FR003138	0.792521108208397	0.659373908205859	0.775070491651772	0.684455756323504	0.657014682812309
FR003149	0.638504443556781	0.403969671979948	0.630649609769911	0.417793269776854	0.401965126048593
FR003160	0.821342792830187	0.908943755708783	0.858597124222663	0.896973868649329	0.906567764551911
FR003162	0.7707046289284	0.888751595705748	0.819693238060894	0.881056234840115	0.888991935590992
FR003169	0.857201304992799	0.926842925433972	0.9007084260555	0.907593413337627	0.923252830205416
FR003180	0.881517899022072	0.90385501575949	0.874445151355888	0.903657927076478	0.907443732371915
FR003201	0.824011168568774	0.876394052600648	0.841023396155668	0.881086786309748	0.881228728793112
FR003206	0.762318599375968	0.91353093775733	0.902740121067686	0.920999294840309	0.914248190805985
FR003207	0.57752072478955	0.876154571323192	0.696608820857869	0.877226891480755	0.878501374928897
FR003214	0.884643972554365	0.885015772821829	0.922622172391477	0.899876149186549	0.891122624424099
FR003218	0.940114480143663	0.883423419773672	0.937636289394122	0.893951223269953	0.885034802703538
FR003223	0.83518372180514	0.875204940033193	0.857142147297313	0.836850445969591	0.873906330447156
FR003233	0.914275787177213	0.89211715429819	0.93697324834424	0.852805605149504	0.890279024714386
FR003234	0.895477702550974	0.870038302109054	0.897316812101636	0.868374831756567	0.869563603930181
FR003236	0.913195522381491	0.919725367357101	0.936197161978859	0.918590202533832	0.91933624705315
FR003237	0.959840720183928	0.943389664994031	0.960699187086126	0.940504526604667	0.941832322574659
FR003246	0.901551581235324	0.925864513397338	0.922311359455933	0.926994403624058	0.923396254677668
FR003251	0.586411771116883	0.898786266400991	0.708484885693248	0.894212274231496	0.899398214020594
FR003261	0.572331096056372	0.86905571156244	0.774933078522138	0.825442823022911	0.866266217946952
FR003275	0.865283878226172	0.893035875256334	0.899534540778368	0.884769065449689	0.893001407480025
FR003300	0.826065939093359	0.842794060442145	0.842070904913009	0.836806618145626	0.841654084627934
FR003303	0.795444496611802	0.822394825193651	0.826034138484511	0.791818920794197	0.824047831230413
FR003307	0.914596708425145	0.940388303603303	0.937967961122044	0.939304930411831	0.938959992293164
FR003310	0.901600170912183	0.932712201119786	0.92871753899751	0.928194493018864	0.935265391847966
FR003324	0.87900747364149	0.883453736528296	0.899385388740641	0.849504726786942	0.885726516942013
FR003325	0.87963004806536	0.880135995138856	0.885530777327428	0.868133005467946	0.882163712387947
FR003328	0.919779009925942	0.916372222212264	0.92976365844148	0.904153344022072	0.917314587945369
FR003329	0.94172524041614	0.940653686314987	0.95217767722338	0.923815928596923	0.941126997731139
FR003333	0.918435629620559	0.912671988066954	0.912781018499698	0.916902797154643	0.912726287437467
FR003336	0.91135868884224	0.95201521062527	0.89967989620579	0.955061314812375	0.95462133995269
FR003342	0.939802539084751	0.920382774604519	0.940257868317126	0.920837749675114	0.923205317161353
FR003352	0.788729653624293	0.761938589502952	0.815777701871906	0.746619068915206	0.757187389939465
FR003362	0.810076611711591	0.837608512049137	0.829783378104933	0.82658466836492	0.837950417545563
FR003386	0.919312266995445	0.9148764626549	0.924390686480986	0.914902249819778	0.915635668127588
FR003398	0.808677269670056	0.884807806561624	0.811856336226105	0.883389589343549	0.884820770767764
FR003399	0.877153544910677	0.874362196674847	0.879482932639947	0.874399001659742	0.874206723993403
FR003400	0.935235815474303	0.923262379645958	0.934090145977863	0.919701659720109	0.919350449972037
FR003401	0.932364449535876	0.902577066545698	0.933884128980314	0.902529742184413	0.906362220537352
FR003410	0.950919825046969	0.91248893263432	0.908886117151684	0.924209223519917	0.915724774248587
FR003419	0.929911550866013	0.90831564390481	0.938736494901472	0.88129636518266	0.907069073552108
FR003434	0.852655480547557	0.925954696178307	0.922309841039795	0.873375723997256	0.92521580781541
FR003435	0.834226232802285	0.912800880409223	0.905353528414763	0.853278809483993	0.912038114459224
FR003449	0.854006949366721	0.900298270395039	0.884470809009489	0.880745216538091	0.890533980328491
FR003461	0.915248675062454	0.935886749632695	0.922565497609801	0.931858154273324	0.932135774666531
FR003470	0.925799627976248	0.922271202226459	0.903468677131597	0.901890968075905	0.922533343097796
FR003474	0.946389045676722	0.936575135421741	0.952736109525814	0.942770827234448	0.936001999928511
FR003477	0.545256210100852	0.860306958698997	0.819456861621655	0.74399318115064	0.862912777064406
FR003479	0.9367213411689	0.939348184643842	0.943613586370914	0.940180657946288	0.938935524708217
FR003481	0.950101638750261	0.937921517975712	0.946971754183345	0.952007446389899	0.936352153392095
FR003486	0.914740666357547	0.930999645804122	0.933818471527494	0.922626191646143	0.927946850985705
FR003491	0.951028461109471	0.939447362722822	0.948106972242468	0.950101226752293	0.938393412922587
FR003503	0.941555829540182	0.857514679122469	0.937885342787746	0.871384094597883	0.856497886230115
FR003504	0.934622690877987	0.82308993123076	0.929006766087563	0.834319606357284	0.822221899498482
FR003517	0.789113287398729	0.906933152336164	0.881648630594164	0.872808535767923	0.905777199171416
FR003529	0.948489658583103	0.927636194564325	0.934853733779835	0.94078239016603	0.92520104334726
FR003534	0.814730885254114	0.871162908422078	0.838011052177636	0.858303209191823	0.871725302307031
FR003542	0.865645596012917	0.894218301576282	0.890965720347477	0.870520810628564	0.871527131951674
FR003545	0.797092460299592	0.90948361726521	0.854452199252816	0.902655578118307	0.90881050894197
FR003546	0.888687231339878	0.923045091908133	0.920749765768179	0.916435151729094	0.917663576665087
FR003549	0.862500398067032	0.879142422915913	0.893054566032812	0.869869039625645	0.87764766371461
FR003562	0.85157507034081	0.84048208418652	0.877917517419072	0.822385547837296	0.847044827552724
FR003569	0.756830798793846	0.785835218544476	0.770480545879338	0.76125934246143	0.76870503255133
FR003579	0.892454254642974	0.912980656626232	0.912588036156581	0.911655532723406	0.913607317505168
FR003592	0.925089354934167	0.919779076395731	0.933383650813523	0.930299514039431	0.919415914661123
FR003600	0.91062050738595	0.911768846937244	0.924815071457645	0.916015458692738	0.913572332005398
FR003603	0.879926659896369	0.889259384832017	0.889049586250763	0.878754824876338	0.887074574147116
FR003607	0.81285387233746	0.839734230430975	0.836948230790896	0.810884503769094	0.836487516018429
FR003608	0.906295224953811	0.90231870341342	0.916370363378654	0.898961551529328	0.902124648345072
FR003612	0.912433188504249	0.904755309572662	0.919660004340622	0.91435312843698	0.904311167955145
FR003617	0.839967614304352	0.843418803677232	0.871219435044498	0.817347663717949	0.840562326312783
FR003623	0.94922509473054	0.955501889633794	0.960923681231115	0.958555368123713	0.956055893898947
FR003632	0.91773702670549	0.913889304192119	0.926187035347749	0.913861541059414	0.913415660253496
FR003638	0.913921424050922	0.861601937908786	0.933036865132363	0.836123702190182	0.866354580778985
FR003644	0.911383748955043	0.904285445311405	0.944232145191721	0.870042531412583	0.899699469599304
FR003646	0.869768107017546	0.879954854903252	0.899846092058423	0.857601251005705	0.88074671409922
FR003649	0.619093419572962	0.653059303226313	0.653378269147437	0.647489538092745	0.654428178955118
FR003658	0.892585990723534	0.910916493937254	0.910389164975587	0.89511038066297	0.907367388978853
FR003668	0.804064778695453	0.804401913909714	0.835584694675112	0.794508766578082	0.807688848606982
FR003683	0.831183530716794	0.879158625767575	0.877285346128573	0.869452562721553	0.885363410374903
FR003687	0.836799092820745	0.852992617590475	0.861511393204794	0.831693756319373	0.856342774073168
FR003692	0.87946844637462	0.913783655101416	0.907880825277058	0.892382622882659	0.914571829269554
FR003716	0.925753377149143	0.959621071606324	0.941062165788683	0.953784974596703	0.958814286496656
FR003722	0.938032452754838	0.931606000862275	0.937048558341217	0.930397114107835	0.931148316927987
FR003723	0.948157000480762	0.951155137416833	0.945135575829243	0.95348095309699	0.95246942466826
FR003725	0.870809505116922	0.923738751662437	0.897328717106686	0.905273350027424	0.92380715577524
FR003726	0.920175633797996	0.936860078062496	0.933295102644891	0.930998503433088	0.937185011375492
FR003731	0.840869642235608	0.846634156176714	0.843958743867076	0.842193390560565	0.845946454491823
FR003741	0.955167527675914	0.95658058606387	0.951973731320224	0.959592137213529	0.957003665514956
FR003751	0.912048787001728	0.927699506538468	0.930715171475877	0.914900208804525	0.928419004133321
FR003754	0.865960578416802	0.887846304436319	0.881617938015571	0.89101541960196	0.887589101857311
FR003756	0.953873442582984	0.957593896034053	0.95573699612517	0.956380292541971	0.955148686243629
FR003761	0.94164508683706	0.928289453823647	0.950588297074444	0.931828496138887	0.928273444302849
FR003762	0.952891230979105	0.9481148661065	0.95730622563987	0.947705217243526	0.948801949636934
FR003767	0.920088798521724	0.913752906087204	0.929422991883379	0.910863483213865	0.911452067397219
FR003769	0.94989131422958	0.959551025210065	0.965830870244516	0.956658705854721	0.959640036991228
FR003774	0.941152941768603	0.953988278189963	0.958448862524375	0.94537868519225	0.954086909026192
FR003775	0.956561324893743	0.948838169157917	0.966289979758797	0.952405442463386	0.94917649003157
FR003794	0.936605485691899	0.925888477283723	0.930194982078757	0.940005135200372	0.929725157605457
FR003797	0.919444592023896	0.88251091647301	0.910960835515952	0.908067877252411	0.887768517102431
FR003814	0.861388398672996	0.785756622459608	0.849207326234264	0.814632114504814	0.78581499327771
FR003816	0.918436373093235	0.922099572812033	0.923413006225046	0.928342250681011	0.922331553535535
FR003818	0.901192224558319	0.915341015498114	0.913370990749693	0.915995657015453	0.918571825308293
FR003821	0.815983950087378	0.838052178178705	0.801334428192325	0.855749926947165	0.842319620394909
FR003828	0.870034496115723	0.867743470335785	0.856745076060546	0.873877329320916	0.866946720916013
FR003830	0.901895078876455	0.883773847576454	0.88390687691579	0.880025496647134	0.88420096831652
FR003837	0.812342335419662	0.850976307156465	0.853433754830853	0.80906301560126	0.850560169152129
FR003843	0.640727675766501	0.916941859360144	0.789864356512846	0.883666135450683	0.915840232488966
FR003855	0.613506781502851	0.914939755169514	0.864587175000481	0.906173357216526	0.915324167669533
FR003857	0.923374306466033	0.900647428179004	0.950741409682001	0.922562344400819	0.902843044028008
FR003861	0.82051538907537	0.875370202834827	0.858233588851328	0.841451927249248	0.873108444333113
FR003863	0.907316728710208	0.921320539001433	0.936084053756477	0.895591260253497	0.920872692039203
FR003867	0.886407230008138	0.875708794019467	0.874049153529171	0.892741520482708	0.875645332775025
FR003929	0.869056742439197	0.916030561474768	0.899990910179902	0.890498945391996	0.915357686347396
FR003930	0.91749633561489	0.923203207059497	0.91937868472227	0.918915897233364	0.921013397002951
FR003955	0.868488122537559	0.925728030750446	0.944752364631656	0.94249710222145	0.926168044687207
FR003959	0.917074742273186	0.937666709209335	0.94512293954933	0.913389967200292	0.938259824175817
FR003961	0.876030622227268	0.922568871564735	0.90494985382605	0.917341910600069	0.924002013635874
FR003965	0.856798239019742	0.927458402309826	0.909197937700226	0.897317625286415	0.928521042966889
FR003967	0.926635030906796	0.955768168472899	0.95028087267176	0.927577025438043	0.95621086468399
FR003969	0.909711786082614	0.947874747897986	0.943031435990951	0.948516618915052	0.949616542442563
FR003974	0.899152160984967	0.934097527661345	0.924701559429041	0.911970700761116	0.934687384623365
FR004017	0.903329498326352	0.923636186043226	0.926868796088666	0.91072784502573	0.921328543476719
FR004018	0.918126965957304	0.925033570559822	0.939994243174294	0.912742672305838	0.923919316147982
FR004030	0.895916126759867	0.915490748597694	0.922605493244792	0.903119712435129	0.915336925299445
FR004040	0.941361849044238	0.948540759806327	0.952166928515229	0.945955005577048	0.947678323357031
FR004043	0.959098448828712	0.955015088726202	0.967649263920185	0.95756739028592	0.956600191011599
FR004047	0.913663719978717	0.927133179452585	0.930739155628534	0.927642081780992	0.926671983299435
FR004048	0.891855904461129	0.930295373186189	0.92154547021379	0.913261792752701	0.931756015671465
FR004050	0.937962882754996	0.937003771067163	0.948221418383122	0.933950498631688	0.937856706067687
FR004062	0.917464066150536	0.93517315217491	0.938118266540008	0.924268612592819	0.934094721918476
FR004072	0.863056544183897	0.867236102192708	0.852285937558552	0.878029461703829	0.867887093354501
FR004074	0.928051532318859	0.942830486096016	0.939479356759743	0.941797529148722	0.943291064437374
FR004091	0.865951157878792	0.676648390277671	0.862521224339427	0.72247970450411	0.657991679002024
FR004104	0.86337172103423	0.531354782301968	0.85686951119794	0.572734703526651	0.520962169506502
FR004114	0.888850822487545	0.733908092180788	0.87561623603942	0.77386166277419	0.732664469980551
FR004132	0.921034365814664	0.853885815599466	0.919075565138399	0.86642222892205	0.845377088329984
FR004136	0.897497538981364	0.766332880071259	0.892458937682852	0.78942375898	0.760215401021344
FR004137	0.888131798877495	0.787713246256117	0.883896198815251	0.808308278461672	0.780885007138487
FR004140	0.827130926349232	0.849351919633526	0.817664335971538	0.857575898799917	0.847968535499595
FR004154	0.822560407412374	0.836939706752732	0.833804850964428	0.834623028305011	0.835265000359657
FR004167	0.927868948080992	0.894531037810925	0.929052551208751	0.904857218306101	0.897473059634542
FR004168	0.44391251641484	0.899272961564647	0.412369932141156	0.905825740716665	0.897820023676236
FR004173	0.924027800381209	0.880921656507094	0.923630364310348	0.886634115459664	0.882590904892313
FR004178	0.503272433740344	0.922396218599556	0.47866105723981	0.926037728541493	0.922671283413274
FR004179	0.774458354966637	0.913649519912933	0.757389757073291	0.895532830912117	0.914019313605412
FR004193	0.911619320032599	0.702063397306288	0.906414469406649	0.708384394942272	0.705798713660929
FR004225	0.902279440943448	0.953965301655408	0.946575990474342	0.938525382839057	0.952111209133484
FR004233	0.892129275216593	0.87513964265265	0.889457795985968	0.879590383445635	0.87710846432145
FR004274	0.937400806575538	0.9072648539434	0.930458701088772	0.911402187093032	0.91267492044378
FR004283	0.871122970341731	0.850849666709149	0.8919459862393	0.814883943575592	0.847734161648453
FR004285	0.905461615512907	0.9094474878339	0.894968466275579	0.871609819735423	0.908075920379683
FR004286	0.78351881455883	0.879117054068386	0.750226361613853	0.879295909211267	0.885083737664613
FR004294	0.845014154817789	0.859944029827639	0.878375151896495	0.877277781146075	0.856451852177269
FR004306	0.849654374096118	0.890541195519998	0.88740349905215	0.858656456250204	0.893158859600863
FR004333	0.913803783750573	0.939674195143607	0.942500999152366	0.934525933966972	0.940746444448051
FR004335	0.918671442605447	0.901861539983455	0.909007518541666	0.909874473778532	0.902868142503286
FR004340	0.838115666586556	0.812587718879689	0.835714669124129	0.819826008675725	0.811893255127797
FR004346	0.917294438803361	0.87731378428496	0.904289888479598	0.891024050371608	0.876022401838289
FR004350	0.891109253253401	0.896221693565135	0.911593079064237	0.899132088845058	0.89433672045604
FR004364	0.925648211904398	0.936563070168082	0.94019257923878	0.923582983441378	0.93645865681565
FR004379	0.843881535236747	0.89768564877483	0.88765432228798	0.866622310342578	0.894484996087135
FR004380	0.933012576236932	0.951193488568427	0.955905327981899	0.933250131399503	0.953560692684022
FR004386	0.885357909096737	0.796398161610977	0.894521179290856	0.82949362507663	0.794862395241522
FR004393	0.902556041547367	0.920858093490979	0.919962447721431	0.921776664760314	0.918521459971321
FR004396	0.867976656409567	0.898912994118221	0.888058123059766	0.904615915226447	0.89921091920888
FR004398	0.713864453927252	0.835345065565184	0.82672323728792	0.843061801286869	0.835716294776545
FR004477	0.921720509031891	0.939728401871144	0.940224052354847	0.931390160743079	0.93979629957992
FR004479	0.890478698059072	0.886475905585565	0.9006976104856	0.879779472332139	0.887082891685628
FR004493	0.9180934776805	0.930748927640524	0.9313709589592	0.935819853628152	0.930439882416172
FR004494	0.837936556318964	0.905495962658865	0.892142421160404	0.869771498352887	0.904712786471953
FR004496	0.926372980223436	0.954012848585595	0.955623617409504	0.958796153255681	0.953456708707296
FR004500	0.776923741535965	0.894457430330081	0.870323307968978	0.839786622115019	0.895749162075283
FR004504	0.912184150505254	0.919928268366062	0.930567523728503	0.934732444197109	0.926462763472426
FR004512	0.950306886179408	0.929790268840769	0.950946255983511	0.943837309400195	0.931064144999797
FR004518	0.882953761512023	0.948799578915828	0.942317121191555	0.946374274446816	0.950936750588074
FR004519	0.828314097984937	0.946220638854211	0.913920143590699	0.911443338234288	0.946351027195775
FR004522	0.890025926179139	0.867085680672944	0.882118502906486	0.875667552244558	0.865344160174632
FR004543	0.51830411981883	0.849159898155341	0.717528672910636	0.664793737493089	0.849860384915691
FR004553	0.877485557396901	0.803762966314274	0.859443258051291	0.824430181103211	0.804151451704524
FR004559	0.923594210836531	0.925923218434465	0.929491274481047	0.925469398273889	0.926796082279849
FR004561	0.93640038577169	0.918497761921799	0.936176225912459	0.923382505663632	0.914209839412464
FR004567	0.88968496309691	0.881895943214897	0.919595702997291	0.839072821635678	0.880925854285273
FR004581	0.717134627648554	0.864163235470801	0.830599238891646	0.792826951934358	0.864436761163273
FR004585	0.738977070501432	0.685644197524524	0.700584445668271	0.721689671757682	0.68583675601412
FR004598	0.884569045059203	0.926570018400741	0.899257578322784	0.919106332085363	0.924022448083073
FR004606	0.878553096717342	0.896020917107124	0.888855199154145	0.888290984618004	0.898157917309779
FR004612	0.542008294339284	0.808086963138428	0.841417563674752	0.382440583076546	0.807400125853662
FR004617	0.921255900121835	0.878181015655931	0.92547061553665	0.887412794634549	0.879084852728975
FR004619	0.917672775347505	0.920397991212301	0.935804806050926	0.929508283302317	0.918551019067751
FR004620	0.851219416296458	0.921712423900309	0.889037140661728	0.924547626316177	0.917519672372805
FR004621	0.883340135765312	0.934080054029497	0.920392783169808	0.940763247903229	0.933030272138501
FR004641	0.852749490790327	0.806226112909584	0.844345333676741	0.82392144017634	0.807177675222771
FR004642	0.848296874401222	0.900537780666784	0.887745387199963	0.899562807024155	0.904628274219756
FR004643	0.824608452958655	0.886445496403121	0.848325467967703	0.864902431306125	0.887135259082418
FR004659	0.780757517972521	0.92081483272539	0.907512044184039	0.873324515389497	0.922292378201282
FR004681	0.897457413253377	0.899992174996892	0.904031887245968	0.906471032177076	0.900377991491815
FR004688	0.685951297918437	0.820276806201846	0.718793515017672	0.812897804095345	0.827417141259265
FR004689	0.907844350355116	0.865634999297943	0.908186504401544	0.88444632984857	0.868777041618504
FR004692	-3.50036858892164	0.152305753189319	-1.02346615391113	-1.92615658523461	0.14136546738242
FR004699	0.817802902776045	0.881698833994045	0.850825473471463	0.859611667910944	0.879433966011669
FR004707	0.782829430167636	0.940279021628001	0.924471708578413	0.895664371209852	0.94132027145296
FR004708	0.680831361061525	0.908158241693197	0.866771563259604	0.893263636856852	0.911309370906398
FR004709	0.833897818720261	0.942527280864548	0.932610574550751	0.930047669772985	0.942941224048445
FR004713	0.855509524627503	0.890256998805754	0.891121720309606	0.876541608351563	0.889711129821747
FR004716	0.889826749187921	0.904108667802727	0.899061496669771	0.910515334689217	0.907801195055438
FR004723	0.930414499752697	0.877559385581665	0.928233766569766	0.885386766796789	0.882481457683212
FR004780	0.481793534036705	0.87450746201641	0.785712167159704	0.830598023906948	0.874308108942283
FR004795	-0.957895829258198	0.235398784620893	-0.283638257514154	-0.447481710670738	0.254660714625467
FR004806	0.860918666522754	0.864431271025902	0.891678778428742	0.852046380701821	0.867067185396689
FR004853	0.747316529092142	0.861106663275227	0.779197101601019	0.842824679393255	0.861171317099233
FR004857	0.659842539747807	0.760941116026045	0.690037583557806	0.74018521604397	0.763130385477169
FR004929	0.820920585254853	0.887179730441047	0.857195842554006	0.867201599312488	0.885403367234674
FR004930	0.924974103749111	0.944833130375547	0.943933179709024	0.936206591504954	0.945529915332633
FR004935	0.834537151494379	0.884495252869056	0.858075912052501	0.879520147783848	0.884213910376602
FR004940	0.871355135871563	0.894701171325664	0.883743662657903	0.879924261966642	0.894730660541498
FR004954	0.92524877001096	0.935210685767708	0.939133644032818	0.928940204453665	0.933364269781871
FR004964	0.64563751089167	0.833726203318709	0.644741917531721	0.822437185612481	0.831864328763882
GB000001	0.933650872697011	0.859140714997122	0.928388849550923	0.857286740006366	0.855351048736334
GB000002	0.944039821205652	0.909436682711013	0.940156125008375	0.903658532736864	0.908655416768624
GB000003	0.906606570713009	0.793879069190808	0.891364952898104	0.794322254834541	0.808785647754384
GB000004	0.876712557853727	0.874726377104248	0.878696030134667	0.870834914735445	0.87443295479541
GB000005	0.865244178541523	0.890213315077228	0.880057695994574	0.880538420286773	0.892107561822809
GB000009	0.949794648970101	0.891763431631338	0.93145029424074	0.897078273200018	0.90115993165621
GB000010	0.906379789787191	0.811320490967158	0.884816651209257	0.821947823293738	0.837469087633714
GB000011	0.933884824078434	0.85733364936556	0.919043791229551	0.863219813781246	0.871873231077157
GB000015	0.883946333663558	0.776759183585996	0.846766111570782	0.799735372137671	0.816225077791968
GB000016	0.852814588149884	0.708140511725475	0.803610195587826	0.729005779653033	0.733505536413999
GB000017	0.91944001395725	0.586549803376145	0.896184739965692	0.616665310686535	0.607760380117205
GB000018	0.902179261132293	0.50542998291448	0.874653522881762	0.533856023662375	0.536855683295998
GB000019	0.929123022201103	0.779002613501118	0.921751731966469	0.790324658045595	0.782581299501169
GB000020	0.91009007306745	0.547829316199222	0.893821558468491	0.576654259630253	0.564710202334087
GB000021	0.794761620267975	0.785737537064884	0.795773242903801	0.796876787821545	0.793768250189531
GB000022	0.922580260763511	0.607119402052904	0.90736567642715	0.627859335023997	0.613192309150747
GB000023	0.927714185967927	0.646993644087766	0.918075300030765	0.673936363789659	0.652544089621858
GB000024	0.931070453160456	0.912368827600378	0.931498660788416	0.91327316800076	0.913696383965675
GB000025	0.71617963472614	0.901884179877458	0.741264070542889	0.905289889125514	0.901998705807242
GB000026	0.913483909753516	0.905519761366215	0.912731642770263	0.915098830361414	0.90637696012374
GB000029	0.91458217119975	0.775291137932742	0.905117457128555	0.78834953341647	0.780804868149734
GB000032	0.898114534051177	0.819821593256756	0.881469814802744	0.833720720582617	0.84221734575646
GB000033	0.893651079829582	0.783295003341443	0.863484836724897	0.801873789927216	0.811189691603155
GB000036	0.942799814258955	0.770952084017913	0.92404714047062	0.786823661359295	0.789559615896038
GB000037	0.926390856208931	0.819143389329399	0.920884504167161	0.838783541025671	0.832974999798698
GB000038	0.906722870336709	0.760885726302299	0.890084507915764	0.777919634878557	0.774273716216362
GB000039	0.941592718013751	0.843458724027886	0.939067811403037	0.852189397733511	0.845368539812212
GB000040	0.83772542160756	0.668963571597042	0.780221567902046	0.693143258203539	0.70627022376106
GB000045	0.884093638777646	0.872088393676881	0.894786196627173	0.886399285683459	0.869961715946245
GB000046	0.854199475678098	0.888835457251222	0.885260021599988	0.887295399989343	0.890386411105958
GB000048	0.872914219983082	0.531701323162467	0.860836143964246	0.556209815307474	0.539598758957619
GB000049	0.80501587345638	0.815158762944645	0.842462782275995	0.818853760334615	0.817337693695255
GB000050	0.90134042685906	0.738430647806746	0.892507232041259	0.766631329737712	0.748068217527129
GB000051	0.886972053456045	0.674516509094514	0.890397227694287	0.70354692850643	0.684736229485278
GB000056	0.901868090130387	0.696122479912337	0.895239140168799	0.720451839725862	0.698674753189518
GB000059	0.911158875263745	0.8945552046254	0.908497671765836	0.901539950036087	0.896641651342286
GB000060	0.892346949522396	0.853160474638984	0.889210305957204	0.855241999410757	0.853560155704521
GB000062	0.885248801471395	0.84873560412888	0.876802931045532	0.856264919648703	0.849257733901472
GB000063	0.869503625242823	0.653265328866651	0.82502367818441	0.692301929230994	0.653366106409492
GB000065	0.89333208762758	0.730054729540131	0.874829966057268	0.665494812025685	0.741164360907518
GB000066	0.904264135320294	0.706994212785806	0.891907423751663	0.703439896240932	0.715659019746816
GB000069	0.920187582308885	0.907659220047378	0.921758033362695	0.900306974438892	0.91247619625232
GB000071	0.903122994772379	0.870170911498899	0.89383347408288	0.871695335659061	0.875166578999844
GB000074	0.89339910732198	0.878774557119412	0.887665911714837	0.880000073518424	0.88271604135805
GB000075	0.902562778515937	0.856699070384262	0.89802700358818	0.860325628956544	0.861799671807201
GB000077	0.852737988744164	0.780536714783816	0.838874631932312	0.792168205116923	0.776756122415817
GB000079	0.887168204289903	0.845717238334678	0.878735931389608	0.842661216822271	0.848541083348075
GB000080	0.874257238846508	0.730802668228459	0.85684116370708	0.741945808268115	0.736807901357189
GB000081	0.700048841462729	0.637090906087851	0.694363491147667	0.644935917372078	0.634103680999881
GB000082	0.876961622547537	0.819369669763654	0.864192821106243	0.781395043048863	0.83052407700925
GB000084	0.848220623026767	0.712171031837246	0.830037058765796	0.725590275517447	0.715840426983077
GB000085	0.927375536424177	0.863952006452953	0.913459272597257	0.874340913973089	0.869339131362177
GB000086	0.912346474886226	0.879820487152589	0.88290562408129	0.895812403881317	0.882943161244874
GB000087	0.910462733140128	0.861581741360938	0.888476051719255	0.868396096086782	0.870951060184411
GB000088	0.91239448825703	0.827778715091091	0.898626092537988	0.838645481949914	0.833925112516094
GB000090	0.913725115546565	0.871101232448648	0.905743633708521	0.872312439936847	0.878194073628782
GB000091	0.919632491042846	0.805072464065908	0.907326007243034	0.823081442073665	0.813442140871517
GB000093	0.902098067036807	0.891207679926453	0.890327603605386	0.896894088447594	0.895365307627825
GB000094	0.904417543134312	0.869012014751815	0.887904459787708	0.881634171921611	0.883646362552066
GB000095	0.845815346106335	0.818904410440557	0.840504594675164	0.8351855244716	0.821019745370173
GB000097	0.882102329032976	0.836797368751782	0.886700678666	0.834519963323749	0.847208758130452
GB000098	0.905389923076617	0.842154995395128	0.892172074749709	0.854621306216575	0.848270382638329
GB000099	0.87787785343746	0.866422451122832	0.871703474434227	0.869168390845582	0.872768444082165
GB000102	0.886456208208995	0.811263918145177	0.86241713541794	0.819603057348817	0.822458359336608
GB000103	0.908795705930377	0.657528384517959	0.89695806948318	0.674513100188173	0.676061307905377
GB000104	0.871459692555327	0.856930884481008	0.891203165893626	0.84362419337532	0.856089829679819
GB000105	0.837586856079449	0.829273793100964	0.856380465024529	0.82252951846638	0.828464910467162
GB000107	0.818752835547039	0.668400377571452	0.80181024732426	0.684700267092547	0.671063294296378
GB000108	-4.01620621367948	0.589734382583792	-1.41515445421395	-1.51510685032538	0.586866451743104
GB000110	0.898961281052996	0.873998107463022	0.923739661574535	0.897265573280661	0.874109751219332
GB000111	0.884560160835977	0.745868967620767	0.875038407646704	0.76240716508769	0.747493809155495
GB000119	0.853874328179473	0.750963881289124	0.839254212171431	0.760894747031464	0.753155554633587
GB000120	0.913538097616791	0.878405867680723	0.913896626305247	0.879757709244457	0.877954702971912
GB000121	0.895841058625866	0.864274935415503	0.891299125303056	0.868096117229803	0.867422685463577
GB000123	0.934620180619923	0.855881221851321	0.927798727468641	0.867521928599614	0.85706123939305
GB000124	-1.45924520087772	-0.468785334687211	-1.29752136481892	-0.676806308358015	-0.466055674815864
GB000125	0.933756277274774	0.771557801568555	0.930229371369952	0.788079934505665	0.789084772058879
GB000126	0.94966212357894	0.927593597149547	0.944686986424029	0.928869211292282	0.927549490763343
GB000128	0.943615591980446	0.9216957577283	0.947187806515709	0.917066697650775	0.921762183660018
GB000129	0.902871783031595	0.710905415165001	0.899583457098393	0.727256737746123	0.709111538548256
GB000130	0.928365117601176	0.850818092753959	0.925619415257539	0.860252459431508	0.85671681032536
GB000131	0.940925659979453	0.615460611163665	0.934662893314454	0.639431974440345	0.638615266739941
GB000132	0.918262529926011	0.740929553292588	0.910788284007623	0.754962920642278	0.747620585123001
GB000133	0.924425577439665	0.874332218904419	0.917335093647895	0.894498252664991	0.877812223147583
GB000135	0.913717193616469	0.814349925030695	0.90400081064326	0.833515491678009	0.813694853462192
GB000136	0.866414597758805	0.881972867808543	0.909204692099908	0.888288972733063	0.883960311663858
GB000139	0.596913677065748	0.892088179297621	0.848245770543415	0.741620733929804	0.893913821290056
GB000142	0.935646542591337	0.899579631373278	0.936083825021514	0.895924886183082	0.899875289447653
GB000143	0.878602233686472	0.887443023456684	0.89770827034547	0.87732433981265	0.889249486419092
GB000145	0.91833230691113	0.841754633605787	0.911166591363583	0.850704308893079	0.855122465126362
GB000147	0.89869740528349	0.910130624694049	0.899576636898432	0.907714299573029	0.908509617353129
GB000148	0.928999218094261	0.901402030487221	0.928564269467255	0.904277766591243	0.905678777588331
GB000152	0.93837881150715	0.915733118889486	0.940501016280058	0.920174390229763	0.917110063025958
GB000154	0.95418826214923	0.951352085408742	0.959065095386284	0.951338133682637	0.952318066756551
GB000155	0.927942925963266	0.879603480677715	0.928482670168127	0.891776664344109	0.879734915039134
GB000156	0.943803365544706	0.874923756173897	0.938597776391034	0.885615655569454	0.875668065955537
GB000157	0.918366197672198	0.841479616716827	0.905077457005308	0.859000567636502	0.849795925279841
GB000158	0.829337702544052	0.745763818791409	0.812751145421529	0.758596994593917	0.755728147136157
GB000159	0.878759609785743	0.863688590209388	0.885863398199712	0.862542434626914	0.861705396665531
GB000160	0.815001946683925	0.848995647317636	0.848850331755107	0.843218140711664	0.850505836287812
GB000161	0.888920020757983	0.887217941017005	0.906761276472525	0.893679239735217	0.889451670800865
GB000162	0.851476283518211	0.815747935120112	0.838826566911766	0.820252123962322	0.8117218076015
GB000163	0.949374830011964	0.90496909960537	0.94559239382673	0.911602462628253	0.908834721956981
GB000164	0.865770212838017	0.850395043089936	0.863968162106473	0.858402909945878	0.851854975980714
GB000165	0.879299530241614	0.839283930798355	0.883979738063686	0.84387874333199	0.840384842129268
GB000166	0.840678271862811	0.840434866901221	0.848235052558701	0.841018700584649	0.840527036262074
GB000167	0.897341883844515	0.899043689892146	0.900459308962587	0.906164969761139	0.899010627995846
GB000168	0.907451583960448	0.884857611793097	0.916648236145562	0.890838973141764	0.883871758491894
GB000169	0.267197635985475	0.768831932159592	0.751805470269418	0.664218475883051	0.769319349432084
GB000170	0.851893474360269	0.884338961770077	0.863262577906156	0.880799164512195	0.882530482449261
GB000172	0.828031556704858	0.83508964779507	0.855093567669642	0.834174562331738	0.836068455073868
GB000174	0.819080412920488	0.720023014996557	0.771910928482118	0.770125362755308	0.719907540731168
GB000175	0.899495222541593	0.862002749026141	0.899445419380806	0.860972065650487	0.860255364719159
GB000176	0.941973109681552	0.903933325986717	0.945984521249318	0.910901864303591	0.90499168473473
GB000178	0.897134032400436	0.881670611031507	0.909216662662387	0.872591013407321	0.882573676969944
GB000180	0.627850199832129	0.546648988879482	0.591423380374686	0.585887532034269	0.548623503121183
GB000181	0.786828827946036	0.798596971322948	0.817686690346399	0.788638526782573	0.800461805514575
GB000182	0.940649336565774	0.938233086314026	0.944901126634923	0.940042969846818	0.939233734769269
GB000183	0.889638434761047	0.883999013980826	0.899327861368059	0.895355987929086	0.886048496128654
GB000184	0.915981191327632	0.837383576756747	0.913813469854573	0.865212375732467	0.838973483608808
GB000185	0.820796427827646	0.724448169035957	0.801349661654061	0.752904640655092	0.722587436779522
GB000186	0.890656741530242	0.843004540312371	0.879460622082578	0.869091908600086	0.84362470777936
GB000187	0.93074319270071	0.875435255096971	0.925208129393266	0.889287503254082	0.87379857903166
GB000188	0.884398718886984	0.867276103137193	0.887099078798599	0.873711034459915	0.86819112536265
GB000189	0.908188878599159	0.860313471710519	0.916288259898429	0.873501736673287	0.862714519112597
GB000190	0.772484974881756	0.83710902809553	0.879418552278821	0.844458273385171	0.835804489002973
GB000191	0.856456546711067	0.838980235564491	0.868076961167363	0.843809124157891	0.835818775683018
GB000192	0.844740187407561	0.794658435778282	0.829762131414288	0.814493471601483	0.796602786546945
GB000193	0.89991120243169	0.882564375857844	0.919547428189291	0.889032049357324	0.882140153137323
GB000195	0.824207212143513	0.871429498728649	0.879524919319987	0.849410172068224	0.868305517740176
GB000197	0.916725346145292	0.859628469816417	0.915472367005449	0.872799934481686	0.873249652487341
GB000198	0.896147757056165	0.861791488305328	0.900042993259621	0.87034060423068	0.865957277729557
GB000199	0.744276840307875	0.733198273267071	0.745740451601898	0.740338093682557	0.738125108278792
GB000200	0.873444371228359	0.8596733069205	0.861471050161519	0.869622209994018	0.859301669032473
GB000201	0.876593056692807	0.817207315514743	0.870057711170253	0.829040047834	0.820830863256473
GB000202	0.903572549757069	0.875936218030301	0.903993289195143	0.885534982384318	0.877181791394269
GB000203	0.900524465196872	0.907312926497479	0.912115082744062	0.905738790360098	0.909584581853194
GB000204	0.903151932155587	0.904039607203423	0.913578083030563	0.903552656607249	0.903668299316944
GB000205	0.911537878690628	0.886063489909729	0.908042942278999	0.896876341328806	0.885940278035707
GB000206	0.901675940423698	0.881937352237412	0.912690904948581	0.882247205041986	0.88586742586917
GB000207	0.868475691332948	0.863867184805305	0.878628241819893	0.860114634699281	0.863194580996723
GB000208	0.875810092945628	0.882386139708903	0.910551844724108	0.85686754392569	0.881865102407567
GB000209	0.872980631183072	0.889562841210706	0.893814866573592	0.879372005385983	0.892362801544848
GB000210	0.901560720391274	0.884680789442728	0.90139327285821	0.894120535603329	0.884656544773557
GB000211	0.937791936328182	0.915980111345622	0.95026997797023	0.908295992573697	0.915942951575554
GB000213	0.888144730770395	0.880707616265375	0.90522850273664	0.872675685642897	0.880169619173162
GB000214	0.901979647272046	0.895451941370395	0.917046524189658	0.882681519618089	0.891828962688915
GB000215	0.685617069353649	0.833695307056951	0.841864775066017	0.796781959106446	0.831629598778336
GB000216	0.870556668743657	0.888329089927124	0.902459351596145	0.869314175078027	0.884436855511046
GB000218	0.883626982747529	0.862027102727266	0.887493288371167	0.864851920989513	0.864314275804939
GB000219	0.907021589164104	0.891008957456383	0.923626762370332	0.887618885704708	0.890058887936566
GB000220	0.790671003738558	0.774565567574448	0.787667973153469	0.781448256337929	0.772514767421263
GB000221	0.704114136530065	0.853916214418564	0.875139674283539	0.815912781920796	0.853374237102426
GB000222	0.854500901294748	0.850064741426372	0.865400451958656	0.846240647054693	0.854276296905217
GB000223	0.923774311150994	0.913319226298167	0.940517127502388	0.903806109156536	0.910715618712252
GB000226	0.788684660657162	0.815942262396822	0.850583354666733	0.787889552631442	0.815289062660413
GB000227	0.915041625639737	0.825363162224229	0.898444222750865	0.851330117166494	0.818092410913192
GB000228	0.907035476706769	0.859584243252709	0.894553356972897	0.877004324419448	0.859032681270915
GB000229	0.868622850842687	0.877001445500814	0.893617156873472	0.868554258897242	0.87782902633746
GB000230	0.827100027813634	0.793230157825802	0.835279689985087	0.797407218637231	0.798446543657051
GB000231	0.804539284104473	0.801264012166826	0.822087046128336	0.79632900755811	0.800627948222445
GB000232	0.732228255146364	0.736982129677394	0.785852492933092	0.721423363423057	0.731796065418234
GB000233	0.917185362248954	0.885291189716127	0.921674088918963	0.883722051459755	0.884854437013429
GB000234	0.91807683454731	0.853696074686613	0.909145158349164	0.864534850902753	0.859520551701043
GB000236	0.891275781982061	0.836175587148859	0.891808455327316	0.842244248805124	0.840812562716386
GB000237	0.802511686725863	0.812627089301081	0.865666370964028	0.810007892425412	0.812141729055126
GB000238	0.686280943969064	0.837598308591812	0.894744799388698	0.817813913576644	0.835909846342207
GB000239	0.78264082660495	0.649848742766636	0.745611438767966	0.663707942043856	0.664491033183059
GB000240	0.910491260332509	0.867138144881912	0.904663545349391	0.873967726448568	0.867144141565697
GB000241	0.888607805287698	0.883975596170192	0.902094267345784	0.871200103088765	0.883407341892358
GB000242	0.911899017826911	0.904395171378832	0.925835078666239	0.900377531632583	0.905199620432759
GB000243	0.855297644142833	0.804507555225784	0.843302748434904	0.818103380551712	0.803959522025505
GB000244	0.822520459809	0.808972307500743	0.840039109452232	0.815847009459092	0.80806683434244
GB000245	0.898566346971765	0.839438495571749	0.886918136331976	0.859040091017113	0.838010001533145
GB000246	0.558973437307195	0.493321332709605	0.546137966156632	0.509763948100111	0.495381672015316
GB000247	0.95752172372905	0.932770866696062	0.955100771845655	0.942287085996503	0.930201019398363
GB000248	0.903256870585319	0.858696104340369	0.898204661909098	0.866139473343575	0.861505425298938
GB000249	0.917882519447197	0.89758005430466	0.92923899465279	0.893740814237529	0.898049503654921
GB000250	0.940768263363488	0.920166936250014	0.946192286156534	0.926356665469669	0.922313832865797
GB000251	0.921463112694306	0.861077667017471	0.915598715079768	0.877306460855025	0.860280467179161
GB000252	0.900529220090206	0.85334514075445	0.901543287215811	0.86205432902944	0.853290937214853
GB000253	0.89876514622025	0.876006246618529	0.909639291904019	0.884597534529161	0.882052788316514
GB000254	0.874052885418777	0.839954768206365	0.861327239579996	0.853904833658126	0.841402637389996
GB000255	0.873639653597822	0.867039944889589	0.874636437258404	0.868094964297185	0.866003257983148
GB000256	0.912606762534543	0.867865677578053	0.908818767683929	0.879612253635926	0.868910478662399
GB000257	0.799018450019017	0.768152650631869	0.790218520566189	0.77449358188011	0.771320324482648
GB000258	0.85977341940904	0.790432597530915	0.861909677154293	0.789509344293206	0.791450309253309
GB000260	0.899077715351688	0.888324182313669	0.911226215091637	0.899491097491616	0.886459715936368
GB000261	0.819108705027102	0.829855813056977	0.853855331117084	0.810782654272849	0.830106261590304
GB000262	0.796536000023992	0.871984456505682	0.80134764066364	0.870128884173931	0.872052522067575
GB000263	0.585109517422381	0.63684450018349	0.652855895162638	0.60619573239986	0.641839718002217
GB000264	0.887455897733261	0.892466535604583	0.896518928898252	0.891388930970603	0.89335926405788
GB000265	0.388820945036715	0.902114785406099	0.917766606675967	0.648456801436915	0.903999096463759
GB000266	0.91929624781396	0.906845994401408	0.918978079042777	0.90894219590632	0.904034469740146
GB000267	0.82085988891622	0.853972135353157	0.84488883751439	0.839128442584379	0.854443980069152
GB000268	0.911902656912433	0.900012471318629	0.922496345964777	0.901150498090039	0.900579181085497
GB000269	0.664832243572533	0.712638010976448	0.738381997755417	0.695192709494822	0.706404086819469
GB000270	0.806093990411551	0.822694646745624	0.855980444722506	0.807053810931587	0.825403895394011
GB000273	-2.88068184547914	0.774141875561047	0.240125266058403	-1.73113810114327	0.763789179250993
GB000274	0.825574371459298	0.751397306801723	0.785376138668626	0.806038024828798	0.759406130642381
GB000275	0.931694176704147	0.95736692756232	0.952963135098835	0.953153693615262	0.958079710997287
GB000279	0.536708167516025	0.831223101131959	0.895875864301295	0.757302388819285	0.832452521584605
GB000280	0.757604106674804	0.664274718674384	0.690461175621579	0.737253972287306	0.671596971771999
GB000281	0.450288723106954	0.905703108690018	0.921961909555919	0.834561886653018	0.898049081923896
GB000282	0.906448244321261	0.917300735293841	0.920990037359061	0.91961568040216	0.90972728184076
GB000283	0.933032546506749	0.926697952176582	0.946929159221971	0.92057143750051	0.928026225792866
GB000284	0.779666726761599	0.785949046780114	0.78097920111951	0.783043615277032	0.786303327213605
GB000285	0.928043763059428	0.933702037255314	0.941805129237249	0.930293001087584	0.936111143478819
GB000286	0.978071398354238	0.854718399619328	0.967682813919127	0.883501798094898	0.852905818789375
GB000287	0.917309064064379	0.905506874995149	0.930621497540876	0.898840526885523	0.905234143067205
GB000288	0.935093093961971	0.890216705270219	0.927402127782759	0.904171943140095	0.890687908137919
GB000289	0.815503098780185	0.893831631542559	0.89693753352823	0.887169923949147	0.892139027564424
GB000290	0.909860979249857	0.917446923155876	0.931353004562832	0.91989813603274	0.918484171858208
GB000291	0.468681067240998	0.855883997798232	0.852435203178992	0.756104365165555	0.856511123901642
GB000292	0.46794675256397	0.882690608153482	0.888975983263806	0.790877391048075	0.881847650981212
GB000293	0.819978685561165	0.86715421055812	0.882850134622581	0.872425443581702	0.864308499262473
GB000294	0.947655635819398	0.937223952339106	0.955245992557404	0.935985154246421	0.937064129155378
GB000295	0.532980708037449	0.89207745442117	0.848985512708627	0.86327790363955	0.89265456839356
GB000296	0.341431071736016	0.79726123892904	0.803803572189258	0.747275070023967	0.799415609636861
GB000297	0.475759519699191	0.930056971154835	0.921395047636479	0.905410960677235	0.930103175067557
GB000298	0.9128262950064	0.908925329004907	0.923027218861566	0.917295037655104	0.90864780975035
GB000299	0.895342372668991	0.883036616338141	0.89990690275908	0.876187360194882	0.884462040818125
GB000300	0.904794702441458	0.900486213702146	0.911120872426546	0.899365102945591	0.901096377847638
GB000302	-0.0872665362121168	0.720135015331299	0.718513863954474	0.20599954853773	0.713992869394552
GB000304	0.487108077762977	0.914154026754247	0.926926954886404	0.875584686853664	0.920801944775482
GB000305	0.902800675461697	0.821433069346567	0.868715846528897	0.870781326312202	0.820315869439547
GB000307	-0.773546899541266	0.805960880885151	0.482460948246483	-0.103155770191204	0.806773200977479
GB000308	0.951051655339721	0.917608859952633	0.952932642745049	0.910730422807565	0.918063439948585
GB000309	0.828962045256149	0.714731681089453	0.77475630032537	0.772994035979069	0.71475532931728
GB000310	0.653640296544348	0.91991205826323	0.9480914946259	0.914394433969935	0.918745011808164
GB000311	0.811998213412247	0.843802193267297	0.858807673823306	0.798865561791618	0.839617406405283
GB000312	0.785543941756636	0.6040223691407	0.762414423479838	0.640260266186427	0.599509646936773
GB000313	0.0166411967794392	0.876933891696997	0.863955429456086	0.622354765436357	0.871602018745874
GB000314	0.961108522678235	0.946808556396289	0.960652793384057	0.945884103697705	0.94852696221125
GB000315	0.943173170255174	0.850618225212312	0.94780721237003	0.869242160498578	0.851768387727768
GB000316	-0.542078792587083	0.889867513508017	0.888610330407332	0.0433220268111902	0.889753151683922
GB000317	-11.4502468031395	-1.55619834826743	-6.05874053951454	-6.84084197782548	-1.63217621237724
GB000318	-2.72379044650504	0.862955896473905	0.808838845136779	-1.42401564604554	0.866891878946071
GB000319	-1.062539521151	0.913695056996181	0.64059665608573	-0.173004267059047	0.914688461615336
GB000321	0.914515182233743	0.93383221937606	0.930304109377938	0.932079098002673	0.933030150243109
GB000322	0.950347272628981	0.942311357175756	0.9649559510372	0.946800106728089	0.940922362049301
GB000323	0.9422956630535	0.913665861199942	0.943821997555893	0.91343440595099	0.913619072321474
GB000325	0.899074982638535	0.913231762169808	0.930774189260601	0.918232180351878	0.915773049767626
GB000326	0.905915316014458	0.887183594790655	0.922707055201341	0.88056153622245	0.888728761883002
GB000327	0.671841233425653	0.755775815035458	0.749883246449117	0.717024965958196	0.754526551762092
GB000328	0.909377786098255	0.913205818503979	0.924132008845768	0.915462640635071	0.914302011559608
GB000330	0.894901082761564	0.892703820153382	0.917792973744558	0.879691546658094	0.892730151151693
GB000331	0.927380095561101	0.923164940220331	0.935400172601029	0.911801546491027	0.923407984999694
GB000332	0.347963739513555	0.920135389101785	0.916054804288654	0.603963712190606	0.915806717459816
GB000333	0.84779750258282	0.856310733934498	0.854490631898972	0.852226430192595	0.856177907416304
GB000334	0.614063578906329	0.799814157399488	0.8122791869816	0.766912771911383	0.795062591396849
GB000335	0.852208524089398	0.885306176614465	0.876193703809831	0.892389109237244	0.88981747451267
GB000336	0.809187260041597	0.892977312965917	0.900813809997794	0.885426238673018	0.8920076805422
GB000338	0.885784161803641	0.87354690886515	0.882224986782391	0.886897569927969	0.878979178164001
GB000339	0.864294074444981	0.877169199246799	0.882454365842807	0.876695933050793	0.879404827120642
GB000341	0.817972217004743	0.882760999738121	0.929932974701074	0.895186219801005	0.88207931377606
GB000342	0.895468253207342	0.802186780288901	0.869804247707463	0.805715139437176	0.821970427355343
GB000343	0.915265775349545	0.893085870916354	0.904236116419617	0.899902414747703	0.906820490829009
GB000344	0.943284949442014	0.912882547211139	0.938143830197482	0.919542852079464	0.917621888480434
GB000345	0.695682246941525	0.647023885738008	0.667893340091071	0.678651154934093	0.647537254405675
GB000346	0.900515642578973	0.891596670326697	0.920344883204586	0.894555549774845	0.894787086883748
GB000348	0.937267155853481	0.900352299078703	0.939991912452669	0.907466315587418	0.900944064358357
GB000349	0.883908362812896	0.841751968406154	0.877439890468839	0.852607498235857	0.843996842572956
GB000350	0.744077358687132	0.873396359164164	0.874868661429138	0.862797045320431	0.870442987231079
GB000351	0.911410942778539	0.84426850697313	0.91756018020163	0.852140381202361	0.84555272940909
GB000352	0.883876461326735	0.74267188674054	0.866452033673724	0.777352767740568	0.746705281060692
GB000353	0.898009888261488	0.897648139822262	0.894760304272102	0.910880433585485	0.901569682716043
GB000354	0.842256076324647	0.835242487641378	0.859801439758686	0.834682305470943	0.834919058895906
GB000355	0.901604421637464	0.900969939291458	0.905991782373876	0.907074885407366	0.903541706923533
GB000356	0.897268182444652	0.882830638671569	0.900269659268156	0.893870410141047	0.886371789740277
GB000357	0.887455841675563	0.844765393488908	0.897862746571698	0.868413545709996	0.845703267023459
GB000358	0.880142379168839	0.833385569373345	0.901491273637737	0.834983263560926	0.834084946477302
GB000359	-1.3482641295872	0.845093305849116	-0.375847343251656	0.239530112077442	0.842989769543922
GB000360	0.858578435513384	0.644820297537834	0.839547071823755	0.705095771265491	0.644063568262047
GB000361	0.879042382998253	0.789963395132867	0.882426967119275	0.79948256674584	0.790371441171325
GB000362	0.752005372329364	0.844314937534275	0.81865057632608	0.83536200257181	0.845760456027127
GB000363	0.90241614311095	0.894821585237463	0.909496468790855	0.898751342120227	0.895677168938319
GB000364	-0.155250489799954	0.816260284829979	0.610372407016738	0.622989599596069	0.814678990491554
GB000365	0.891426189684435	0.87325147457446	0.903393455027553	0.880614237588359	0.873900382146835
GB000366	0.91409866026527	0.912716908233044	0.926744081252051	0.906244939124195	0.912478951427078
GB000367	0.915991194841456	0.899953899610393	0.971235184875535	0.92323153592327	0.90264147340242
GB000368	0.618314323150073	0.916394536169844	0.930886304031974	0.911090510624314	0.917278895379348
GB000369	0.954383215042535	0.866566879856803	0.952264668382999	0.924835135708352	0.879429496347681
GB000370	0.710200796031815	0.869946718820301	0.87153178714825	0.86190674842492	0.868792297406196
GB000371	0.944900762551597	0.798245236809832	0.922983762402419	0.858193586748397	0.807549878951553
GB000372	0.866749596292849	0.840906917952297	0.864608151952995	0.844123662778403	0.840425984139518
GB000373	0.93227441724625	0.924125450237649	0.933913367183165	0.913501542745546	0.927505092233115
GB000376	0.966039064112788	0.943266758036382	0.968090403394773	0.953106179240262	0.942235665481855
GB000377	0.933731141227553	0.916668107162248	0.942715557539098	0.922422404566651	0.916445650948879
GB000378	0.950574254491513	0.924571500213334	0.955389851591691	0.935595762420015	0.924134994287177
GB000379	0.733831028228999	0.949608942971212	0.933298469953424	0.93226708271318	0.951337320367378
GB000380	0.939306388335278	0.906785551830443	0.948629360432853	0.918793953780942	0.906043122891865
GB000381	0.903776822314922	0.894022686966946	0.909315861367231	0.885285686355315	0.894887947004636
GB000382	0.929521603643512	0.939996074303595	0.956071739164159	0.920332314392689	0.939128594484063
GB000383	0.944633774010426	0.951577100521269	0.961781282631419	0.958612936049332	0.95151525176963
GB000384	0.94006160521267	0.952114422323465	0.958104009739561	0.948524050846997	0.951735707313804
GB000385	0.918414548306056	0.852480382886601	0.941314453362695	0.861580502438471	0.85691268478105
GB000386	0.901033136924058	0.894845561202045	0.956342587640851	0.906087696925671	0.894297350141676
GB000387	0.853241879515074	0.831147768064047	0.946909538789191	0.855423526565599	0.833201529750854
GB000389	0.859960452109531	0.789246479292058	0.872589925283778	0.790159159511841	0.7883423406376
GB000390	0.962168363947778	0.862455316908557	0.95970051682744	0.874028414409758	0.863022612960047
GB000391	0.908359796463909	0.927342221487323	0.911340149992825	0.930429747576001	0.926900841135866
GB000392	0.889777439031958	0.80787949578324	0.893752486288432	0.837166530592251	0.810278490752095
GB000393	0.888113214226233	0.917263573648039	0.894275884474016	0.919388963718063	0.917199721823819
GB000394	0.958104659016958	0.810769509656841	0.954861435501304	0.820578265077295	0.810748940488417
GB000395	0.928156677077013	0.885994936344457	0.924307591517324	0.827510544773596	0.886038784994662
GB000398	0.945122253391263	0.610097731717298	0.944068075265308	0.626742781513814	0.614184730349673
GB000400	0.963501839922258	0.87192031536242	0.962784677613263	0.876952516422979	0.872851270109881
GB000401	0.95338761468418	0.714114979255745	0.953272248525861	0.72105565463011	0.71523206776896
GB000402	0.918229577002637	0.809857077576604	0.920311246786113	0.811220228767943	0.807859678344932
GB000404	0.974145457737088	0.809893406143562	0.974480743033052	0.816163710761228	0.811904376002707
GB000406	0.930957570376627	0.645660260598532	0.928336334954469	0.656500322272038	0.646526027631946
GB000407	0.927872283457677	0.879835123341182	0.926085383893784	0.885156362032739	0.881560908211303
GB000408	0.948616577738622	0.918294381405057	0.949035586406765	0.913763304701081	0.918430328855626
GB000409	0.92753788688429	0.827759873639324	0.926759418885857	0.831066351337454	0.831725025441688
GB000411	0.876138925493294	0.89697991185561	0.916106693062363	0.897025439100158	0.897728034215905
GB000412	0.956948282868688	0.902595052659315	0.956374629536863	0.901756908436081	0.90292863545894
GB000414	0.944971859555236	0.935765756181063	0.94344375606853	0.933810062571125	0.936653192458276
GB000415	0.960554851253843	0.942863093666154	0.959832220585488	0.944041162350461	0.943419340845319
GB000416	0.94791152342213	0.844941767784341	0.947404930990201	0.854178318049484	0.840672212704575
GB000417	0.963026765903712	0.839702138579017	0.961333243626907	0.853133905206847	0.841858952343418
GB000418	0.941181835899172	0.880740423485642	0.938930181879196	0.886078006764968	0.883030273987906
GB000419	0.940071259987261	0.879832849495813	0.937948193591674	0.887762350397598	0.883279105422263
GB000420	0.941720778169281	0.814945987720632	0.940309835040489	0.825372327097987	0.817724888412563
GB000422	0.94982966799185	0.876548239595236	0.95271128258945	0.867211979548617	0.877159168848793
GB000423	0.9121179981587	0.875319407974711	0.913384126854535	0.88569459181167	0.876034871469297
GB000424	0.920075925631633	0.915210673711954	0.924438583878153	0.910024886271576	0.915656514293909
GB000425	0.877358029831322	0.881594071955685	0.897309681774332	0.885432053002776	0.881843561553967
GB000426	0.898392482658196	0.696349326675942	0.891077727672107	0.735791811495744	0.697746853514191
GB000427	0.942288694757304	0.79238308905831	0.936004519673835	0.832531005784539	0.789722400168991
GB000428	0.922759015771936	0.852333114370059	0.918973121753481	0.865633257571554	0.850282563496644
GB000429	0.920391078222331	0.872167257890739	0.919877339506859	0.873766376441345	0.872054152109256
GB000430	0.846781686831227	0.831474477201188	0.841497330502881	0.846690114430658	0.829254972833241
GB000432	0.9530845738916	0.864867076456955	0.953049051112774	0.888079863998973	0.86610115578993
GB000433	0.9403019847104	0.928690140304423	0.944380507205021	0.935209809145992	0.928226715527315
GB000434	0.913909865664171	0.894727267423413	0.929743515189138	0.903742930762059	0.893649617009778
GB000435	0.950936592770261	0.930969805719555	0.952691749754727	0.938117453056824	0.930469304480569
GB000436	0.966568197750307	0.818461872529354	0.966992014680317	0.860695802114862	0.819746477266251
GB000437	0.923490006271003	0.879640244547639	0.915239992456447	0.892205520652466	0.880988517872082
GB000438	0.916442980054861	0.918923985341409	0.926559173152049	0.925550636742931	0.917368976212185
GB000439	0.97290932649803	0.927362951922746	0.971543620102814	0.941250981355272	0.927704235112145
GB000440	0.963200682787867	0.950258019016177	0.970517243365469	0.95584322842154	0.949408291310031
GB000441	0.968725709339019	0.933095777523685	0.971849631510372	0.946877538773326	0.933847045047115
GB000442	0.972189543232528	0.822132213122544	0.961469915560625	0.852700981667131	0.82303521613135
GB000446	0.921106831582342	0.849169986623602	0.910956715497998	0.872518997944689	0.850583240108356
GB000448	0.873139356265705	0.858393566353287	0.860799470355767	0.876980293051496	0.861142044778494
GB000449	0.969883019377402	0.91636977897276	0.962682975225952	0.922995418687093	0.917343666676455
GB000450	0.885094393118291	0.873822771335778	0.896349670431889	0.872894136479116	0.874610536696632
GB000451	0.908437315992407	0.914715149104784	0.923925927704498	0.906914627305738	0.914894677577037
GB000452	0.719998509900603	0.686307227243127	0.695184756725956	0.709544472195766	0.688270155510634
GB000453	0.924815027147684	0.932201766224027	0.940278598348411	0.928596248384289	0.933550001157533
GB000454	0.873856681549827	0.824387931261644	0.861563981414679	0.846189658933829	0.825357733350536
GB000455	0.942848640105154	0.841838768069268	0.93847163149155	0.828391625578854	0.843221271319774
GB000456	0.949537309665113	0.921668006264523	0.947812032215436	0.933023510736451	0.923625684990682
GB000457	0.922588149466725	0.915376850603387	0.941218206391714	0.904573419595459	0.914382155129295
GB000459	0.703818127371885	0.847480670002356	0.893715036335759	0.78054483293882	0.847498458023412
GB000460	0.946126910324212	0.891231448841342	0.947760218703433	0.82875479341418	0.893298172779869
GB000461	0.962464242624021	0.9129397328076	0.962095716405983	0.932169997385245	0.912825691425856
GB000462	0.951240866251154	0.93513189715721	0.951966372963654	0.936822230771246	0.935737526784152
GB000463	0.966732776075996	0.909675032990117	0.961102522417024	0.917627591139362	0.908779862115068
GB000465	0.899339830020307	0.787127299585668	0.872609286564087	0.808714908600401	0.788915117328088
GB000466	0.865188963899335	0.898964081974604	0.889723303020645	0.891101218680688	0.89805575523697
GB000467	0.967109061059529	0.923239784524051	0.966522481813134	0.929577832304293	0.922806792762649
GB000468	0.858209771708561	0.857736145602573	0.873813426141065	0.848387761897298	0.861402370515518
GB000469	0.867573022997921	0.795676001810144	0.833799883460846	0.828101253418996	0.79687905545565
GB000470	0.926211958219298	0.869245043895663	0.911208204449531	0.889734025003029	0.86969415391949
GB000471	0.90477458596001	0.905170010115077	0.918656633504548	0.902271207727223	0.906127151580552
GB000474	0.805958750362632	0.819335155139949	0.801830031810087	0.825315926112278	0.820067866288365
GB000475	0.902500419985885	0.805729920229068	0.902123541491608	0.813669047166468	0.804125898493508
GB000477	0.888618238899045	0.867694898029547	0.903177224130244	0.862481638564071	0.865866192543298
GB000481	0.959142112872995	0.929630259045405	0.956665249046917	0.933096619727914	0.930105317558744
GB000482	0.969229389368157	0.933287268783181	0.965428212944656	0.937383582817767	0.934180113234665
GB000483	0.941912523401973	0.895046993125937	0.940148440439915	0.867130969749462	0.897706147597659
GB000484	0.882849292210775	0.867886532272259	0.904216529308214	0.876875913189754	0.86972212313955
GB000485	0.955247556594269	0.91633843487251	0.945015528018179	0.924569628197647	0.916014794574901
GB000487	0.93983201938193	0.88355237447604	0.938989542770871	0.827200937290435	0.885008755440453
GB000488	0.941270885782012	0.857874077456531	0.939906891606654	0.865368943259784	0.857047320990349
GB000489	0.926627250117756	0.846284815402302	0.918344653698858	0.852829259200035	0.848505518583361
GB000491	0.958338430493956	0.807713661116801	0.957672464988594	0.821354930543881	0.811286401622186
GB000492	0.962515501607359	0.658684233836248	0.962104200570463	0.680468763862901	0.658809603748859
GB000494	0.928984734964355	0.894483167535033	0.928496096640909	0.896507926295107	0.897957514953154
GB000495	0.955076336168034	0.945518027952616	0.952578826575986	0.945645563979592	0.947506453193471
GB000499	0.879121716486125	0.70465551843574	0.925784018131935	0.718908451448958	0.70772554800232
GB000500	0.948537022199107	0.677062676746318	0.947978720592949	0.701603893566361	0.676438621166268
GB000501	0.935371195001566	0.61275723974779	0.932508285928382	0.636142123466623	0.613535682819922
GB000506	0.924446004121227	0.773911660143661	0.924518885126322	0.79258991347652	0.771187569042298
GB000510	0.907324241781121	0.612424896540428	0.901479874484489	0.624201503075879	0.614112622811063
GB000511	0.895354211501556	0.562693036442547	0.896490874789193	0.561992386328279	0.564624399034903
GB000512	0.884559478868238	0.754839907432212	0.878367200919977	0.771826308054354	0.753007847603919
GB000514	0.967061999806197	0.743183954287923	0.965145223170309	0.756619030455218	0.741107009415468
GB000515	0.924125503167052	0.811798433233729	0.923508229014461	0.822872837186758	0.814568385434763
GB000517	0.929587934226534	0.845828041975292	0.920376980041877	0.796414797351465	0.857490115712974
GB000518	0.899377230515496	0.649295258143385	0.902948014467516	0.646210733202072	0.650411056672918
GB000519	0.935975994449471	0.637050638784066	0.934998572690031	0.635620112445655	0.639998368494854
GB000520	0.952680198833737	0.747168141031505	0.950146098771106	0.757157419033693	0.747093904370007
GB000521	0.93065313266744	0.898811507377307	0.922664299440814	0.907467562689277	0.896871157846504
GB000523	0.925376522976556	0.681667911963091	0.914726076548678	0.700807597286503	0.677198140971942
GB000525	0.950626959667477	0.873070937035297	0.950231160807782	0.879864505069976	0.873084506155911
GB000530	0.920046685353107	0.677010480138236	0.916565662762433	0.687805291609123	0.681634743099484
GB000532	0.965749262226062	0.941547005483233	0.964554620969933	0.933813671478613	0.941385839156446
GB000533	0.915991305816829	0.881863313624279	0.934023487372012	0.877180001432984	0.880589342169861
GB000534	0.945885633235203	0.88869821628833	0.946038558583262	0.820305701570359	0.888875222992678
GB000535	0.915513950823685	0.836816990980367	0.911150659550639	0.849576763983096	0.834282808993739
GB000537	0.965635707465118	0.824500233114997	0.962252561706692	0.843806064994523	0.826156840868998
GB000539	0.672671915961234	0.822411814668254	0.864283007292208	0.669334556297975	0.822481313570485
GB000540	0.921957626071519	0.808051668104551	0.920232695118557	0.817119165342469	0.807606833006587
GB000542	0.912788028010435	0.700566780554497	0.904485837229857	0.713017115112685	0.693954978142622
GB000543	0.897334394320823	0.853200589870487	0.903977307443121	0.854658962617215	0.85415527903594
GB000545	0.933780352958897	0.926188024766863	0.943379241937026	0.923011861485027	0.925799474482969
GB000546	0.93770590444246	0.916645567497249	0.941046074640103	0.91330394424574	0.916950124353882
GB000547	0.865087846642862	0.859153715786244	0.878459660692361	0.852316185244353	0.860730262332019
GB000548	0.921820516774629	0.906339146240214	0.921787237654787	0.912978774505254	0.906183616363734
GB000549	0.84604794494278	0.789881014515986	0.853920315273695	0.782641749173279	0.788611004381264
GB000552	0.933575194637108	0.900820070675844	0.933611241330249	0.899123671403933	0.900577573091986
GB000557	0.914729140834322	0.890171008124329	0.913482571734583	0.894169142693513	0.890176135839265
GB000558	0.917101419527367	0.890176821247247	0.915639978016372	0.89187715243958	0.889896009952537
GB000559	0.761581759327974	0.65390358625677	0.728734363569693	0.687985909582831	0.654745665875941
GB000561	0.877384340304944	0.777494359488705	0.824082642619116	0.788812000185232	0.818504993359114
GB000562	0.889191304503474	0.76397614977605	0.864753782054653	0.775272236663423	0.790545435794147
GB000563	0.894933298009047	0.728666138521924	0.895540382929084	0.753731782507555	0.733801232499197
GB000564	0.89387852512112	0.635915651733838	0.87647632578131	0.664106761150777	0.654717470768534
GB000565	0.846190961716492	0.591710225217716	0.829020294500668	0.607481472372507	0.606624540472082
GB000568	0.93899313601249	0.901809342347328	0.935241465963435	0.911465884308121	0.902606046285647
GB000569	0.917364713672336	0.832699412413948	0.923168127514261	0.850843554024747	0.836061074259904
GB000570	0.916464201564356	0.861498652876061	0.908814997130436	0.888074631359622	0.866190568287735
GB000571	0.912869213739982	0.869159955910337	0.911249994946756	0.885165195621957	0.871197499523201
GB000572	0.932242496667603	0.851744865037158	0.929516166462937	0.867986194732804	0.859107599005012
GB000573	0.900385017798452	0.703291608176043	0.884485720262351	0.72451741442924	0.708975876123778
GB000574	0.844187038729133	0.860947505400975	0.865642237070926	0.862036225618093	0.860620533930964
GB000575	0.904735347581537	0.883315411970966	0.891420267985065	0.883298963399362	0.88617663061143
GB000576	0.898339615175826	0.841815664354545	0.904520818491504	0.838315631695075	0.840553739434524
GB000577	0.920322041665629	0.71039886694703	0.903334505244963	0.733978313318492	0.711069106943583
GB000578	0.945330038096899	0.826412666071139	0.94225754330043	0.844928959010201	0.827286353759643
GB000579	0.936946937689926	0.706851493209047	0.927298326608057	0.723360506021268	0.711017954371405
GB000581	0.954120313943138	0.870111243313421	0.951908339151049	0.885471327728765	0.870412796198008
GB000583	0.886596103909431	0.811969550733296	0.88579744633721	0.804760107678499	0.813240093701033
GB000590	0.939416620403459	0.855152915414984	0.934829024541772	0.82813128350996	0.854111658488449
GB000592	0.928605778588374	0.941370825475045	0.927183459600999	0.940394040030103	0.942539506998752
GB000594	0.884518442133199	0.898797451321257	0.865714004666719	0.907691535011948	0.90299226188692
GB000595	0.872891258392003	0.843459110427725	0.882603723418053	0.851474411997623	0.849403707997315
GB000596	0.907211816275035	0.640971326145871	0.88720459726742	0.663442820225785	0.659765592261868
GB000597	0.931286734096426	0.897193811155374	0.928893239565746	0.906638230886674	0.898324532441821
GB000598	0.899273815010159	0.823058058015544	0.879532207655455	0.843502125598873	0.830523292935347
GB000599	0.917513798983073	0.842747513637305	0.917024185652407	0.851024707744166	0.841441262106628
GB000600	0.945447023306349	0.924000096107326	0.940945527055307	0.928390425663071	0.925220942171759
GB000601	0.878552399191644	0.80302585845849	0.861038074294354	0.81733115383179	0.810616060539824
GB000602	0.93699638107416	0.896071956926318	0.934408570239295	0.904320415416762	0.899931627026246
GB000603	0.935530281426674	0.917601216395999	0.932879559256095	0.919976573719439	0.91965360929192
GB000604	0.918370102343475	0.825500523297629	0.914091347035705	0.834650086371735	0.83282266558762
GB000605	0.930724208363686	0.835315921091495	0.927713646273677	0.848907063337267	0.843152957476009
GB000606	0.931062548904179	0.897016127350664	0.929446811299547	0.905297504344767	0.899844286253495
GB000607	0.936283871182247	0.90714330248481	0.932839217114453	0.912290235125531	0.913713728077351
GB000608	0.920123998989127	0.906681102296485	0.922176642873268	0.906786574441359	0.907496439180428
GB000614	0.880485834930935	0.715736626694233	0.842736521689511	0.742241447251978	0.740702475651158
GB000617	0.889162161137454	0.829197700167726	0.854619428947876	0.830803949885762	0.858412891888675
GB000618	0.878032297457296	0.693503087836147	0.844545661345402	0.709270290544526	0.720532241256973
GB000619	0.858469179888818	0.787989852106675	0.817755901153993	0.797659650934968	0.822997786858645
GB000621	0.885781958961008	0.622376167370815	0.878750942871844	0.638078988261729	0.62930387241274
GB000624	0.889331415959645	0.68866288324885	0.888974292099835	0.709278499222574	0.695761511642051
GB000625	0.890189475441054	0.789573649992654	0.903286644260687	0.79899660521274	0.794636391733703
GB000626	0.847399881649158	0.758302727552977	0.875583205522975	0.768955193204683	0.763175709801186
GB000627	0.869044047256786	0.831337068203877	0.864608108026347	0.835480916030996	0.836722391762019
GB000628	0.862753122117425	0.862322786247433	0.869277432340464	0.85689910021377	0.865200444753375
GB000629	0.892690192578984	0.865744667077297	0.891027398104154	0.867374215306142	0.870444359073046
GB000630	0.910726546927171	0.816088134651834	0.909422132520441	0.828373917484714	0.818631446174822
GB000632	0.918130036262708	0.832966568127609	0.914853891989849	0.843584189975052	0.834920887883395
GB000633	0.89615554253966	0.818007418818302	0.895190658768151	0.83407452256269	0.822826742845683
GB000635	0.94174850649449	0.935419655226069	0.939420826550976	0.935761831158658	0.937250568811934
GB000637	0.885964879366296	0.747764143661517	0.876354991273231	0.764484315967901	0.751970136166115
GB000638	0.902415939558178	0.858426016219703	0.901767641288104	0.862842867068784	0.863469892310424
GB000641	0.918286366190591	0.814803861508251	0.916055721755757	0.826601748768081	0.816853071682531
GB000642	0.886164344470391	0.881986398261161	0.88354810166079	0.886981188113096	0.880782932644508
GB000644	0.941048062189279	0.925841960915642	0.937823242507349	0.926351652694093	0.926196346088117
GB000645	0.878825060214535	0.895678561829768	0.881936157841505	0.897787915115927	0.896672192856675
GB000646	0.90857028960741	0.70564248444956	0.897289706020737	0.731366260955336	0.711711668091459
GB000647	0.880277832636418	0.877712913979147	0.880336396722431	0.869554796476039	0.87951568344486
GB000648	0.893822118753432	0.72265533544354	0.877265391616747	0.744609488482653	0.727514494874552
GB000649	0.924186518559407	0.792660937903116	0.923078259486715	0.812046322553915	0.795940574836608
GB000651	0.898684843586583	0.847157539340051	0.886946747057131	0.862681753727621	0.852751833905528
GB000652	0.905759344624529	0.741757937573526	0.911254697727244	0.761270196550584	0.761684503493395
GB000653	0.891012697065971	0.759024935113296	0.881737634119118	0.775846081380054	0.764300453746982
GB000654	0.814585460223059	0.731420506535145	0.815874415978688	0.737646662846341	0.732844765172643
GB000658	0.777226152038825	0.775793151667426	0.806620099633907	0.788433535289234	0.78149729707037
GB000660	0.909296429237614	0.77039040491614	0.897420944927147	0.783175754925778	0.77894688308983
GB000661	0.892553176609755	0.681843011265804	0.884207310448473	0.698385164603725	0.694549132017358
GB000662	0.919729681002443	0.803377029507892	0.902260381048968	0.809777714824239	0.813835379120644
GB000663	0.881974663111457	0.655763332534429	0.853169819709227	0.688628615718058	0.707079882180023
GB000665	0.924506472588307	0.753328183088708	0.91488832454093	0.768491648678072	0.762375012459531
GB000668	0.897871711677689	0.739941752870252	0.875702645730398	0.746210810494175	0.762590878116181
SE000014	0.924360176304854	0.928000992109617	0.92103537790305	0.913352372187434	0.926493963654466
SE000044	0.930093403088956	0.936320158296935	0.936274983759567	0.937125261156135	0.936555012257496
SE000045	0.810975396276643	0.816672217679921	0.820527200322484	0.788609750456707	0.817275146241596
